tree
version=v4
num_class=1
num_tree_per_iteration=1
label_index=0
max_feature_idx=54
objective=binary sigmoid:1
feature_names=zone_area_m2 warning_threshold critical_threshold people_per_device_configured device_count estimated_people estimated_density neighbor_device_count_sum neighbor_estimated_density_mean neighbor_estimated_density_max venue_device_count venue_estimated_occupancy intervention_active ambiguous_count stale_count missing_count valid_observation_count active_device_count coverage_ratio uncertain_ratio time_since_last_valid_reading density_lag_5s density_lag_15s density_lag_30s device_count_lag_5s device_count_lag_15s device_count_lag_30s density_change_5s density_change_15s density_change_30s density_slope_5s density_slope_15s density_slope_30s density_acceleration_5s density_rolling_mean_15s density_rolling_max_15s density_rolling_std_15s density_rolling_mean_30s density_rolling_max_30s density_rolling_std_30s estimated_inflow_proxy_per_second estimated_outflow_proxy_per_second warning_margin critical_margin critical_margin_ratio neighbor_density_change_15s available_history_seconds median_density_15s median_change_15s rising_count_15s near_warning_count_30s coverage_change_15s uncertainty_change_15s neighbor_median_15s recovery_count_15s
feature_infos=[420.06900000000002:2199.549] [0.80615499999999995:2.4747810000000001] [1.600843:3.199935] [0.50626499999999997:2.0933700000000002] [0:8473] [0:6643.4246789999997] [0:5.4375980400000001] [14:9869] [0.0062563699999999998:5.1516374799999998] [0.0067100399999999996:8.2360184400000005] [61:12183] [69.971328999999997:10255.211504000001] [0:1] [0:718] [0:413] [0:588] [61:12183] [61:12576] [0.80000000000000004:1] [0:0.20000000000000001] none [0:5.4048684900000001] [0:4.1248185099999999] [0:4.4870200599999999] [0:8422] [0:6098] [0:5640] [-0.78442308000000005:3.7997916699999998] [-0.94856559000000007:3.7997916699999998] [-1.1579512300000001:3.59536554] [-0.156884616:0.75995833400000001] [-0.063237706000000005:0.25331944466666667] [-0.038598374333333338:0.119845518] [-0.12536479240000001:0.15199166680000001] [0.0013764574999999999:4.3283229099999998] [0.0027529099999999999:5.4375980400000001] [0:1.6490060564632383] [0.0012033057142857143:4.1263467885714293] [0.0027529099999999999:5.4375980400000001] [0.00084032754707174607:1.7732956764652343] [0:695.13629979999996] [0:165.84346100000002] [-3.12847104:2.4238897000000001] [-2.3152050399999999:3.1781862900000002] [-0.79636600351698728:1] [-1.7045683799999996:4.7116714000000002] none [0:4.3260767649999998] [-0.21539599999999992:0.47854380499999982] [0:4] [0:7] [-0.17249407999999999:1] [-1:0.17249407999999999] [0:7.38710457] [0:4]
tree_sizes=1713 1737 1720 1736 1738 1727 1743 1740 1743 1753 1753 1753 1750 1770 1761 1755 1757 1762 1746 1767 1761 1766 1750 1760 1758 1752 1757 1771 1750 1760 1755 1762 1766 1750 1754 1758 1756 1755 1756 1758 1757 1760 1749 1760 1755 1763 1762 1773 1757 1760 1751 1767 1762 1765 1761 1771 1759 1777 1763 1769 1772 1765 1764 1769 1770 1762 1770 1762 1764 1771 1770 1751 1774 1764 1778 1777 1774 1774 1780 1784 1756 1785 1755 1782 1772 1785 1775 1776 1763 1783 1763 1771 1772 1777 1766 1771 1784 1782 1780 1773 1778 1784 1770 1793 1783 1786 1780 1764 1769 1778 1783 1781 1773 1759 1784 1787 1783 1780 1784 1787 1804 1774 1788 1778 1761 1776 1799 1785 1782 1761 1779 1765 1779 1793 1793 1801 1769 1779 1792 1767 1761 1786 1767 1783 1798 1790 1763 1776 1772 1778 1778 1778 1787 1761 1785 1792 1780 1786 1791 1768 1768 1770 1758 1807 1760 1793 1790 1780 1796 1778 1786 1771 1778 1781 1778 1758 1781 1763 1797 1766 1796 1788 1766 1771 1807 1775 1794 1773 1775 1765 1790 1758 1797 1791 1779 1790 1768 1773 1752 1786 1756 1765 1806 1775 1795 1785 1770 1763 1779 1775 1774 1752 1785 1765 1795 1784 1782 1785 1806 1785 1774 1799 1767 1763 1789 1786 1745 1770 1775 1763 1766 1789 1760 1779 1755 1797 1781 1765 1782 1782 1773 1765 1795 1772 1771 1783 1778 1770 1798 1761 1752 1805 1758 1780 1792 1776 1782 1762 1781 1757 1772 1763 1772 1780 1762 1790 1783 1753 1766 1781 1783 1768 1769 1766 1783 1804 1793 1756 1758 1767 1767 1777 1752 1804 1750 1794 1762 1797 1796 1769 1776 1783 1760 1796 1795 1782 1756 1771 1777 1778 1789 1770 1776 1789 1785 1757 1751 1772 1793 1764 1792 1763 1786 1787 1791 1746 1785 1753 1748 1775 1772 1762 1776 1784 1748 1789 1782 1784 1776 1754 1785 1780 1805 1746 1786 1754 1755 1763 1781 1783 1772 1768 1796 1774 1777 1753 1776 1791 1776 1767 1769 1768 1771 1762 1760 1776 1769 1770 1781 1758 1773 1766 1778 1784 1793 1753 1776 1788 1762 1771 1772 1779 1806 1756 1777 1780 1738 1797 1763 1777 1800 1765 1785 1781 1785 1785 1761 1787 1772 1771 1771 1767 1764 1769 1750 1766 1765 1785 1765 1755 1778 1786 1777 1787 1792 1789 1775 1795 1798 1775 1791 1791 1749 1783 1755 1776 1795 1772 1782 1767 1771 1749 1766 1789 1806 1798 1772 1768 1751 1767 1765 1792 1779 1768 1747 1777 1768 1770 1786 1794 1785 1793 1744 1766 1780 1764 1799 1774 1747 1781 1767 1757 1781 1793 1793 1751 1740 1769 1754 1750 1760 1750 1788 1752 1784 1776 1767 1772 1760 1765 1757 1801 1778 1743 1769 1767 1796 1766 1778 1748 1778 1751 1781 1789 1769 1754 1765 1785 1804 1779 1774 1760 1802 1801 1773 1762 1763 1795 1786 1753 1773 1779 1776 1776 1788 1775 1751 1750 1781 1755 1794 1769 1803 1778 1757 1790 1802 1783 1767 1776 1787 1791 1751 1796 1794 1783 1773 1783

Tree=0
num_leaves=15
num_cat=0
split_feature=48 43 43 29 28 36 29 48 43 29 39 43 28 0
split_gain=116636 37845.7 21667.3 20362.5 2945.93 1727.32 1183.77 956.749 898.035 853.898 682.85 654.676 524.492 504.133
threshold=0.093803340000000054 0.91040435499999994 0.70774199500000001 0.23959201500000013 0.081755735000000038 0.14900802952691564 0.062397634999999986 0.049932272499999993 1.3584412150000003 0.39694962000000006 0.092858293945940668 1.6256270450000001 0.18241813999999992 1019.0160000000001
decision_type=2 2 2 2 2 2 2 2 2 2 2 2 2 2
left_child=2 9 3 6 -5 -3 -1 -4 12 -2 -6 13 -9 -7
right_child=1 5 7 4 10 11 -8 8 -10 -11 -12 -13 -14 -15
leaf_value=-4.5408885141697404 -4.2784303982285721 -4.4459756383934872 -4.5862752821170556 -4.3228987543959718 -4.4174316089045673 -3.6698616189768618 -4.2007275848195915 -4.504272104609031 -4.5681885483364102 -2.2010030129196321 -3.0867810514837308 -4.4838012407253185 -4.2045675422563011 -4.5267779455024861
leaf_weight=51.539306042250246 1.7234380356967438 18.12196149490774 4834.7322429311462 6.075399557594209 1.6885516936890805 8.5891136704012734 19.133509079925716 17.430909089744091 51.243057744111866 38.413172647356987 26.752935980912298 3.2729014037176958 20.316546073183417 1.4681414705701161
leaf_count=4419 134 1487 470319 461 148 657 1646 1440 4226 2885 2110 251 1622 111
internal_value=-4.5479 -2.99867 -4.57147 -4.01669 -3.28871 -4.13763 -4.43194 -4.58385 -4.45715 -2.25047 -3.13446 -3.86058 -4.32167 -3.7464
internal_weight=5100.5 71.5887 5028.91 105.19 34.5169 31.4521 70.6728 4923.72 88.9905 40.1366 28.4415 13.3302 37.7475 10.0573
internal_count=491916 5525 486391 8784 2719 2506 6065 477607 7288 3019 2258 1019 3062 768
is_linear=0
shrinkage=1


Tree=1
num_leaves=15
num_cat=0
split_feature=44 32 48 43 3 48 36 28 48 48 43 9 9 0
split_gain=29528.6 4078.13 1663.44 1269.04 713.184 403.317 346.602 302.306 285.262 241.621 241.413 225.57 218.512 216.661
threshold=0.42050185613730934 0.0035441493333333335 0.093803340000000054 0.52005723999999998 1.3168530000000003 0.093803340000000054 0.14900802952691564 0.11434052000000001 0.049932272499999993 -0.0072932100000000005 1.3919069850000001 1.9802108950000001 3.6634144900000005 1096.4215000000002
decision_type=2 2 2 2 2 2 2 2 2 2 2 2 2 2
left_child=1 -1 8 5 7 9 -4 -5 -2 -3 -10 -8 -9 -11
right_child=2 3 6 4 -6 -7 11 12 10 13 -12 -13 -14 -15
leaf_value=0.0065623357656331262 -0.03898796219177246 0.045374176782899622 0.065168889449583309 0.077478139475222807 0.086931275580738085 0.31253663884461325 0.36590228157963622 0.29657764884200566 0.11005826659927941 0.48783299932745933 -0.022658338601157374 0.034685501426509252 0.049796525007424999 0.13139037384019986
leaf_weight=85.062761466484517 4614.7496711565182 3.4088083505630484 21.321929637808353 17.237483176402748 54.986279988195747 204.0191463502124 15.210874602198603 131.55948353139684 33.347959282808006 78.901193483732641 48.043974906206131 5.2791011864319435 8.3323757052421552 7.4365715058520427
leaf_count=7244 466633 178 1274 1121 1348 1811 595 2742 2207 2161 4048 185 153 216
internal_value=-0.00199936 0.263388 -0.0353427 0.306086 0.22155 0.362396 0.202237 0.264525 -0.0376709 0.453266 0.034941 0.304109 0.284104 0.466005
internal_weight=5328.9 590.944 4737.95 505.881 212.116 293.766 41.8119 157.129 4696.14 89.7466 81.3919 20.49 139.892 86.3378
internal_count=491916 16974 474942 9730 5364 4366 2054 4016 472888 2555 6255 780 2895 2377
is_linear=0
shrinkage=0.04


Tree=2
num_leaves=15
num_cat=0
split_feature=44 29 48 43 3 36 3 36 43 0 0 28 48 8
split_gain=22569.5 2630.91 1038.03 636.005 588.208 411.111 346.003 274.001 256.241 172.614 162.855 126.786 115.668 87.092
threshold=0.44676831057274907 0.1212207 0.061354135000000039 0.4016431299999999 1.3826585000000002 0.11140620316555414 0.69528900000000016 0.079310664431074832 1.4687532700000003 995.80050000000017 1019.0160000000001 0.45925594500000005 0.024229067500000003 1.2933791250000002
decision_type=2 2 2 2 2 2 2 2 2 2 2 2 2 2
left_child=1 12 -2 -3 6 -4 -5 -8 10 -9 13 -6 -1 -7
right_child=2 3 5 4 11 8 7 9 -10 -11 -12 -13 -14 -15
leaf_value=-0.008556416071701569 -0.038596609422491136 0.27235317995075808 0.0087212535141189158 0.3454075899833321 0.027988189083266505 0.32043346551519847 0.096550021562717775 0.22746713326856147 0.046681809448200967 0.099236068761734103 0.0084966819971983142 0.14081725292449085 0.11318510421711434 0.027441325331221084
leaf_weight=91.381435699760914 4461.0489025502466 306.95424004644156 43.522767836693674 30.250974849332124 45.616085555404425 17.25313899433241 56.116885193157941 169.70221215626225 18.002292972058058 31.143132888246328 4.046103397384285 22.608058558776975 9.3699426618404669 2.8252108842134467
leaf_count=7806 467912 3267 3195 548 1141 593 2375 2337 1055 439 195 275 685 93
internal_value=-0.00206681 0.198492 -0.0359108 0.227256 0.185072 0.0983923 0.210129 0.187915 0.180281 0.210477 0.254846 0.0724398 0.00758178 0.292897
internal_weight=5309.84 763.143 4546.7 662.392 355.437 85.6495 287.213 256.962 42.1267 200.845 24.1245 68.2241 100.751 20.0783
internal_count=491916 18873 473043 10382 7115 5131 5699 5151 1936 2776 881 1416 8491 686
is_linear=0
shrinkage=0.04


Tree=3
num_leaves=15
num_cat=0
split_feature=44 29 48 43 3 5 36 53 28 48 43 0 0 45
split_gain=18426 2167.15 476.434 338.257 423.75 213.638 200.046 184.096 153.584 137.665 110.662 97.8153 92.8044 95.6773
threshold=0.49524130679450273 0.15444034000000001 0.069394682500000013 0.4016431299999999 1.2367865000000002 1786.7301255000002 0.12190006617901081 3.6112057200000005 0.34359744500000006 0.024229067500000003 1.8133508700000001 995.80050000000017 1022.4180000000001 0.13883959500000004
decision_type=2 2 2 2 2 2 2 2 2 2 2 2 2 2
left_child=1 9 -2 -3 5 7 -4 -5 -6 -1 12 -10 13 -8
right_child=2 3 6 4 8 -7 10 -9 11 -11 -12 -13 -14 -15
leaf_value=-0.0079629177505538915 -0.038536687282765929 0.21303691729733484 -0.00089492333223843289 0.20528328724024594 0.040491493743153313 0.090168978375840855 0.24132224781744208 0.040402211921518418 0.14663458866077808 0.096989764509162038 -0.0095926902124783744 0.00947195317893537 -0.0096309174835417215 0.0063347425058933662
leaf_weight=117.09959997935221 4276.7143707065843 372.77977588307112 29.227943840436637 234.99463008577004 63.923652500845492 48.56076244963333 14.497642100788662 14.252986388280986 62.023530836217105 18.970465938560665 5.5844391710124901 10.319343884475527 3.1865817783400407 3.5521680265665045
leaf_count=10109 465901 3126 2125 4389 1990 856 513 258 684 1199 348 138 177 103
internal_value=-0.00207982 0.157683 -0.0369902 0.182445 0.154047 0.181218 0.0745041 0.196835 0.0903533 0.00958829 0.1439 0.128946 0.178399 0.206483
internal_weight=5275.69 942.925 4332.76 806.855 434.075 297.808 56.0488 249.248 136.267 136.07 26.8208 72.3429 21.2364 18.0498
internal_count=491916 22749 469167 11441 8315 5503 3266 4647 2812 11308 1141 822 793 616
is_linear=0
shrinkage=0.04


Tree=4
num_leaves=15
num_cat=0
split_feature=44 29 30 44 43 28 3 0 36 22 45 45 2 45
split_gain=15646.7 1679.01 322.835 396.416 311.344 332.164 246.68 196.422 159.735 141.309 151.582 101.952 122.423 99.6156
threshold=0.51602399038783753 0.10632448000000001 0.021262623999999997 0.66463297080122563 0.52005723999999998 0.11434052000000001 0.68480200000000013 1022.4180000000001 0.16884731649510068 0.80653819500000001 0.11020290500000009 0.13111237499999998 2.4721455000000003 0.15695614000000005
decision_type=2 2 2 2 2 2 2 2 2 2 2 2 2 2
left_child=1 -1 -2 9 -3 -6 -7 8 11 10 -4 12 -8 -10
right_child=2 4 3 -5 5 6 7 -9 13 -11 -12 -13 -14 -15
leaf_value=-0.003455862334254791 -0.039180357726800334 0.17203568608962402 0.22874767077381516 -0.028529230968709785 0.018769804093901634 0.23940948093994593 0.14630919246253757 0.034311385961855657 0.19550503451208343 0.0024891847101139574 0.019637370627941676 -0.022936300758479314 0.072064635882064604 0.073162236463830035
leaf_weight=127.22142400685698 4052.8177947043441 547.3490666244179 17.014590351376686 63.320004429202527 46.908391434233636 32.786607054527849 83.004948211833835 42.025238608010113 81.480864098295569 10.705095510929821 8.7656809161417168 8.0424063322134298 92.538118337281048 21.630788882263005
leaf_count=11288 459389 4366 848 5647 2757 448 1594 915 712 811 536 209 2061 335
internal_value=-0.00208524 0.132964 -0.037423 0.0324037 0.151046 0.121175 0.134026 0.120085 0.131855 0.128845 0.172387 0.103963 0.110251 0.174411
internal_weight=5235.61 1082.99 4152.62 99.8054 955.766 408.417 361.509 328.722 286.697 36.4854 25.7803 183.585 175.543 103.112
internal_count=491916 24685 467231 7842 13397 9031 6274 5826 4911 2195 1384 3864 3655 1047
is_linear=0
shrinkage=0.04


Tree=5
num_leaves=15
num_cat=0
split_feature=44 28 27 44 43 28 5 45 45 48 3 11 9 3
split_gain=13571.3 1305.38 313.004 334.518 252.892 282.669 179.966 126.908 155.472 113.193 84.9116 80.2901 71.8738 69.544
threshold=0.51602399038783753 0.018769444999999985 0.10630494500000005 0.66463297080122563 0.52005723999999998 0.14203753500000002 1500.7557810000001 -0.059069999999999921 0.13111237499999998 0.012552875 1.5370215 2728.8325830000003 0.19689844000000004 1.4448230000000002
decision_type=2 2 2 2 2 2 2 2 2 2 2 2 2 2
left_child=1 9 -2 11 10 -6 7 -7 -9 -1 12 -4 -3 -8
right_child=2 4 3 -5 5 6 13 8 -10 -11 -12 -13 -14 -15
leaf_value=-0.023098464716385991 -0.039119921097745342 0.050276158250282935 0.15573050627034968 -0.028213163861109877 0.028781869292167968 0.057204692766330806 0.081395212556076152 0.16025991107413462 0.057180575356645974 0.064122021844648408 0.10494717411423009 0.03390800811026299 0.16001282215700596 -0.0091056246560789929
leaf_weight=102.58893011277542 3899.7699130093679 15.527956584468482 23.256940800696611 61.601436828728765 69.197396183852106 37.769621985964477 88.735071100760251 207.89003636455163 34.586942870635539 25.58791432948783 105.00441952515393 17.494601605925709 484.04745337413624 14.783227666746823
leaf_count=8787 459385 150 1270 5650 4177 541 1221 3198 692 1323 814 926 3542 240
internal_value=-0.00207023 0.116501 -0.0373011 0.0305923 0.131048 0.105714 0.119037 0.136121 0.147009 -0.00393297 0.149005 0.112853 0.157134 0.0686469
internal_weight=5187.84 1185.72 4002.12 102.353 1057.54 452.962 383.765 280.247 242.477 128.177 604.58 40.7515 499.575 103.518
internal_count=491916 24685 467231 7846 14575 10069 5892 4431 3890 10110 4506 2196 3692 1461
is_linear=0
shrinkage=0.04


Tree=6
num_leaves=15
num_cat=0
split_feature=44 29 30 44 3 43 36 3 26 44 29 22 8 44
split_gain=11960.9 1107.01 221.748 228.918 219.838 267.053 267.209 157.478 145.589 99.0931 101.112 71.3091 71.0154 65.7178
threshold=0.53493174377999042 0.1212207 0.021262623999999997 0.66463297080122563 0.69528900000000016 0.4016431299999999 0.079310664431074832 1.3826585000000002 744.50000000000011 0.10170858139604214 -0.089545769999999955 0.77027809500000011 0.77550906500000016 0.31725031369724327
decision_type=2 2 2 2 2 2 2 2 2 2 2 2 2 2
left_child=1 9 -2 11 -3 -6 13 8 12 10 -1 -4 -8 -7
right_child=2 4 3 -5 5 6 7 -9 -10 -11 -12 -13 -14 -15
leaf_value=-0.0064414630161244027 -0.039206683152089451 0.18307374909929469 0.12259053609668268 -0.027882801115325467 0.13116036361321687 0.0641048432107508 0.16077262440713014 0.051228031029100639 0.081079071397780811 -0.015049528551474281 0.15507657214828555 0.0053160672214956498 0.095923361388812606 0.0057128887086569623
leaf_weight=11.979467642493548 3735.5233629778959 78.646307758521289 26.54506920883432 59.890449461061507 518.76314948871732 55.808159064967185 123.28679850976914 88.263079150114208 152.13424428878352 126.66964684799314 7.0639957007952026 11.892348752357064 75.522600071039051 64.765827243216336
leaf_count=1012 457664 873 1147 5647 3180 1151 1326 1229 1698 11399 451 793 763 3583
internal_value=-0.00205221 0.102419 -0.037643 0.0207843 0.115449 0.109696 0.0888197 0.103256 0.115438 -0.00146036 0.0732619 0.0910949 0.139096 0.0342162
internal_weight=5136.75 1302.9 3833.85 98.3279 1157.19 1078.54 559.781 439.207 350.944 145.713 19.0435 38.4374 198.809 120.574
internal_count=491916 26665 465251 7587 13803 12930 9750 5016 3787 12862 1463 1940 2089 4734
is_linear=0
shrinkage=0.04


Tree=7
num_leaves=15
num_cat=0
split_feature=44 48 30 44 28 0 28 2 45 36 0 1 0 15
split_gain=10669 905.764 216.752 199.336 173.387 171.753 152.332 94.5953 84.3609 124.884 71.0832 65.6098 64.6711 60.5993
threshold=0.53493174377999042 0.013566542500000002 0.021262623999999997 0.66463297080122563 0.060909015000000018 787.58500000000015 0.15382161499999999 2.3724420000000008 0.12349208500000004 0.24615346506907174 1122.5740000000003 2.0678425000000007 915.8130000000001 77.500000000000014
decision_type=2 2 2 2 2 2 2 2 2 2 2 2 2 2
left_child=1 4 -2 -4 -1 8 -7 -8 11 -10 13 -3 -6 -9
right_child=2 5 3 -5 12 6 7 10 9 -11 -12 -13 -14 -15
leaf_value=-0.018573063175176454 -0.039149346983209064 0.12458890720315459 0.08170724284168035 -0.02755435663801678 0.086390815784036387 0.024947897542313486 0.11179390610018612 0.053313722829476509 -0.013886674960012555 0.10339168863374645 -0.0088544301595512871 0.072321535054840028 -0.013308493884129269 0.11491948819890137
leaf_weight=123.58399175293744 3594.2100544739515 660.24223792832345 41.709358727559447 58.272650029044598 41.07075897231698 67.993517282884568 199.12546122446656 101.07909688167274 21.660493772476912 33.382766636554152 17.174261760432273 66.722092328127474 11.881424331571905 42.19417018070817
leaf_count=10796 457664 6839 1940 5647 1284 2603 1493 1073 404 245 331 785 471 341
internal_value=-0.00202066 0.0924139 -0.0375308 0.0197468 0.00753142 0.10472 0.082123 0.0924442 0.116475 0.0599273 0.0657771 0.120319 0.0648021 0.0747202
internal_weight=5080.3 1386.11 3694.19 99.982 176.536 1209.57 427.567 359.573 782.008 55.0433 160.448 726.964 52.9522 143.273
internal_count=491916 26665 465251 7587 12551 14114 5841 3238 8273 649 1745 7624 1755 1414
is_linear=0
shrinkage=0.04


Tree=8
num_leaves=15
num_cat=0
split_feature=44 28 30 43 36 44 11 3 48 11 48 43 17 0
split_gain=9582.9 750.409 211.686 183.585 217.835 177.487 144.863 160.501 78.805 73.4098 69.2617 60.8753 60.4246 60.168
threshold=0.53493174377999042 0.013997765000000001 0.021262623999999997 0.52005723999999998 0.057914764359918221 0.71540060695402496 2332.8170830000004 1.2367865000000002 0.0119451225 5538.1428875000011 0.14668396750000004 1.3402978500000002 1390.5000000000002 873.34600000000012
decision_type=2 2 2 2 2 2 2 2 2 2 2 2 2 2
left_child=1 8 -2 -3 -5 -4 12 9 -1 11 -9 -8 -6 -14
right_child=2 3 5 4 6 -7 7 10 -10 -11 -12 -13 13 -15
leaf_value=-0.023070238863477636 -0.039090827096017723 0.1065552555378535 0.065638865579887615 0.0091050925681059585 0.011607823375829066 -0.035641366923408059 0.097397600321609115 0.010762847158310032 0.046249488795590453 0.01100017167191915 0.075927307850205641 -0.00070177318870719846 0.14510564357635408 0.03022990405825679
leaf_weight=103.10533763282001 3458.3529537352733 753.38802789803594 54.018588817678392 72.637550364714116 7.9162873458117238 47.724330545868725 245.4408946018666 88.195535671897233 29.722972764633596 20.038392879068851 33.374008527956903 10.473115484230219 88.162166256923229 11.210962691344319
leaf_count=9372 457664 4570 2752 4438 226 4835 2666 1692 1372 180 272 354 1290 233
internal_value=-0.00199445 0.0839953 -0.0374157 0.0930121 0.0745796 0.0186874 0.0838191 0.0709864 -0.0064435 0.0877619 0.0309449 0.0934464 0.126088 0.134215
internal_weight=5023.76 1463.67 3560.1 1330.84 577.449 101.743 504.811 397.522 132.828 275.952 121.57 255.914 107.289 99.3731
internal_count=491916 26665 465251 15921 11351 7587 6913 5164 10744 3200 1964 3020 1749 1523
is_linear=0
shrinkage=0.04


Tree=9
num_leaves=15
num_cat=0
split_feature=42 29 48 3 43 28 0 36 9 43 29 45 43 45
split_gain=8580.01 618.152 370.575 140.484 187.741 190.896 122.5 89.7281 80.0646 72.5228 74.181 69.8843 65.6335 61.7654
threshold=0.33857703000000006 0.10632448000000001 0.061354135000000039 0.79423450000000007 0.22937083999999999 0.1671931449999999 1022.4180000000001 0.10321076965488768 4.2925328600000006 0.4016431299999999 -0.089545769999999955 0.01771625499999999 1.3584412150000003 0.11020290500000009
decision_type=2 2 2 2 2 2 2 2 2 2 2 2 2 2
left_child=1 9 -2 13 -5 11 8 -4 -7 10 -1 -6 -9 -3
right_child=2 3 7 4 5 6 -8 12 -10 -11 -12 -13 -14 -15
leaf_value=-0.0071496299553334775 -0.038445373832678535 0.12806372879477362 -0.011805953467853554 0.10352106672743978 0.043924292570140445 0.08631975716409819 0.024814606005473562 0.10668202957334062 -8.563221152025572e-05 -0.020197803267808151 0.1107395211984208 -0.01477348719880222 0.023416199978952425 0.03035051866704367
leaf_weight=17.512596148066226 3387.8506150827743 166.92002997361124 34.351068573538214 402.34636018611491 88.922528039198369 542.34095187718049 68.828224257566035 28.318402995355427 17.703568857163191 102.33749047992751 10.686782165430484 46.490527727175504 34.512336689047515 14.891236355528234
leaf_count=1533 462457 1524 2485 2049 2629 4163 729 553 108 9792 666 1653 1414 161
internal_value=-0.00196931 0.0785986 -0.0362244 0.0866165 0.0807507 0.0681687 0.0774231 0.0392939 0.0836118 -0.00436628 0.0474765 0.0239635 0.0660424 0.121087
internal_weight=4964.01 1478.98 3485.03 1348.44 1166.63 764.286 628.873 97.1818 560.045 130.537 28.1994 135.413 62.8307 181.811
internal_count=491916 25007 466909 13016 11331 9282 5000 4452 4271 11991 2199 4282 1967 1685
is_linear=0
shrinkage=0.04


Tree=10
num_leaves=15
num_cat=0
split_feature=44 48 30 42 3 43 36 28 11 43 3 0 3 9
split_gain=7904.66 542.692 207.614 156.531 134.326 185.957 200.38 121.69 112.068 66.1516 95.7542 57.6633 57.6085 53.3901
threshold=0.53493174377999042 0.013566542500000002 0.021262623999999997 0.77729566000000017 0.69528900000000016 0.52005723999999998 0.10321076965488768 0.060909015000000018 2933.0629975000006 1.0000000180025095e-35 1.5720745000000003 822.65150000000006 1.3753760000000002 0.18249509500000002
decision_type=2 2 2 2 2 2 2 2 2 2 2 2 2 2
left_child=1 7 -2 11 -3 9 12 -1 13 -6 -11 -4 -7 -8
right_child=2 4 3 -5 5 6 8 -9 -10 10 -12 -13 -14 -15
leaf_value=-0.017809457130704812 -0.038972061925349986 0.1253216375857783 0.10155160939710454 -0.025877004756639496 0.1102759532849755 0.031662821281971662 0.010690144041014149 0.049071070269449575 0.053370998545787772 0.085622807257322103 0.032102309388818993 0.010335483447465528 -0.026138708147903218 0.10931115446941755
leaf_weight=119.20918890787289 3205.9891493082978 102.03747886093333 27.41402180865407 56.437031584791839 202.78746146149933 159.19439583877102 10.633583332411943 62.099708798807114 208.17922242451459 502.96454837732017 68.786837382242084 18.745597280561924 29.209817390423268 128.22891311859712
leaf_count=10796 457664 854 1260 5301 983 4853 98 1755 1775 2725 398 1026 1292 1136
internal_value=-0.00193769 0.0711264 -0.0371777 0.0180983 0.0794645 0.0754296 0.0562735 0.00579981 0.074162 0.0882266 0.0795179 0.0691389 0.0222573 0.102393
internal_weight=4901.92 1593.33 3308.59 102.597 1412.02 1309.98 535.446 181.309 347.042 774.539 571.751 46.1596 188.404 138.862
internal_count=491916 26665 465251 7587 14114 13260 9154 12551 3009 4106 3123 2286 6145 1234
is_linear=0
shrinkage=0.04


Tree=11
num_leaves=15
num_cat=0
split_feature=44 28 30 44 43 49 0 9 3 43 3 45 22 44
split_gain=7231.06 470.769 203.305 141.538 136.045 142 109.295 96.1998 87.1124 73.5223 64.4322 62.175 67.6685 58.8671
threshold=0.53493174377999042 0.011041204999999986 0.021262623999999997 0.71540060695402496 0.4016431299999999 3.5000000000000004 1022.4180000000001 2.2367783400000003 1.2367865000000002 0.91040435499999994 0.77992900000000009 0.11020290500000009 0.73813492500000011 0.17563164833302702
decision_type=2 2 2 2 2 2 2 2 2 2 2 2 2 2
left_child=1 13 -2 11 -3 8 7 -7 9 -6 -8 12 -4 -1
right_child=2 4 3 -5 5 6 10 -9 -10 -11 -12 -13 -14 -15
leaf_value=0.033311454517466997 -0.038909532220761628 0.085861945310983082 0.10999652849983411 -0.035235893926712808 0.067162393790754588 0.093681437099400786 0.087405823317333514 0.046790392487288404 0.011471320074869396 0.013184514329228385 0.0017523650626279498 -0.0095816245872081644 0.0067052565146160153 -0.023658827139070526
leaf_weight=36.368012117221951 3085.1398558137007 686.39906835276634 28.325130593497306 43.761238289065659 168.72412131773308 310.86717711109668 14.244157092645763 111.50874055037275 118.8114103032276 56.306710337754339 52.869368572253734 16.39147488726303 15.573592921253292 93.043957425281405
leaf_count=2080 457664 3452 1009 4835 2753 2653 158 804 3123 2390 744 850 893 8508
internal_value=-0.00190158 0.0659831 -0.0370533 0.0172441 0.072201 0.0605037 0.0744725 0.0819943 0.0398355 0.0542363 0.0247313 0.0551175 0.0777853 -0.00700515
internal_weight=4838.33 1649.14 3189.19 104.051 1519.73 833.332 489.489 422.376 343.842 225.031 67.1135 60.2902 43.8987 129.412
internal_count=491916 26665 465251 7587 16077 12625 4359 3457 8266 5143 902 2752 1902 10588
is_linear=0
shrinkage=0.04


Tree=12
num_leaves=15
num_cat=0
split_feature=44 28 44 0 30 43 2 45 0 28 21 29 39 0
split_gain=6641.87 482.258 216.057 132.865 123.401 114.926 95.8671 83.5508 82.4429 76.93 102.683 76.8845 59.244 52.4671
threshold=0.56841206927813148 0.10749353500000004 0.27371725090554838 783.55600000000015 0.017732623000000006 1.4687532700000003 2.4098990000000007 0.11020290500000009 1122.5740000000003 0.45925594500000005 1.8450472200000003 -0.13374794499999998 0.25863827904006409 995.80050000000017
decision_type=2 2 2 2 2 2 2 2 2 2 2 2 2 2
left_child=1 2 3 11 -2 -6 7 13 9 10 -8 -1 -9 -3
right_child=4 6 -4 -5 5 -7 8 12 -10 -11 -12 -13 -14 -15
leaf_value=-0.0055467717498606803 -0.039183171162009124 0.090689083998078387 -0.020779611174144778 0.0017348165441593607 0.067444434269791784 -0.02045694477248711 0.016092486798791394 0.0019804464682707397 -0.010817668419890281 0.078599201112837067 0.060736885339063011 0.1025503617919865 0.064065112273787458 0.055073352525532838
leaf_weight=12.097113037481902 2922.3851493410766 542.75989450560883 150.11014505429193 54.080717279110104 27.87533953692764 81.32117938157171 116.76850714813918 37.026201653294265 25.59961656620726 250.95572663098574 317.56421198882163 56.648854590021074 70.207730981521308 109.29814262734726
leaf_count=1153 451852 3798 13584 2265 1633 7901 2568 467 541 1322 1893 1299 728 912
internal_value=-0.0018696 0.0602458 0.0111775 0.0495184 -0.0376255 0.00395276 0.0692865 0.079645 0.0577437 0.0603646 0.0490542 0.0844423 0.0436715 0.0851837
internal_weight=4774.7 1743.12 272.937 122.827 3031.58 109.197 1470.18 759.292 710.888 685.288 434.333 68.746 107.234 652.058
internal_count=491916 30530 18301 4717 461386 9534 12229 5905 6324 5783 4461 2452 1195 4710
is_linear=0
shrinkage=0.04


Tree=13
num_leaves=15
num_cat=0
split_feature=44 28 44 45 43 0 2 29 45 53 17 29 30 42
split_gain=6125.39 496.306 214.728 118.159 93.5926 104.118 111.394 76.7622 70.3107 68.7281 67.8229 61.2921 59.7604 67.8188
threshold=0.59598028712258522 0.10749353500000004 0.27371725090554838 0.0090697549999999936 1.0000000180025095e-35 628.75400000000002 2.3724420000000008 -0.070406279999999974 0.12349208500000004 3.6112057200000005 3153.5000000000005 0.27902320500000005 0.017732623000000006 0.71111547500000005
decision_type=2 2 2 2 2 2 2 2 2 2 2 2 2 2
left_child=1 2 3 7 -3 8 11 -1 -6 10 -8 -7 -2 -14
right_child=12 4 -4 -5 5 6 9 -9 -10 -11 -12 -13 13 -15
leaf_value=-0.016841356029341798 -0.039200368614692706 0.089875554995998697 -0.021826450683255789 -0.0019710718016115246 0.083485361709635622 0.019764549913750006 0.017616854862783166 0.090737213998214716 0.023815708636012935 -0.017975891634867437 0.052744089777085008 0.070116920455148501 0.042965792785301979 -0.027278620172196545
leaf_weight=10.80702235130593 2787.650855595246 217.43250875174999 167.6508877822198 50.652982305269688 351.92821484059095 47.648018109146506 139.78684993600473 66.221187568735331 40.027764298953116 31.37874067761004 268.76857202965766 435.85662771435454 26.444991360418499 68.607632469385862
leaf_count=1002 448610 865 16386 2344 2837 1484 2036 1371 505 311 2476 2725 1650 7314
internal_value=-0.00183662 0.0553517 0.00771862 0.0458732 0.0644743 0.0599511 0.0520104 0.0755374 0.0777684 0.0367165 0.0410836 0.0654079 -0.0381375 -0.0065651
internal_weight=4710.86 1828.16 295.332 127.681 1532.83 1315.39 923.439 77.0282 391.956 439.934 408.555 483.505 2882.7 95.0526
internal_count=491916 34342 21103 4717 13239 12374 9032 2373 3342 4823 4512 4209 457574 8964
is_linear=0
shrinkage=0.04


Tree=14
num_leaves=15
num_cat=0
split_feature=44 48 0 3 43 28 4 3 43 30 44 9 39 0
split_gain=5668.78 437.722 128.265 110.583 144.037 119.565 104.33 97.0181 76.2626 59.9605 64.2013 59.4773 55.7318 53.6655
threshold=0.59598028712258522 0.026386040000000017 783.55600000000015 0.81392700000000018 0.22937083999999999 0.45925594500000005 1316.5000000000002 1.4529915000000002 1.3211734100000003 0.017732623000000006 0.71540060695402496 0.81673782500000014 0.1054108867451823 584.28850000000011
decision_type=2 2 2 2 2 2 2 2 2 2 2 2 2 2
left_child=1 2 6 -3 -5 7 13 8 12 -2 -11 -8 -6 -1
right_child=9 3 -4 4 5 -7 11 -9 -10 10 -12 -13 -14 -15
leaf_value=0.045520113800383552 -0.039148948790041882 0.08531465237824834 -0.020578347934848831 0.074351387558155388 0.012395696597820317 0.0694140474310357 0.010071405792795076 -0.00098590500781461465 -0.020983509694849634 0.027944273613073691 -0.035058825516189093 0.12767489629282008 0.050990747938191729 -0.0066674368743832911
leaf_weight=46.568358540534973 2681.7996653043665 251.60264709684998 138.78367610648274 434.79509143996984 73.321846200153232 244.43221369199455 10.893906584940853 96.497299640905112 26.130136607214808 43.077351238112897 51.272978821769357 19.210270791314542 450.20566052012146 78.383687921334058
leaf_count=2901 448610 2205 10531 1783 2423 1299 501 1660 1428 2662 6302 541 3704 5366
internal_value=-0.00180499 0.0519334 0.00697273 0.0602624 0.0552039 0.045493 0.0315049 0.0359804 0.0424206 -0.0380471 -0.00633494 0.0926134 0.0457538 0.0137854
internal_weight=4646.97 1870.82 293.84 1576.98 1325.38 890.587 155.056 646.155 549.658 2776.15 94.3503 30.1042 523.528 124.952
internal_count=491916 34342 19840 14502 12297 10514 9309 9215 7555 457574 8964 1042 6127 8267
is_linear=0
shrinkage=0.04


Tree=15
num_leaves=15
num_cat=0
split_feature=44 28 44 45 3 44 0 8 36 5 29 7 30 42
split_gain=5261 392.609 185.13 96.3888 92.9056 114.447 114.664 74.0252 100.312 64.2439 61.1981 60.3901 60.0451 60.4395
threshold=0.59598028712258522 0.10749353500000004 0.27371725090554838 0.0090697549999999936 0.68480200000000013 0.17563164833302702 634.07350000000008 1.0294273200000001 0.10321076965488768 2006.5828540000002 -0.070406279999999974 2553.5000000000005 0.017732623000000006 0.71111547500000005
decision_type=2 2 2 2 2 2 2 2 2 2 2 2 2 2
left_child=1 2 3 10 -3 -6 -7 8 11 -10 -1 -8 -2 -14
right_child=12 4 -4 -5 5 6 7 -9 9 -11 -12 -13 13 -15
leaf_value=-0.016736426631583253 -0.039096320765746512 0.094407732820345439 -0.021498697498778533 -0.0026578538450789213 0.065896358349934042 0.065519965487393 0.0029956573556652018 0.0075432942479621489 0.060796060085246177 -0.0060623694343643134 0.078394368352874749 0.084925349942736525 0.038851046206247929 -0.026738428449862225
leaf_weight=10.737267465330659 2580.0506772052031 102.1162715270184 164.64323007548228 51.42137265112251 700.41678190138191 250.38653023261577 125.98403031146154 145.49946603225544 248.86336224526167 24.339099517092109 72.925201115198433 11.313880657311527 28.041152436751872 65.729086863342673
leaf_count=1002 448610 768 16386 2344 2762 2723 2918 1535 2169 218 1371 146 1650 7314
internal_value=-0.00177134 0.0488844 0.00672222 0.0406582 0.0566937 0.053834 0.0430153 0.0323871 0.040996 0.0548379 0.0659299 0.0124938 -0.0379546 -0.00615065
internal_weight=4582.47 1908.65 299.727 135.084 1608.92 1506.8 806.386 556 410.5 273.202 83.6625 137.298 2673.82 93.7702
internal_count=491916 34342 21103 4717 13239 12471 9709 6986 5451 2387 2373 3064 457574 8964
is_linear=0
shrinkage=0.04


Tree=16
num_leaves=15
num_cat=0
split_feature=44 28 44 0 2 3 44 27 30 44 44 8 0 3
split_gain=4892.41 347.739 168.068 90.6857 85.7344 107.547 95.3557 81.403 60.1957 59.8562 58.8316 54.0389 52.2724 48.3493
threshold=0.59598028712258522 0.10749353500000004 0.27371725090554838 783.55600000000015 2.7513640000000001 0.69528900000000016 0.17563164833302702 0.18862718000000003 0.017732623000000006 0.42050185613730934 0.71540060695402496 0.16890667500000003 689.40950000000009 1.3753760000000002
decision_type=2 2 2 2 2 2 2 2 2 2 2 2 2 2
left_child=1 2 3 -1 5 -3 -7 13 -2 11 -10 -6 -13 -8
right_child=8 4 -4 -5 9 6 7 -9 10 -11 -12 12 -14 -15
leaf_value=0.063662012412165028 -0.03904241310701391 0.10044473475758842 -0.021096799476099611 -0.0010607843815958807 -0.023307012555948744 0.068192287379387248 0.041293460339653157 0.070683355544451695 0.025746278387976784 -0.0041333621637891001 -0.034774273993478627 0.060673454416720195 0.029408506656972963 0.0085063593888012254
leaf_weight=81.99914594180882 2482.246723048389 94.903567627072334 161.2335064439103 57.28136282088235 16.181559728458524 501.95289790630341 376.48066032817587 137.62321155890822 44.629899388644844 48.526925781276077 48.496160476235673 187.36133412830532 186.96858362946659 92.411534594837576
leaf_count=2452 448610 634 16386 2265 119 1917 4429 931 2662 1533 6302 1030 1218 1428
internal_value=-0.00173676 0.0461182 0.00643335 0.0379294 0.0533378 0.0589781 0.0549927 0.0436005 -0.0378591 0.0373882 -0.00593629 0.0425349 0.0456509 0.0349895
internal_weight=4518.3 1942.92 300.514 139.281 1642.41 1203.37 1108.47 606.515 2575.37 439.038 93.1261 390.511 374.33 468.892
internal_count=491916 34342 21103 4717 13239 9339 8705 6788 457574 3900 8964 2367 2248 5857
is_linear=0
shrinkage=0.04


Tree=17
num_leaves=15
num_cat=0
split_feature=44 48 36 43 3 0 45 44 36 2 0 45 43 53
split_gain=4558.48 327.376 108.449 140.867 114.133 75.3689 75.015 60.7596 60.5946 59.696 52.3433 50.878 57.6192 50.3731
threshold=0.59598028712258522 0.013566542500000002 0.10321076965488768 0.91040435499999994 0.79423450000000007 764.52650000000006 0.071199894999999916 0.66463297080122563 0.095561586564990295 2.4098990000000007 787.58500000000015 0.12349208500000004 0.91040435499999994 0.95235856500000005
decision_type=2 2 2 2 2 2 2 2 2 2 2 2 2 2
left_child=1 5 3 4 -3 -1 13 8 -2 11 -11 12 -4 -6
right_child=7 2 9 -5 6 -7 -8 -9 -10 10 -12 -13 -14 -15
leaf_value=0.021162775064346936 -0.024589359226952517 0.083395933964679522 0.066301495713187025 -0.0060952038870058494 0.024499439044268271 -0.024169079536952874 -0.015942866580994579 -0.039081321074575057 0.041385177191385757 0.054640298425025512 0.02672478309865749 0.032637033246483052 0.12258857570388912 0.054852449643801239
leaf_weight=111.03053604112938 80.472210727864876 93.54430725844577 438.74255104875192 107.10595699772239 191.34684526920319 113.76023452915251 40.23827962577343 2375.1169020098168 25.243337348802015 420.64885960705578 165.15911924373358 73.790426535531878 35.532234564423561 182.80551998410374
leaf_count=7291 12127 731 1601 6036 2491 9577 566 444111 1336 2282 1224 528 442 1573
internal_value=-0.00170225 0.0436027 0.0494276 0.0353616 0.0440776 -0.00180511 0.0343135 -0.0377613 -0.00767806 0.0568686 0.0470627 0.0668295 0.0717534 0.0398573
internal_weight=4454.54 1973.7 1748.91 615.041 507.935 224.791 414.391 2480.83 105.716 1133.87 585.808 548.065 474.275 374.152
internal_count=491916 34342 17474 11397 5361 16868 4630 457574 13463 6077 3506 2571 2043 4064
is_linear=0
shrinkage=0.04


Tree=18
num_leaves=15
num_cat=0
split_feature=44 48 44 3 36 44 0 30 9 44 5 3 0 8
split_gain=4253.66 292.815 104.52 113.962 116.42 83.2881 70.0618 61.2377 55.009 54.0733 47.7091 44.2156 43.5425 68.2181
threshold=0.59598028712258522 0.013566542500000002 1.0000000180025095e-35 0.81392700000000018 0.12190006617901081 0.35559481964104928 764.52650000000006 0.017732623000000006 4.2925328600000006 0.71540060695402496 2006.5828540000002 1.5370215 783.55600000000015 1.5089750800000001
decision_type=2 2 2 2 2 2 2 2 2 2 2 2 2 2
left_child=1 6 -3 12 5 11 -1 -2 10 -9 -6 -5 13 -4
right_child=7 2 3 4 8 -7 -8 9 -10 -11 -12 -13 -14 -15
leaf_value=0.0199922177081099 -0.038931242698703683 0.071503682867163881 0.08438339419300718 0.036671734441841297 0.054763257126191921 -0.0020806744915503632 -0.023756315885944498 0.0242522058267234 -0.010532007937989843 -0.034383079660432567 0.020824160321208981 -0.0058433654811396694 0.04089704078556762 -0.0060912367251202658
leaf_weight=113.07967761764303 2299.0239880539011 241.97580345161259 170.15043682372198 387.11696079745889 566.97890944825485 149.31404661852866 111.24555782321841 45.720847534015775 22.833726049400866 45.086231436114758 84.356484782416373 42.069420046173036 99.523255654145032 13.731368497014044
leaf_count=7291 448610 988 1357 3068 3063 6830 9577 2662 99 6302 369 426 1171 103
internal_value=-0.00166397 0.0412846 0.0467035 0.0425774 0.0371119 0.0236221 -0.00174814 -0.0376605 0.0484284 -0.0051356 0.0505598 0.032485 0.0656729 0.0776448
internal_weight=4392.21 2002.38 1778.05 1536.07 1252.67 578.5 224.325 2389.83 674.169 90.8071 651.335 429.186 283.405 183.882
internal_count=491916 34342 17474 16486 13855 10324 16868 457574 3531 8964 3432 3494 2631 1460
is_linear=0
shrinkage=0.04


Tree=19
num_leaves=15
num_cat=0
split_feature=44 28 44 45 2 32 0 45 44 28 43 36 26 0
split_gain=3974.06 266.686 182.445 88.3061 76.5933 72.1398 64.8632 62.4507 61.9805 57.8909 65.4698 54.0043 51.7696 44.3417
threshold=0.59598028712258522 0.1671931449999999 0.35559481964104928 0.051309184999999931 2.4098990000000007 -0.002346875999999999 1122.5740000000003 0.11020290500000009 0.66463297080122563 0.45925594500000005 0.52005723999999998 0.095561586564990295 473.50000000000006 995.80050000000017
decision_type=2 2 2 2 2 2 2 2 2 2 2 2 2 2
left_child=1 2 3 5 7 -1 9 13 11 10 -6 -2 -7 -3
right_child=8 4 -4 -5 6 12 -8 -9 -10 -11 -12 -13 -14 -15
leaf_value=-0.021932933120210395 -0.023776635707477355 0.065823604730302604 -0.019351422491463974 -0.015655652219324058 0.045951375027206788 -0.0039724446774808174 -0.022844775415781015 0.028071234831825886 -0.038974377315648033 0.053868563790682777 0.014688271215664982 0.037991617014382306 0.053763805779477494 0.035654825509507354
leaf_weight=23.958227007184178 76.302249435568228 556.70750829065219 173.83140811603516 51.018317548558116 209.26377235352993 27.350725169293582 24.410088467411697 121.60845683235675 2199.6838271205779 287.51143595576286 228.45417225919664 26.504127307794988 209.85537462029606 114.06145494943485
leaf_count=2281 12127 2758 16332 2078 796 270 447 1210 444111 1386 2755 1336 3335 694
internal_value=-0.00163288 0.039145 0.0131364 0.0312463 0.0472735 0.0405306 0.0375809 0.0561501 -0.037557 0.0397573 0.0299847 -0.00682892 0.047162 0.0609953
internal_weight=4330.52 2028.03 486.014 312.183 1542.02 261.164 749.639 792.377 2302.49 725.229 437.718 102.806 237.206 670.769
internal_count=491916 34342 24296 7964 10046 5886 5384 4662 457574 4937 3551 13463 3605 3452
is_linear=0
shrinkage=0.04


Tree=20
num_leaves=15
num_cat=0
split_feature=44 48 43 36 3 43 24 44 28 8 2 36 11 8
split_gain=3717.64 241.332 100.639 115.675 82.9185 68.6393 71.4206 62.2538 71.3517 59.9483 58.748 56.5852 62.587 55.9112
threshold=0.59598028712258522 0.013566542500000002 0.61904502000000006 0.16884731649510068 0.68480200000000013 0.4016431299999999 372.50000000000006 0.69940698455862427 0.14203753500000002 0.75782735000000012 2.7513640000000001 0.065392848467358697 2359.0403505000008 0.28432923000000004
decision_type=2 2 2 2 2 2 2 2 2 2 2 2 2 2
left_child=1 5 -3 4 10 -1 -7 8 -2 -5 -4 -6 13 -13
right_child=7 2 3 9 11 6 -8 -9 -10 -11 -12 12 -14 -15
leaf_value=0.030655003549920089 -0.02952047502702031 0.049281922614968096 0.086587556523852624 0.071140518065061359 -0.015331275232710278 0.044123788855759426 -0.027314552681270511 -0.03931121276043624 0.027483958209757513 0.024206492913363537 -0.0051735473943956087 0.0058380849244840183 0.0090571504410762102 0.07206993603850087
leaf_weight=66.894314197823405 112.72173364437185 1145.8518427410163 38.459586096461862 126.03880401188508 90.789366900920868 21.993432803079486 135.51617396622896 2060.1223952842411 45.573241880629212 76.163127867970616 14.294271788559852 33.100907759275287 248.84539262158796 52.392690264619887
leaf_count=2312 20067 5219 438 798 5636 885 13671 434320 3187 519 187 593 3348 736
internal_value=-0.00160405 0.0371775 0.0419761 0.0293969 0.0183326 -0.0019318 -0.0162888 -0.0374503 -0.0127698 0.0544727 0.0634285 0.0120645 0.01962 0.0481661
internal_weight=4268.76 2050.34 1825.94 680.084 477.882 224.404 157.51 2218.42 158.295 202.202 52.7539 425.128 334.339 85.4936
internal_count=491916 34342 17474 12255 10938 16868 14556 457574 23254 1317 625 10313 4677 1329
is_linear=0
shrinkage=0.04


Tree=21
num_leaves=15
num_cat=0
split_feature=44 31 44 45 2 44 31 45 9 29 29 26 5 2
split_gain=3482.76 223.652 157.299 89.7215 70.2723 62.7845 67.1219 57.493 52.9398 51.2615 51.0918 46.0384 39.9199 38.7477
threshold=0.59598028712258522 0.012161209333333329 0.35559481964104928 0.02447247499999999 2.4098990000000007 0.69940698455862427 0.0094691690000000012 0.11020290500000009 0.18249509500000002 0.55054728000000008 -0.089545769999999955 473.50000000000006 523.41798100000017 3.0050855000000003
decision_type=2 2 2 2 2 2 2 2 2 2 2 2 2 2
left_child=1 2 3 10 7 6 -2 -3 -6 -10 -1 -12 -4 -13
right_child=5 4 12 -5 8 -7 -8 -9 9 -11 11 13 -14 -15
leaf_value=-0.021479993775920966 -0.029210841903068174 0.056572439578395799 0.035386823672914604 -0.0054541108813941233 -0.024645783122063156 -0.039268663553647214 0.025865497116803221 0.025292143327124147 0.016899689074406692 0.042025303933509159 -0.0049024561040678597 0.05605521421456279 -0.023145430187804496 0.0070400907501378777
leaf_weight=17.633059767074883 109.47877465281636 655.55541887739673 16.4762005538214 93.617955705616623 20.622892390005291 1981.4511049250141 46.775286774616688 123.59594719856977 183.54558378271759 538.7827986208722 26.671664392575622 199.06936956755817 163.88019658159465 31.323888883460313
leaf_count=1721 20067 3148 1612 3015 163 434320 3187 1180 2183 2718 240 2839 15105 418
internal_value=-0.00156976 0.0353583 0.0133052 0.028168 0.0432382 -0.0373407 -0.0124327 0.0518034 0.0339695 0.0358009 0.0395192 0.0440334 -0.016988 0.0496823
internal_weight=4208.48 2070.77 548.672 368.316 1522.1 2137.71 156.254 779.151 742.951 722.328 274.698 257.065 180.356 230.393
internal_count=491916 34342 24950 8233 9392 457574 23254 4328 5064 4901 5218 3497 16717 3257
is_linear=0
shrinkage=0.04


Tree=22
num_leaves=15
num_cat=0
split_feature=44 28 44 43 3 0 0 3 29 8 36 43 5 29
split_gain=3268.05 235.939 123.587 89.3485 97.8898 80.1555 64.0238 62.88 81.8292 48.8082 55.6327 49.1583 47.6241 46.7165
threshold=0.62919592084060871 0.10131854000000003 0.35559481964104928 1.0000000180025095e-35 1.4529915000000002 783.55600000000015 643.19900000000018 0.68480200000000013 0.33142097499999995 0.97356475000000009 0.16884731649510068 0.52005723999999998 444.74149900000003 -0.089545769999999955
decision_type=2 2 2 2 2 2 2 2 2 2 2 2 2 2
left_child=1 2 5 -3 6 13 -5 -8 -9 10 -10 -11 -4 -1
right_child=-2 3 12 4 -6 -7 7 8 9 11 -12 -13 -14 -15
leaf_value=-0.010479902457657815 -0.038038355302068491 0.06147592782102778 0.049920645720359549 0.051914066202445243 0.011250268950716872 -0.0097774740506923041 0.06452973119893568 -0.0012676764283529763 0.03027886000780974 0.036452102045936761 0.059522605790608626 -0.0027006990874414434 -0.032259536957194419 0.055888645773797666
leaf_weight=19.012638548389077 2014.6534878844395 238.66556342877448 7.8617554774973533 433.34353064070456 244.63155304500833 70.088018042035401 87.335675524314865 122.6497773998417 320.67031410732307 96.97777222469449 169.8492687381804 101.97493753721938 134.04288995615207 88.098880392964929
leaf_count=1749 451806 875 1041 3427 2400 3273 630 3124 2674 302 757 839 17312 1707
internal_value=-0.00154344 0.0328995 0.00115382 0.038459 0.0347933 0.0231469 0.0390563 0.0326089 0.0288023 0.034122 0.0409033 0.0168098 -0.0261625 0.044166
internal_weight=4149.86 2135.2 319.104 1816.1 1577.43 177.2 1332.8 899.458 812.122 689.472 490.52 198.953 141.905 107.112
internal_count=491916 40110 25082 15028 14153 6729 11753 8326 7696 4572 3431 1141 18353 3456
is_linear=0
shrinkage=0.04


Tree=23
num_leaves=15
num_cat=0
split_feature=42 28 43 30 43 3 0 2 0 0 8 43 3 36
split_gain=3038.69 225.033 111.322 93.0613 76.4012 88.3309 56.0329 55.2683 58.2783 55.1078 52.6296 49.483 48.4372 44.0836
threshold=0.53208748000000017 0.10131854000000003 0.61904502000000006 0.016474123000000004 1.0000000180025095e-35 1.3826585000000002 619.53850000000011 2.6851510000000007 1534.1190000000004 783.55600000000015 0.17239302000000004 1.5024355100000002 0.69219850000000005 0.13387425804125397
decision_type=2 2 2 2 2 2 2 2 2 2 2 2 2 2
left_child=1 2 9 -2 -3 7 -7 8 12 -1 -9 -5 -6 -14
right_child=3 4 -4 11 5 6 -8 10 -10 -11 -12 -13 13 -15
leaf_value=0.043014703397635828 -0.038835750690936074 0.058894239015279959 -0.02193404087183343 0.030886251953988142 0.076040065341756946 0.042625145290558566 0.0057595753718893755 -0.035340523834217492 -0.033914511414836479 -0.0062101886776738573 0.029373962674461667 -0.02132571468091805 0.032972383037882552 0.05386277358654349
leaf_weight=94.430113858543336 1885.9775756115559 239.36589889228344 161.63709604274482 42.063709907000884 83.123800710774958 85.644694508286193 249.74057703488506 17.154693029820919 11.333032772410659 55.604574256576598 366.44025534507819 70.870839427923784 404.66861974401399 323.2349827371072
leaf_count=2528 443050 875 20332 1820 579 610 2309 144 265 2235 2753 8591 4128 1697
internal_value=-0.00150662 0.0321498 0.000775459 -0.0367291 0.0376237 0.0341406 0.0156615 0.0391939 0.0451247 0.0251595 0.0260624 -0.00139381 0.0464302 0.0425532
internal_weight=4091.29 2092.38 311.672 1998.91 1780.71 1541.34 335.385 1205.96 822.36 150.035 383.595 112.935 811.027 727.904
internal_count=491916 38455 25095 453461 13360 12485 2919 9566 6669 4763 2897 10411 6404 5825
is_linear=0
shrinkage=0.04


Tree=24
num_leaves=15
num_cat=0
split_feature=44 31 44 43 45 11 3 5 29 26 19 2 0 9
split_gain=2891.08 198.501 134.042 76.1088 74.6063 69.4382 69.717 56.2731 45.7154 45.5221 42.2369 37.0629 48.4598 44.5108
threshold=0.62919592084060871 0.012161209333333329 0.35559481964104928 0.4016431299999999 0.035549115000000027 2332.8170830000004 1.3130970000000002 523.41798100000017 -0.089545769999999955 473.50000000000006 0.049780875000000009 3.0050855000000003 680.26700000000017 0.7199231450000001
decision_type=2 2 2 2 2 2 2 2 2 2 2 2 2 2
left_child=1 2 4 -3 8 10 -7 -4 -1 -10 -5 12 -11 -14
right_child=-2 3 7 5 -6 6 -8 -9 9 11 -12 -13 13 -15
leaf_value=-0.022809094760832951 -0.037858799085177232 0.047865262686548969 0.037178610114758703 0.039148571582670634 -0.011808325494156065 0.030165217784153171 0.00042789887161478855 -0.023848672298596101 -0.0091172912321887817 0.06972352927367842 0.086942910028338746 0.0022693882339493887 0.0010573786469871094 0.047455560602570869
leaf_weight=19.345134668052197 1869.5863010105677 657.16920662298799 23.282670016167685 166.25221077469178 73.747912410181016 551.52658508927561 163.29875321965665 179.03060791455209 30.103820361196995 90.366379992570728 38.900446471758187 34.314603683073074 52.603583418764174 85.212153244297951
leaf_count=1926 451806 2279 2611 1719 2560 4130 1620 19159 266 942 359 443 956 1140
internal_value=-0.00147434 0.0299581 0.0100132 0.037339 0.0237405 0.0296016 0.023422 -0.0160982 0.0321984 0.0361573 0.0500641 0.0414229 0.0471359 0.0304027
internal_weight=4034.74 2165.15 588.007 1577.15 385.694 919.978 714.825 202.313 311.946 292.601 205.153 262.497 228.182 137.816
internal_count=491916 40110 30003 10107 8233 7828 5750 21770 5673 3747 2078 3481 3038 2096
is_linear=0
shrinkage=0.04


Tree=25
num_leaves=15
num_cat=0
split_feature=44 48 44 36 45 2 0 8 43 11 38 45 0 10
split_gain=2721.27 182.001 101.698 88.0555 98.7149 92.5051 56.5833 55.3376 49.7914 64.4151 44.2436 41.4178 41.0256 39.5022
threshold=0.62919592084060871 0.036441887500000013 0.10170858139604214 0.19855643393868755 0.13883959500000004 2.3724420000000008 787.58500000000015 0.18084778500000001 0.52005723999999998 2359.0403505000008 1.9932578300000001 0.16646377500000001 1025.4850000000004 2411.5000000000005
decision_type=2 2 2 2 2 2 2 2 2 2 2 2 2 2
left_child=1 2 10 4 5 12 -4 -7 -9 -10 -1 -5 -3 -14
right_child=-2 3 6 11 -6 7 -8 8 9 -11 -12 -13 13 -15
leaf_value=0.091629917828697421 -0.037763697941893229 0.046104817748358166 0.0088985254334093128 0.058072017566117212 -0.031460406163800199 -0.027351983438967643 -0.023911455060507732 0.03510832221560653 0.047141776385033758 0.0036377287784372541 0.02438650583995302 0.02379316141559314 -0.022540955981594411 0.030939899857886095
leaf_weight=17.36194563889876 1800.724601062946 557.41574406856671 190.21410400536843 305.47426133835688 37.696284621255472 32.885166349122301 143.15664872410707 288.50473421812057 63.168687392026186 275.76679274253547 74.261083838529885 81.157266820780933 25.260944505687803 85.152334857732058
leaf_count=223 451806 3980 11686 1137 703 379 13120 1128 1126 3613 1605 443 378 589
internal_value=-0.0014404 0.0286159 0.00506147 0.0342974 0.0293228 0.0311595 -0.00533593 0.0202956 0.0229894 0.0123132 0.0412109 0.0512722 0.0416707 0.0182578
internal_weight=3978.2 2177.48 424.994 1752.48 1365.85 1328.15 333.371 660.325 627.44 338.935 91.623 386.632 667.829 110.413
internal_count=491916 40110 26634 13476 11896 11193 24806 6246 5867 4739 1828 1580 4947 967
is_linear=0
shrinkage=0.04


Tree=26
num_leaves=15
num_cat=0
split_feature=44 28 44 44 0 11 3 5 26 3 30 42 18 9
split_gain=2563.2 171.646 116.946 68.0766 61.5631 58.7405 65.8999 51.5075 42.744 41.8062 39.2928 41.8378 38.2289 36.661
threshold=0.62919592084060871 0.18241813999999992 0.35559481964104928 0.17563164833302702 783.55600000000015 2332.8170830000004 1.3130970000000002 523.41798100000017 744.50000000000011 0.95362300000000011 0.016474123000000004 0.74481103500000012 0.95088333500000011 1.3531107500000001
decision_type=2 2 2 2 2 2 2 2 2 2 2 2 2 2
left_child=1 2 4 -3 9 12 8 -4 13 -1 -2 -12 -5 -7
right_child=10 3 7 5 -6 6 -8 -9 -10 -11 11 -13 -14 -15
leaf_value=0.056354486592901792 -0.038863269938992306 0.044032366442213589 0.033966205557858169 0.077638139353095423 -0.0002340713320272504 0.056101417763827738 -0.0015325757982573654 -0.023492256447738259 0.01619158037575915 0.021009897723562546 0.037064707855100555 -0.026692799744372917 0.034738751429422669 0.025015843629621153
leaf_weight=79.526771538425237 1668.4013575129211 667.04207573086023 24.476202422985807 44.375966478604823 137.44115068297833 113.71195389190689 159.73240874987096 175.10858682403341 280.47536253393628 177.52758655371144 19.235523742856458 46.904900348512456 172.54755762428977 156.322474706918
leaf_count=1212 442432 2305 2611 393 3824 775 1602 19159 2167 3197 1629 7745 1704 1161
internal_value=-0.00140734 0.0273531 0.00890539 0.0341783 0.0214396 0.0268907 0.0210633 -0.0157879 0.0275744 0.0328113 -0.0376657 -0.00684849 0.0450661 0.038888
internal_weight=3922.83 2188.29 594.08 1594.21 394.496 927.166 710.242 199.585 550.51 257.054 1734.54 66.1404 216.924 270.034
internal_count=491916 40110 30003 10107 8233 7802 5705 21770 4103 4409 451806 9374 2097 1936
is_linear=0
shrinkage=0.04


Tree=27
num_leaves=15
num_cat=0
split_feature=44 31 44 43 3 45 36 0 8 2 45 0 29 42
split_gain=2418.34 194.427 109.36 76.6923 83.0322 65.0529 63.5313 54.6989 54.5612 53.4846 52.4879 43.3804 40.0499 39.3689
threshold=0.66463297080122563 0.0067545693333333351 0.35559481964104928 1.0000000180025095e-35 0.81392700000000018 0.0090697549999999936 0.10321076965488768 995.80050000000017 0.72652992000000005 2.4098990000000007 0.12349208500000004 510.99400000000009 -0.070406279999999974 0.19990360999999993
decision_type=2 2 2 2 2 2 2 2 2 2 2 2 2 2
left_child=1 2 5 -3 -5 12 13 9 -9 10 -8 -4 -1 -6
right_child=-2 3 11 4 6 -7 7 8 -10 -11 -12 -13 -14 -15
leaf_value=-0.021284876125577092 -0.038486478253599826 0.051808556893059222 0.032883632967277067 0.045988559167097647 0.015297912859361176 -0.012335471507718533 0.051266768961933017 0.024787304223128498 -0.026453606595815759 0.022598834791768579 0.012506411366653541 -0.032888668569183648 0.043769300803612091 -0.016600306468763256
leaf_weight=14.469822778366504 1624.0311208593193 238.37118071317673 13.963777249446137 310.11778847174719 347.69201409141533 68.414355031680316 294.81956758024171 77.328493688255548 50.864087055437267 435.18269877508283 73.482653172686696 143.43509016581811 106.15307581331581 70.770064644282684
leaf_count=1407 444111 875 1760 2578 3008 3355 1277 745 388 2752 845 22666 1967 4182
internal_value=-0.00137008 0.025505 -0.00202926 0.0305212 0.0273185 0.0182701 0.0228762 0.0286788 0.00422617 0.0325299 0.0438045 -0.0262208 0.0354289 0.00977099
internal_weight=3869.1 2245.06 346.436 1898.63 1660.26 189.037 1350.14 931.678 128.193 803.485 368.302 157.399 120.623 418.462
internal_count=491916 47805 31155 16650 15775 6729 13197 6007 1133 4874 2122 24426 3374 7190
is_linear=0
shrinkage=0.04


Tree=28
num_leaves=15
num_cat=0
split_feature=44 49 44 0 0 36 3 53 0 53 50 53 15 47
split_gain=2283.05 179.188 125.656 94.6156 73.1257 66.8058 56.3217 48.5356 48.1014 58.5974 47.0343 45.1522 41.9052 41.6152
threshold=0.66463297080122563 3.5000000000000004 0.22879600617713328 589.80750000000012 1025.4850000000004 0.10321076965488768 1.5137780000000001 0.18104361750000003 783.55600000000015 0.47116028500000007 5.5000000000000009 0.655305315 96.500000000000014 1.1805673175000002
decision_type=2 2 2 2 2 2 2 2 2 2 2 2 2 2
left_child=1 2 6 11 7 -5 8 -3 9 -1 -6 13 -7 -4
right_child=-2 4 3 5 10 12 -8 -9 -10 -11 -12 -13 -14 -15
leaf_value=0.010121912519734662 -0.038416153795774448 -0.0058107142047818675 0.070212608278133123 -0.021411180393892844 -0.0033050144839768848 0.0033614189454960349 -0.0010638461968421758 0.041241105269046487 0.010463731056684362 0.049780090366861166 0.045232832146764206 -0.0014776284235902563 0.066166625287383499 0.012036656144881726
leaf_weight=82.01665162993595 1563.1604125262238 35.214917329838499 44.529771307716146 272.65780700440519 117.57273884420283 141.92259970726445 98.2355703166686 950.31877479259856 123.77328713610768 246.83466311031953 38.557188983075321 50.041839989600703 14.413042277563362 36.724145295564085
leaf_count=818 444111 295 2402 25597 1642 2558 1029 6133 1853 1750 157 2273 171 1127
internal_value=-0.0013416 0.0244114 0.0128895 -0.000474297 0.0355203 -0.00960065 0.0263641 0.039539 0.0322635 0.0401889 0.00971334 0.0286033 0.0110228 0.0461409
internal_weight=3815.97 2252.81 1111.15 560.289 1141.66 428.993 550.86 985.534 452.625 328.851 156.13 131.296 156.336 81.2539
internal_count=491916 47805 39578 34128 8227 28326 5450 6428 4421 2568 1799 5802 2729 3529
is_linear=0
shrinkage=0.04


Tree=29
num_leaves=15
num_cat=0
split_feature=44 28 44 44 3 45 3 30 42 2 26 28 0 5
split_gain=2156.47 165.628 98.2869 73.6269 73.1986 57.4622 53.459 58.0609 51.999 49.0695 42.631 42.5974 43.1038 40.4572
threshold=0.66463297080122563 0.10131854000000003 0.35559481964104928 1.0000000180025095e-35 1.4529915000000002 0.0090697549999999936 0.69528900000000016 0.037734812000000013 0.073796674999999881 2.7513640000000001 702.50000000000011 0.45925594500000005 853.65100000000018 458.05047900000005
decision_type=2 2 2 2 2 2 2 2 2 2 2 2 2 2
left_child=1 2 5 -3 6 -1 9 8 -8 -5 -9 -6 -13 -4
right_child=-2 3 13 4 11 -7 7 10 -10 -11 -12 12 -14 -15
leaf_value=0.032328267761756888 -0.038343660699600941 0.048856538200260376 0.029556191353301179 0.06372952783004443 -0.0079078614944959325 -0.012304524981597847 0.025962472300587586 0.05200363864887244 0.0046636529090341838 0.010760835490831873 0.019867622029912272 0.041657363555763195 -0.01310345791663917 -0.032631019770391442
leaf_weight=124.8882518177852 1504.6601823803503 236.77599041722715 15.049071346875278 113.24378804466687 156.6791009651497 68.235550467856228 714.57814842555672 193.84203153755516 249.50985410879366 39.692193086026236 112.71208548452705 68.498758514411747 30.607858604751527 136.95405205292627
leaf_count=3374 444111 875 2183 796 2043 3355 3829 1076 6468 300 623 417 223 22243
internal_value=-0.00130839 0.0233653 -0.00211808 0.0279489 0.0248648 0.0166458 0.0283951 0.0255151 0.0205028 0.0507582 0.0406965 0.00504875 0.0249281 -0.025729
internal_weight=3765.93 2261.27 345.127 1916.14 1679.36 193.124 1423.58 1270.64 964.088 152.936 306.554 255.786 99.1066 152.003
internal_count=491916 47805 31155 16650 15775 6729 13092 11996 10297 1096 1699 2683 640 24426
is_linear=0
shrinkage=0.04


Tree=30
num_leaves=15
num_cat=0
split_feature=44 49 44 36 36 3 11 44 3 8 11 5 1 7
split_gain=2038.45 156.988 107.815 62.3992 58.4708 49.9332 44.7716 44.0533 51.0285 39.7327 41.1074 37.4582 36.1323 35.5276
threshold=0.66463297080122563 3.5000000000000004 0.22879600617713328 0.089381203617175109 0.19855643393868755 1.5137780000000001 2237.3505585000007 1.0000000180025095e-35 0.68480200000000013 0.17567796000000002 2359.0403505000008 523.41798100000017 1.3632010000000003 2388.5000000000005
decision_type=2 2 2 2 2 2 2 2 2 2 2 2 2 2
left_child=1 2 5 11 7 -1 -5 -3 -9 -10 -11 -4 -12 -8
right_child=-2 4 3 6 -6 -7 13 8 9 10 12 -13 -14 -15
leaf_value=0.029488077473700882 -0.03826891155672861 0.054637524929994075 0.02393336203357389 0.040673358007434872 0.049147404073744884 -0.0017668773746196079 -0.010007905298410332 0.05411940825712943 -0.022876793122114169 0.043685516136496093 0.031968844750033087 -0.017823651973767285 0.010477209742364196 0.025200554424405785
leaf_weight=459.22638115519658 1448.4387026056647 84.321716174483299 34.82839809381403 66.672965478384867 270.48450875747949 98.611645899713039 116.82117771310732 79.005085261538625 28.375577982980758 118.74686436285265 187.69528706534766 272.77756485668942 381.23591353651136 68.648623995948583
leaf_count=4421 444111 292 4252 1310 999 1029 2330 605 331 1522 1256 25222 3222 1014
internal_value=-0.00127548 0.022388 0.0116341 -0.000789363 0.0327444 0.0239964 0.0138133 0.0274497 0.0242428 0.0205939 0.0225399 -0.0127886 0.0177842 0.00334337
internal_weight=3715.89 2267.45 1117.59 559.749 1149.86 557.838 252.143 879.38 795.059 716.054 687.678 307.606 568.931 185.47
internal_count=491916 47805 39578 34128 8227 5450 4654 7228 6936 6331 6000 29474 4478 3344
is_linear=0
shrinkage=0.04


Tree=31
num_leaves=15
num_cat=0
split_feature=42 29 36 45 0 3 43 30 9 3 18 3 9 9
split_gain=1908.19 158.09 72.21 88.2428 68.1075 58.5811 58.8771 57.0394 46.4741 41.3682 38.5618 38.3838 36.6015 35.3049
threshold=0.62516456000000009 0.16303050000000005 0.13387425804125397 0.12349208500000004 783.55600000000015 0.68480200000000013 0.4016431299999999 0.026718323000000009 4.2925328600000006 1.2367865000000002 0.95694758000000013 1.4529915000000002 0.46353546500000004 3.2338090350000006
decision_type=2 2 2 2 2 2 2 2 2 2 2 2 2 2
left_child=1 4 3 5 10 -3 12 -2 11 13 -1 -4 -7 -8
right_child=7 2 8 -5 -6 6 9 -9 -10 -11 -12 -13 -14 -15
leaf_value=0.037354611311872399 -0.038465864733043163 0.052869730991544267 0.040531408494031737 -0.033689460715776491 -0.02745051969165371 0.0028463808739248469 0.019745257490338154 0.0055280276773927266 -0.0086523965199356585 -0.0091916167511194666 -0.0032595968884755141 0.019096877146093899 0.035089687197491004 -0.021434086155354897
leaf_weight=53.732899040915072 1394.9951057261787 81.713122043758631 686.14196879905649 44.844487556722015 125.05041898461059 68.944535546004772 342.61188681353815 47.581017525866628 36.866689150221646 141.22220826591365 101.0395398568362 183.02889337437227 327.38738427311182 32.746452845400199
leaf_count=4967 439305 733 3067 1219 17261 349 5424 4572 129 2966 9354 864 1352 354
internal_value=-0.0012393 0.0219741 0.0260092 0.0186599 -0.00604465 0.0211769 0.0180676 -0.0370007 0.0342922 0.00903141 0.0115683 0.0361528 0.0295861 0.0159182
internal_weight=3667.91 2225.33 1945.51 1039.47 279.823 994.626 912.912 1442.58 906.038 516.581 154.772 869.171 396.332 375.358
internal_count=491916 48039 16457 12397 31582 11178 10445 443877 4060 8744 14321 3931 1701 5778
is_linear=0
shrinkage=0.04


Tree=32
num_leaves=15
num_cat=0
split_feature=42 29 28 45 0 2 30 15 43 0 3 39 13 0
split_gain=1802.17 144.675 68.2725 94.5375 64.3694 61.2486 56.4218 44.4538 53.1782 50.0464 45.4482 49.2387 37.6779 36.6426
threshold=0.62516456000000009 0.16303050000000005 0.45925594500000005 0.13883959500000004 783.55600000000015 2.3654035000000007 0.026718323000000009 77.500000000000014 1.0000000180025095e-35 787.58500000000015 0.95362300000000011 0.21156294496593567 12.500000000000002 906.61700000000008
decision_type=2 2 2 2 2 2 2 2 2 2 2 2 2 2
left_child=1 4 3 5 -1 12 -2 8 -7 10 -10 -12 -3 -4
right_child=6 2 13 -5 -6 7 -8 -9 9 -11 11 -13 -14 -15
leaf_value=0.011030368707022025 -0.038394577728400055 -0.0018680194048329502 0.042349161738082723 -0.033686452771417588 -0.027087199050480754 0.038962644461134448 0.0053037720122316653 0.031994066123279645 0.037920447343126579 -0.019126326673557445 -0.012681240670763066 0.023133822784860883 0.032777284705103972 0.015859176418564155
leaf_weight=156.35147934849374 1342.7446218745317 53.775381354149431 428.76896199630573 46.165384206688032 121.79199909302406 67.501657040789723 47.81566256005317 147.61862367438152 68.934909583535045 123.68482957291417 144.56347862933762 99.259749171324074 657.95906635606661 113.72338748490438
leaf_count=14321 439305 828 1736 1188 17261 280 4572 1103 627 1958 1707 496 5964 570
internal_value=-0.00121523 0.021055 0.0248931 0.0201221 -0.00584394 0.0220607 -0.0368784 0.0130458 0.00723558 0.00194284 0.0104448 0.00207085 0.0301649 0.0369916
internal_weight=3620.66 2230.1 1951.96 1409.46 278.143 1363.3 1390.56 651.563 503.945 436.443 312.758 243.823 711.734 542.492
internal_count=491916 48039 16457 14151 31582 12963 443877 6171 5068 4788 2830 2203 6792 2306
is_linear=0
shrinkage=0.04


Tree=33
num_leaves=15
num_cat=0
split_feature=44 49 43 0 0 15 1 53 47 0 9 0 43 53
split_gain=1732.48 130.78 90.2127 64.7388 63.1226 54.8377 47.8215 52.9122 46.764 46.5711 46.3127 45.8449 44.5388 56.5023
threshold=0.66463297080122563 3.5000000000000004 0.61904502000000006 1070.5350000000003 589.80750000000012 96.500000000000014 1.3691550000000003 0.18831539250000004 1.2385289600000002 628.75400000000002 2.1796209550000003 783.55600000000015 0.22937083999999999 2.2332609500000005
decision_type=2 2 2 2 2 2 2 2 2 2 2 2 2 2
left_child=1 2 11 6 8 -6 -3 -8 -4 -9 -7 -1 -11 -14
right_child=-2 3 4 -5 5 10 7 9 -10 12 -12 -13 13 -15
leaf_value=0.026261221094645661 -0.038035887826126692 0.045928683100291412 0.042232185906303635 0.0031570197470188765 -0.016694946746055764 0.07166098275737659 -0.029790075631870402 0.044456899256155737 -0.0087780098079486765 0.043657875396702482 -0.01316824166708112 0.0027829869331147785 0.024399455130250308 -0.0093141668533665151
leaf_weight=465.08266702806577 1295.6980630679755 310.35606512380764 67.277395065873861 135.80622667912394 324.44951804727316 17.298651876393706 21.878603577846661 206.68768112035468 45.313251285580918 107.00834308937192 16.690293075749651 187.40418225480244 263.63094527693465 109.84335657791235
leaf_count=4044 444111 1885 4080 1577 25337 774 207 1238 1465 362 980 2898 2257 701
internal_value=-0.00118911 0.0197996 0.0100161 0.0292305 -0.00331291 -0.0115228 0.0326716 0.0265879 0.0222023 0.0285852 0.0336588 0.0195904 0.0213701 0.0144918
internal_weight=3574.43 2278.73 1123.52 1155.21 471.029 358.438 1019.4 709.049 112.591 687.17 33.9889 652.487 480.483 373.474
internal_count=491916 47805 39578 8227 32636 27091 6650 4765 5545 4558 1754 6942 3320 2958
is_linear=0
shrinkage=0.04


Tree=34
num_leaves=15
num_cat=0
split_feature=44 36 44 0 44 9 0 1 45 45 11 53 3 26
split_gain=1640.3 127.437 98.5182 56.698 55.4241 57.4871 62.4914 54.7667 59.3719 47.7873 39.4481 71.9735 38.771 38.4992
threshold=0.66463297080122563 0.10321076965488768 0.38863388935161586 510.99400000000009 1.0000000180025095e-35 4.2925328600000006 1022.4180000000001 1.3976010000000003 0.15695614000000005 0.071199894999999916 1958.0011605000002 0.35329273250000004 1.4448230000000002 428.50000000000006
decision_type=2 2 2 2 2 2 2 2 2 2 2 2 2 2
left_child=1 2 9 10 -3 6 7 8 -6 13 11 -4 -9 -1
right_child=-2 4 3 -5 5 -7 -8 12 -10 -11 -12 -13 -14 -15
leaf_value=-0.011152478016307225 -0.037951363064025079 0.047595353538334773 -0.00057819691401707265 -0.019589492784277324 0.051053217795667356 -0.022561451339605753 -0.001200985380181751 0.026356923158586201 0.0040191772233920823 -0.017795041225091901 -0.023219120862678102 0.13789292458450109 0.0010380696810717207 0.022042762916755429
leaf_weight=58.876342880073935 1247.6213234900497 180.0413320697844 12.75036811549217 233.53704114863649 245.95772710163146 38.108175361296162 126.64121800451539 571.36636480642483 52.891077865380794 58.524582626996562 9.3522076196968538 6.2844218804966649 116.79998177476227 571.59165570139885
leaf_count=422 444111 781 968 26487 1259 231 1318 3984 658 1718 698 403 901 7977
internal_value=-0.00115777 0.0189907 0.00774815 -0.0129636 0.026959 0.0235414 0.0252128 0.0285908 0.0429321 0.0156585 0.0363175 0.0643142 0.0220981 0.0188795
internal_weight=3530.34 2282.72 950.917 261.924 1331.81 1151.76 1113.66 987.015 298.849 688.993 28.387 19.0348 688.166 630.468
internal_count=491916 47805 38673 28556 9132 8351 8120 6802 1917 10117 2069 1371 4885 8399
is_linear=0
shrinkage=0.04


Tree=35
num_leaves=15
num_cat=0
split_feature=44 36 43 45 43 9 0 45 47 36 3 53 6 1
split_gain=1553.77 117.454 99.7052 55.4318 53.16 53.8803 56.1783 51.6339 72.3151 61.0576 47.1929 38.5941 35.2983 57.1443
threshold=0.66463297080122563 0.10321076965488768 0.91040435499999994 0.081413010000000022 1.0000000180025095e-35 3.8373327750000006 1022.4180000000001 0.15695614000000005 0.93258322000000016 0.19855643393868755 0.79423450000000007 2.2332609500000005 1.5186766100000002 1.2855465000000004
decision_type=2 2 2 2 2 2 2 2 2 2 2 2 2 2
left_child=1 2 3 10 -3 6 7 8 -6 -10 11 -1 -12 -14
right_child=-2 4 -4 -5 5 -7 -8 -9 9 -11 12 -13 13 -15
leaf_value=0.051097329435301417 -0.037864127381431738 0.046184703664623551 -0.015517328516033204 -0.022133179731466376 0.064966511729078066 -0.011518290308796688 -0.0005637981783483295 0.0038344074279406145 0.019897970774180984 0.045960155342699371 -0.0036233114056182826 -0.0016775125850875922 0.04918943391127481 0.011044744436101364
leaf_weight=96.827935608569533 1201.4193829644937 178.30687296064571 226.1116650912445 56.153726119315252 89.725248478585854 67.117598935496062 124.55575845576823 125.32544531603344 548.61716540995985 199.23771792207845 153.26916291029193 27.944219500757754 74.969687385950238 316.67562795616686
leaf_count=1164 444111 781 26403 1837 783 462 1290 1581 3431 804 4277 321 695 3976
internal_value=-0.00112861 0.0182283 0.00744148 0.0146508 0.0258756 0.0225536 0.0246995 0.0279535 0.0315182 0.0271004 0.0178763 0.0396685 0.0125711 0.0188745
internal_weight=3486.26 2284.84 951.952 725.84 1332.89 1154.58 1087.46 962.906 837.58 747.855 669.687 124.772 544.914 391.645
internal_count=491916 47805 38673 12270 9132 8351 7889 6599 5018 4235 10433 1485 8948 4671
is_linear=0
shrinkage=0.04


Tree=36
num_leaves=15
num_cat=0
split_feature=44 49 0 10 0 43 0 53 44 0 4 11 8 24
split_gain=1472.66 111.858 77.8668 57.1998 61.7055 54.0069 58.6482 62.9426 53.2299 44.5081 43.9992 42.7469 39.0174 38.2807
threshold=0.66463297080122563 3.5000000000000004 787.58500000000015 4009.5000000000005 533.98000000000013 0.4016431299999999 1019.0160000000001 2.2995219625000005 0.17563164833302702 439.78550000000001 1212.5000000000002 2086.1802160000007 1.5089750800000001 790.50000000000011
decision_type=2 2 2 2 2 2 2 2 2 2 2 2 2 2
left_child=1 2 3 4 9 -3 7 -7 -6 13 -4 -11 -5 -1
right_child=-2 5 10 12 8 6 -8 -9 -10 11 -12 -13 -14 -15
leaf_value=-0.032534409893955701 -0.037774084551462146 0.03785423589816457 -0.025193073942868623 0.050913915815823371 0.018438213700265854 0.03128093238055308 -0.0075729046728797633 0.0020184490645606041 -0.0073616054360489845 0.069944095670665854 0.0037924934329391876 0.016268601148849818 0.0028083181508925725 0.047868818025678224
leaf_weight=23.012848335783929 1157.0194938781206 413.76529293134809 129.04426774894819 100.43812016141601 221.57977071171626 478.31862786598504 106.80943863769062 156.38547859154642 289.53492798213847 53.188597335712984 220.63020649552345 46.683481287909672 37.068199086003006 9.3722179657779616
leaf_count=678 444111 1483 12559 1293 1783 4077 1655 1012 12740 1668 7009 958 784 106
internal_value=-0.00109707 0.0175097 0.0085086 0.0155027 0.0103287 0.0262435 0.0195545 0.024143 0.00389347 0.0341503 -0.00710873 0.0468263 0.0384994 -0.00597566
internal_weight=3442.85 2285.83 1130.55 780.878 643.372 1155.28 741.514 634.704 511.115 132.257 349.674 99.8721 137.506 32.3851
internal_count=491916 47805 39578 20010 17933 8227 6744 5089 14523 3410 19568 2626 2077 784
is_linear=0
shrinkage=0.04


Tree=37
num_leaves=15
num_cat=0
split_feature=44 48 43 3 0 36 1 0 36 3 2 53 45 32
split_gain=1395.96 105.766 71.0514 76.8605 70.9744 55.5126 52.085 50.3603 36.5645 41.9506 36.4155 33.5611 33.3025 35.4203
threshold=0.66463297080122563 0.013566542500000002 0.22937083999999999 0.68480200000000013 1022.4180000000001 0.089381203617175109 1.4007595000000002 764.52650000000006 0.24615346506907174 1.4398070000000003 2.7513640000000001 0.44133724500000004 0.065356680000000014 0.021054722000000001
decision_type=2 2 2 2 2 2 2 2 2 2 2 2 2 2
left_child=1 7 11 10 5 -5 -7 -1 9 -8 -4 -3 -13 -14
right_child=-2 2 3 4 -6 6 8 -9 -10 -11 -12 12 13 -15
leaf_value=0.0087531293189409901 -0.03768113605334017 0.0074966389843999538 0.055857095629309239 0.0024475935657009714 -0.012215121021975694 0.036255913935813434 0.015031175951915431 -0.025396599750905764 0.036838453511566456 -0.016379830918439899 0.0077510221510514836 0.04183523545238637 -0.023559609437046835 0.031995280801005117
leaf_weight=150.56793454149738 1114.3517006007023 74.472246062010527 99.072536672698334 352.21324346400797 159.41499709174968 258.38530211988837 432.72982501704246 119.88763628480956 95.431841059587896 76.281666310271248 35.575107952579856 366.1496045589447 26.036581534892321 40.933925364166498
leaf_count=10590 444111 355 856 10500 3608 1342 2845 14509 535 635 316 1442 142 130
internal_value=-0.00106743 0.0168149 0.0199596 0.0155147 0.012587 0.0158778 0.0213144 -0.00657099 0.0146822 0.0102103 0.0438796 0.0328943 0.0371259 0.0102606
internal_weight=3401.5 2287.15 2016.7 1509.1 1374.46 1215.04 862.829 270.456 604.443 509.011 134.648 507.592 433.12 66.9705
internal_count=491916 47805 22706 20637 19465 15857 5357 25099 4015 3480 1172 2069 1714 272
is_linear=0
shrinkage=0.04


Tree=38
num_leaves=15
num_cat=0
split_feature=44 44 28 3 23 28 45 45 47 10 36 44 5 0
split_gain=1323.75 101.498 97.9222 50.84 48.2754 46.1922 44.777 43.9124 69.5459 37.9595 34.5698 35.2392 29.9137 27.3993
threshold=0.66463297080122563 0.17563164833302702 0.10131854000000003 1.2367865000000002 1.7348539100000002 0.56783068000000003 -0.043685619999999974 0.11020290500000009 0.85317538250000013 1962.5000000000002 0.16884731649510068 0.42050185613730934 611.7856965000002 574.49750000000006
decision_type=2 2 2 2 2 2 2 2 2 2 2 2 2 2
left_child=1 4 13 7 -1 -5 -6 8 -4 -7 11 -10 -13 -3
right_child=-2 2 3 5 6 9 -8 -9 10 -11 -12 12 -14 -15
leaf_value=0.035158664271350358 -0.0375851839792141 0.012975392756135557 0.061110963343539638 -0.0059008465299944506 0.033373828521725338 0.063677422989001239 0.0049547033696673171 -0.0035833688582691558 0.018755196605285795 0.0029252393754834165 0.035972222555562955 0.048953711878060878 -0.014854620750524896 -0.020958452674099015
leaf_weight=491.79805064108223 1073.3487265695585 44.035276852082461 65.144177861278877 281.72875375929289 139.12993649067357 25.762431662762538 236.27078325953335 114.25627757189795 425.33128673303872 36.477055401075631 143.28227615822107 8.4752970046829414 91.129171516979113 184.05730413086712
leaf_count=1995 444111 3866 1401 4265 743 304 2810 1757 2513 308 576 215 2450 24602
internal_value=-0.0010399 0.0161572 0.0095166 0.0141103 0.0269117 0.00111259 0.0157875 0.0193474 0.02292 0.0309372 0.0187706 0.0137803 -0.00734478 -0.0142694
internal_weight=3360.23 2286.88 1419.68 1191.59 867.199 343.968 375.401 847.618 733.362 62.2395 668.218 524.936 99.6045 228.093
internal_count=491916 47805 42257 13789 5548 4877 3553 8912 7155 612 5754 5178 2665 28468
is_linear=0
shrinkage=0.04


Tree=39
num_leaves=15
num_cat=0
split_feature=44 28 44 2 45 0 27 0 45 9 0 43 9 29
split_gain=1257.62 110.013 85.5257 62.1103 47.6851 46.0884 43.93 42.3889 39.782 39.3719 41.9748 43.3689 50.4333 38.7774
threshold=0.69940698455862427 0.1671931449999999 0.38863388935161586 2.4098990000000007 0.11020290500000009 574.49750000000006 0.18862718000000003 1122.5740000000003 0.065356680000000014 0.18249509500000002 634.07350000000008 1.0000000180025095e-35 2.3598120150000006 -0.070406279999999974
decision_type=2 2 2 2 2 2 2 2 2 2 2 2 2 2
left_child=1 2 8 4 6 -4 -3 9 13 -5 -11 -12 -13 -1
right_child=-2 3 5 7 -6 -7 -8 -9 -10 10 11 12 -14 -15
leaf_value=-0.025113873198618519 -0.038285581481556211 0.026393258801991379 0.015952325015590577 -0.032357725777164253 0.0070166216405256731 -0.029822614887793853 0.050640253057456328 -0.030549541873049334 -0.022805396401785645 0.028059862694483226 0.039890613485823956 0.012866503556081141 -0.016424092019882805 0.019647023123325481
leaf_weight=29.862053060904145 1004.0852015377022 554.9268135271268 41.193796734907664 23.446978575084358 148.70593338541221 161.4455298014218 161.42905002157204 30.518983600195497 44.408344460418448 285.88642215146683 58.148755311965942 319.02150267199613 127.7445499219466 329.16156989312731
leaf_count=2849 434320 3279 4706 223 1911 30954 669 659 1989 1923 200 2846 985 4403
internal_value=-0.00100694 0.0152033 0.000549919 0.0203806 0.0279116 -0.0203571 0.0321704 0.0125499 0.011172 0.0143419 0.0159212 0.00884041 0.00440231 0.0156302
internal_weight=3319.99 2315.9 606.071 1709.83 865.062 202.639 716.356 844.767 403.432 814.248 790.801 504.915 446.766 359.024
internal_count=491916 57596 44901 12695 5859 35660 3948 6836 9241 6177 5954 4031 3831 7252
is_linear=0
shrinkage=0.04


Tree=40
num_leaves=15
num_cat=0
split_feature=44 36 43 43 8 0 3 2 43 0 0 14 45 5
split_gain=1193.86 101.578 85.7164 50.0646 49.5255 46.8753 45.8335 44.8921 43.4689 43.2462 37.2345 35.5497 32.0366 30.9757
threshold=0.69940698455862427 0.10321076965488768 0.91040435499999994 1.0000000180025095e-35 0.71174877000000014 995.80050000000017 0.68480200000000013 2.7513640000000001 0.61904502000000006 713.99150000000009 717.78350000000012 67.500000000000014 -0.036675900000000004 444.74149900000003
decision_type=2 2 2 2 2 2 2 2 2 2 2 2 2 2
left_child=1 2 6 -3 7 8 -1 -5 -6 -8 -9 -12 -11 -4
right_child=-2 3 13 4 5 -7 9 10 -10 12 11 -13 -14 -15
leaf_value=0.044466725096758308 -0.038212104022423088 0.04195198349707617 0.026659462885734161 0.03257859941977196 0.025136842212325119 -0.02197773367852816 0.018491445746106838 0.023300610345263525 0.00070637192353038218 0.016269117090638056 -0.025835623017724435 0.043620888126433534 -0.0098115359939205896 -0.019834211182417134
leaf_weight=57.619136627297848 966.54198332317173 170.01418303698301 21.127469776663929 463.92470288265031 247.81675727944821 62.106608836329542 341.32209396664985 100.96980829036329 216.71591104380786 105.2195524207782 59.314025053638034 9.7143069882877153 233.43774453131482 225.26220705208834
leaf_count=655 434320 781 3726 3590 1061 652 4418 766 2153 1334 696 50 5863 31851
internal_value=-0.00098831 0.0146049 0.0048248 0.0217923 0.0186718 0.00947405 0.0116378 0.026179 0.0138683 0.00855169 0.00828248 -0.013775 -0.00158957 -0.0153965
internal_weight=3281.11 2314.56 983.988 1330.58 1160.56 526.639 737.599 633.923 464.533 679.979 169.998 69.0283 338.657 246.39
internal_count=491916 57596 47847 9749 8968 3866 12270 5102 3214 11615 1512 746 7197 35577
is_linear=0
shrinkage=0.04


Tree=41
num_leaves=15
num_cat=0
split_feature=44 28 44 2 45 0 27 0 9 8 11 19 45 48
split_gain=1134.33 95.9435 76.0452 55.716 45.0751 43.3827 41.9285 38.601 36.8422 37.8991 60.3571 36.5177 35.9975 34.5692
threshold=0.69940698455862427 0.1671931449999999 0.38863388935161586 2.4098990000000007 0.11020290500000009 574.49750000000006 0.18862718000000003 1122.5740000000003 0.18249509500000002 1.0294273200000001 4729.6954135000005 0.045814360000000005 0.065356680000000014 -0.030902294999999965
decision_type=2 2 2 2 2 2 2 2 2 2 2 2 2 2
left_child=1 2 12 4 6 11 -3 8 -5 -10 -11 -4 13 -1
right_child=-2 3 5 7 -6 -7 -8 -9 9 10 -12 -13 -14 -15
leaf_value=-0.026670755932019882 -0.038136209080411806 0.024594771707220679 -0.010664526765736034 -0.032104955841612361 0.0058547026296805853 -0.029371272360821345 0.048356006599316013 -0.030019194269440216 0.020236092614813985 -0.02619035944521873 0.015841984540181219 0.060779259448649682 -0.022423704645155983 0.017846039648065585
leaf_weight=25.991675255587325 930.46438392950222 555.54913306212984 29.430816387524828 23.284363580169156 150.07289634889457 154.8250043198932 158.91936389729381 29.899559465469792 561.66997882630676 79.80923237092793 148.78771632933058 12.595249990350565 43.64289092621766 337.86634278483689
leaf_count=2051 434320 3279 3318 223 1911 30954 669 659 4323 837 794 1388 1989 5201
internal_value=-0.000960051 0.0140493 0.000343734 0.0188837 0.0260148 -0.0197771 0.0301793 0.0114639 0.0131626 0.0146898 0.000920895 0.014933 0.0101854 0.0143476
internal_weight=3242.81 2312.34 604.352 1707.99 864.541 196.851 714.468 843.451 813.551 790.267 228.597 42.0261 407.501 363.858
internal_count=491916 57596 44901 12695 5859 35660 3948 6836 6177 5954 1631 4706 9241 7252
is_linear=0
shrinkage=0.04


Tree=42
num_leaves=15
num_cat=0
split_feature=44 44 28 3 2 0 2 8 7 26 1 28 14 8
split_gain=1077.21 91.1979 91.2391 49.0473 52.928 49.9845 44.5106 43.5187 45.2557 47.5113 50.4487 30.5957 30.0038 29.8304
threshold=0.69940698455862427 0.17563164833302702 0.10131854000000003 0.69528900000000016 2.7513640000000001 634.07350000000008 3.0050855000000003 1.0294273200000001 2553.5000000000005 576.50000000000011 1.4424805000000001 0.19984436999999997 76.500000000000014 0.37048908000000008
decision_type=2 2 2 2 2 2 2 2 2 2 2 2 2 2
left_child=1 6 -3 4 -4 12 -1 8 9 10 11 -7 -5 -13
right_child=-2 2 3 5 -6 7 -8 -9 -10 -11 -12 13 -14 -15
leaf_value=0.027304076407404766 -0.038057809427519344 -0.014931890953504532 0.046742108470490262 0.018256927690519592 -0.010033286725554699 -0.01510860829930412 0.00017900602269677962 -0.014047935075362918 0.038889886569187807 -0.0064301546237619644 -0.0042664257528658416 0.006671495786490767 0.073496194091067168 0.055986689196508024
leaf_weight=746.21696205763146 895.7953912691446 240.70608737855218 107.37883404374588 332.44105246139225 32.25197290815413 14.207847359473815 111.18454787274823 179.03375684563071 63.392327511450276 284.46153448324185 86.956313972244971 28.301207273732871 12.306473190197719 72.227337204734795
leaf_count=4815 434320 36549 848 3713 290 824 733 2103 522 4312 1812 354 99 622
internal_value=-0.000943651 0.0134933 0.00734873 0.0118134 0.0337346 0.00881841 0.023808 0.00283069 0.00840656 0.00407624 0.0186912 0.035542 0.0212513 0.0430772
internal_weight=3206.86 2311.07 1453.66 1212.96 139.631 1073.33 857.402 728.58 549.547 486.154 201.693 114.736 344.748 100.529
internal_count=491916 57596 52048 15499 1138 14361 5548 10549 8446 7924 3612 1800 3812 976
is_linear=0
shrinkage=0.04


Tree=43
num_leaves=15
num_cat=0
split_feature=42 49 0 10 0 36 4 0 43 3 43 0 1 24
split_gain=1020.91 96.3313 63.2503 48.023 56.8055 46.5891 43.7488 41.2818 36.5967 35.7154 34.9517 34.6812 40.308 34.3932
threshold=0.71111547500000005 3.5000000000000004 787.58500000000015 4009.5000000000005 533.98000000000013 0.19855643393868755 1170.5000000000002 439.78550000000001 1.0000000180025095e-35 0.68480200000000013 0.61904502000000006 1025.4850000000004 1.4007595000000002 790.50000000000011
decision_type=2 2 2 2 2 2 2 2 2 2 2 2 2 2
left_child=1 2 3 4 7 8 -4 13 -3 -10 -6 12 -11 -1
right_child=-2 5 6 -5 10 -7 -8 -9 9 11 -12 -13 -14 -15
leaf_value=-0.033719750885497855 -0.036961651336596589 0.043137948513687754 -0.027090285850914008 0.032374127910017467 0.0084843335894759543 0.036831316009003516 0.0017939311066082456 0.041181020442999712 0.038959256466701273 0.028353199363251678 -0.012834831710465794 -0.0088386330087592731 0.0071278134600991274 0.041625883869994558
leaf_weight=23.228943941416219 896.07913535018452 74.966355334967375 127.60676150256768 138.48090043361299 326.72662528650835 249.07013347465545 226.87938759906683 103.33072418603115 80.851198887452483 226.95559719589073 190.59417946706526 110.88939025311265 386.6519461144926 9.8997650840319675
leaf_count=741 432256 292 20149 2264 2948 971 7238 3116 641 2056 14646 1725 2767 106
internal_value=-0.000914981 0.013326 0.00512462 0.0113873 0.00672997 0.0215941 -0.00883589 0.0291922 0.0170993 0.0144243 0.000582135 0.011438 0.0151442 -0.00869836
internal_weight=3172.21 2276.13 1146.75 792.261 653.78 1129.38 354.486 136.459 880.314 805.348 517.321 724.497 613.608 33.1287
internal_count=491916 59660 51208 23821 21557 8452 27387 3963 7481 7189 17594 6548 4823 847
is_linear=0
shrinkage=0.04


Tree=44
num_leaves=15
num_cat=0
split_feature=44 36 43 43 9 0 1 45 45 3 10 2 3 9
split_gain=976.151 83.2192 67.1477 47.1941 47.1032 41.7288 45.6467 44.5297 40.3634 34.84 34.7928 34.4354 32.6637 30.5958
threshold=0.69940698455862427 0.10321076965488768 0.91040435499999994 1.0000000180025095e-35 4.2925328600000006 1022.4180000000001 1.3976010000000003 0.15695614000000005 0.081413010000000022 0.79423450000000007 1570.5000000000002 1.6645210000000004 1.4448230000000002 2.2367783400000003
decision_type=2 2 2 2 2 2 2 2 2 2 2 2 2 2
left_child=1 2 8 -3 5 6 7 -5 9 13 -9 -7 -8 -1
right_child=-2 3 -4 4 -6 11 12 10 -10 -11 -12 -13 -14 -15
leaf_value=0.039945002148699532 -0.037897240171288121 0.039000620552869812 -0.014603814378939017 0.040735160591631514 -0.025423213507654807 0.054549087818395736 0.018457908478139721 0.059811986025588862 -0.022127957286544646 0.007786928472839294 -0.013579245202249757 -0.01066800744101459 -0.0044491915277845703 -0.0073062755432109459
leaf_weight=103.41130094393156 831.97131504584104 163.60526410443708 238.25071517052129 241.14570468326565 37.992186155403033 9.5119052072986943 579.09971044783015 7.8703079037368289 54.786786647280678 561.75230560055934 47.490983433555812 117.16285704402253 118.00405433727428 25.738451835000888
leaf_count=1168 434320 781 35577 1313 247 62 4216 148 1837 8948 611 1405 966 317
internal_value=-0.00088654 0.0125205 0.00368457 0.0190589 0.0160866 0.017601 0.0203461 0.0334446 0.00958614 0.0122419 0.000944492 -0.00388551 0.0145762 0.0306069
internal_weight=3137.79 2305.82 983.94 1321.88 1158.28 1120.29 993.611 296.507 745.689 690.902 55.3613 126.675 697.104 129.15
internal_count=491916 57596 47847 9749 8968 8721 7254 2072 12270 10433 759 1467 5182 1485
is_linear=0
shrinkage=0.04


Tree=45
num_leaves=15
num_cat=0
split_feature=44 49 0 36 10 11 44 9 2 4 0 22 44 0
split_gain=928.283 79.4191 58.883 47.1313 43.9202 60.1004 63.0759 49.3997 40.7479 39.7772 37.6349 38.7534 36.5116 34.4345
threshold=0.69940698455862427 3.5000000000000004 787.58500000000015 0.19855643393868755 4009.5000000000005 2169.4599125000004 0.22879600617713328 0.46353546500000004 2.6928410000000005 1212.5000000000002 574.49750000000006 0.63571330500000012 1.0000000180025095e-35 439.78550000000001
decision_type=2 2 2 2 2 2 2 2 2 2 2 2 2 2
left_child=1 2 4 12 5 10 7 -7 -9 -4 13 -12 -3 -1
right_child=-2 3 9 -5 -6 6 -8 8 -10 -11 11 -13 -14 -15
leaf_value=-0.0063071767266145032 -0.03781092180789318 0.04141841685215595 -0.025891437525977671 0.034861050479521989 0.030427821058323774 -0.023482259285073824 -0.019920137166074575 0.028647438065310966 -0.0048730821659018417 0.0015462033820230854 0.049665540665562641 -0.012020394941139241 0.012509136808094788 0.050580623776316336
leaf_weight=19.651289933011867 801.14894148951862 72.965915229171515 131.56997490336653 248.13393520377576 141.52563637879211 54.137254386674613 177.87645257508848 163.93832199368626 86.411231846548617 220.53297630941961 16.744448008597828 60.278797185630538 822.56983631046023 86.472062338609248
leaf_count=637 434320 292 17356 1004 2304 537 8507 1233 613 7261 1053 5619 7816 3364
internal_value=-0.000860425 0.0120488 0.00463887 0.019506 0.0105753 0.00615815 -0.00130786 0.0097113 0.0172086 -0.00892536 0.025334 0.00359987 0.0150815 0.0402367
internal_weight=3103.96 2302.81 1159.14 1143.67 807.035 665.51 482.363 304.487 250.35 352.103 183.147 77.0232 895.536 106.123
internal_count=491916 57596 48484 9112 23867 21563 10890 2383 1846 24617 10673 6672 8108 4001
is_linear=0
shrinkage=0.04


Tree=46
num_leaves=15
num_cat=0
split_feature=42 49 0 43 0 10 0 32 1 23 53 0 8 8
split_gain=879.28 79.3961 52.4081 43.0035 46.9203 39.4679 48.2811 39.0205 37.0757 35.0649 32.3312 36.5716 36.5051 31.3803
threshold=0.71111547500000005 3.5000000000000004 787.58500000000015 1.0000000180025095e-35 1025.4850000000004 4009.5000000000005 533.98000000000013 0.0013048245000000006 1.4007595000000002 1.9063086650000003 0.18831539250000004 628.75400000000002 1.5594971550000001 1.5089750800000001
decision_type=2 2 2 2 2 2 2 2 2 2 2 2 2 2
left_child=1 2 5 -3 8 6 9 -4 -5 -1 -10 -12 -13 -7
right_child=-2 3 7 4 -6 13 -8 -9 10 -11 11 12 -14 -15
leaf_value=0.034692099858929459 -0.036603682688667719 0.042507316649742874 -0.034121748780053383 0.031534388766952408 -0.0047663019623543461 0.03992092537683295 0.00015438540314131327 -0.0014918537750435404 -0.03200956593686316 -0.017856960418132232 0.030938178580988237 0.011929966747748481 -0.036675533383561824 -0.0022358676474612126
leaf_weight=117.79643309966195 805.47381672798656 113.23530542850494 69.415196523419581 297.15595897310413 138.98162965127267 103.1336344195297 515.05569496948738 278.9735556372907 19.033781072706915 21.112271127756685 171.37369647948071 362.57424285181332 21.689864896470681 37.551705728867091
leaf_count=3501 432256 464 16707 2459 1952 1392 17594 10680 161 462 966 2307 143 872
internal_value=-0.000835683 0.0119249 0.00447102 0.0194515 0.0166721 0.0101241 0.00587903 -0.00838403 0.0200974 0.0263624 0.0139625 0.0158087 0.00875057 0.0289779
internal_weight=3072.56 2267.08 1143.04 1124.04 1010.81 794.65 653.964 348.389 871.828 138.909 574.672 555.638 384.264 140.685
internal_count=491916 59660 51208 8452 7988 23821 21557 27387 6036 3963 3577 3416 2450 2264
is_linear=0
shrinkage=0.04


Tree=47
num_leaves=15
num_cat=0
split_feature=44 44 28 3 23 21 45 45 32 44 27 0 11 44
split_gain=841.992 76.217 69.8777 42.2096 41.621 38.4279 46.4474 37.8379 31.2175 27.2208 25.8711 25.4353 49.4288 28.3883
threshold=0.69940698455862427 0.17563164833302702 0.10131854000000003 1.3826585000000002 1.7348539100000002 0.9447718300000002 0.099480620000000033 -0.043685619999999974 0.0034005735000000007 0.42050185613730934 0.24751057000000004 574.49750000000006 2149.9150295000004 0.35559481964104928
decision_type=2 2 2 2 2 2 2 2 2 2 2 2 2 2
left_child=1 4 11 5 -1 6 -4 -6 -5 -7 -10 12 -3 -13
right_child=-2 2 3 8 7 9 -8 -9 10 -11 -12 13 -14 -15
leaf_value=0.028607380276215295 -0.037634969740780969 0.042012337555896402 0.045905728653650411 0.057651976059612531 0.026682963097861587 0.012821398443265016 0.00051452636133969749 0.00063103513338211802 -0.016815669489079619 -0.0051055265062306503 0.019021601227813489 -0.0012691906276746652 -0.031426528029267528 -0.033245743599677371
leaf_weight=469.32130816346034 744.66125574964099 28.296001433860511 102.84978198679164 6.4877990556415162 139.07606219733134 689.74648894090205 54.365808856207877 234.85337411053479 166.68726438330486 165.45339195348788 35.285785714630038 72.532106910599396 21.49567399173975 111.3170835004421
leaf_count=1995 434320 2973 2875 463 743 3878 1685 2810 2723 3635 240 3457 1849 28270
internal_value=-0.000816274 0.0111717 0.00559166 0.00943031 0.0207071 0.012796 0.0307089 0.0105448 -0.00683236 0.0093436 -0.0102464 -0.0142443 0.0103332 -0.020998
internal_weight=3042.43 2297.77 1454.52 1220.88 843.251 1012.42 157.216 373.929 208.461 855.2 201.973 233.641 49.7917 183.849
internal_count=491916 57596 52048 15499 5548 12073 4560 3553 3426 7513 2963 36549 4822 31727
is_linear=0
shrinkage=0.04


Tree=48
num_leaves=15
num_cat=0
split_feature=44 44 28 3 2 30 1 1 19 3 26 3 29 28
split_gain=802.2 73.2655 72.06 40.8441 45.3584 41.9697 40.6492 40.2711 36.746 34.7407 37.2609 33.9774 32.4389 30.6331
threshold=0.72537237699535151 0.17563164833302702 0.10131854000000003 0.69528900000000016 2.7513640000000001 0.049502114000000007 1.5731580000000001 1.5809820000000003 0.11185215000000001 1.3168530000000003 911.50000000000011 1.5848675000000003 0.55054728000000008 -0.11638388500000001
decision_type=2 2 2 2 2 2 2 2 2 2 2 2 2 2
left_child=1 6 -3 4 -4 8 13 -8 9 10 -5 12 -9 -1
right_child=-2 2 3 5 -6 -7 7 11 -10 -11 -12 -13 -14 -15
leaf_value=-0.026724920187421369 -0.038213089906957015 -0.014445108505276773 0.040897118139756994 0.012183613427336194 -0.011021205541409135 0.027354393526540569 -0.046308884947054409 0.0047631973567106899 0.059342213875158589 -0.011696024534057483 -0.0076340671006101006 -0.011224771923924839 0.029500007528222027 0.030793335181939576
leaf_weight=11.720007353462277 698.31041366234422 245.39626186108217 109.16989828296937 520.25405892031267 32.847043942892924 129.14611197530758 13.958075185306368 153.55331818992272 13.457659346982835 213.35427467152476 209.55191796820145 69.966714295558631 190.93691950663924 401.1095557664521
leaf_count=629 424844 44597 922 7921 324 1188 51 1551 213 4070 2289 463 696 2158
internal_value=-0.000793136 0.0105553 0.00514662 0.00910512 0.0289225 0.00639232 0.0199405 0.0111116 0.00343487 0.00232842 0.00648006 0.0135744 0.0186997 0.0288602
internal_weight=3012.73 2314.42 1473.18 1227.78 142.017 1085.76 841.245 428.415 956.618 943.16 729.806 414.457 344.49 412.83
internal_count=491916 67072 61524 16927 1246 15681 5548 2761 14493 14280 10210 2710 2247 2787
is_linear=0
shrinkage=0.04


Tree=49
num_leaves=15
num_cat=0
split_feature=44 36 43 43 8 7 0 9 2 45 0 3 0 43
split_gain=763.843 69.4167 56.006 43.1031 42.8812 43.8716 41.0632 48.8418 37.0286 35.2462 32.5858 30.7121 30.4511 29.9534
threshold=0.72537237699535151 0.10321076965488768 0.91040435499999994 1.0000000180025095e-35 0.72652992000000005 2617.5000000000005 619.53850000000011 3.8373327750000006 2.7513640000000001 0.081413010000000022 533.98000000000013 0.68480200000000013 717.78350000000012 1.2821619200000003
decision_type=2 2 2 2 2 2 2 2 2 2 2 2 2 2
left_child=1 2 9 -3 8 -6 -7 13 -5 11 -4 -1 -10 -8
right_child=-2 3 10 4 5 6 7 -9 12 -11 -12 -13 -14 -15
leaf_value=0.036889502723661323 -0.038139115954808324 0.035784954518240666 0.019986910469840739 0.026049010592908952 -0.0076713711908526832 0.043175731769531607 0.021117725092063711 -0.033284398793878733 0.017895073772688588 -0.022142202517887757 -0.019841895412222109 0.0074230770749296347 -0.015161442928307858 -0.029198146477378839
leaf_weight=57.751222288236022 672.21419330663048 154.97399392025545 34.490490489057265 469.8340716494713 239.91319332970306 60.99722192378249 157.89525160915218 35.212611909024417 103.04503375967033 54.078178576892242 214.81855389755219 638.92377952462994 71.158804638427682 17.016024973476306
leaf_count=595 424844 781 3575 3926 2150 354 780 286 816 1837 40962 9838 838 334
internal_value=-0.000774026 0.0101577 0.00220316 0.0161985 0.0134277 0.00470774 0.0156025 0.00678073 0.0202573 0.00765678 -0.0140472 0.0101112 0.00434587 0.0155474
internal_weight=2982.32 2310.11 1000.06 1310.05 1155.07 511.034 271.121 210.124 644.038 750.753 249.309 696.675 174.204 174.911
internal_count=491916 67072 56807 10265 9484 3904 1754 1400 5580 12270 44537 10433 1654 1114
is_linear=0
shrinkage=0.04


Tree=50
num_leaves=15
num_cat=0
split_feature=42 49 18 29 7 36 53 8 53 0 45 2 0 0
split_gain=722.067 67.0698 49.7453 42.4424 44.7726 41.8144 28.127 27.8398 31.0421 31.792 27.8026 27.8338 32.6163 27.6852
threshold=0.72181963999999998 3.5000000000000004 0.95108816500000015 0.039144735000000021 3145.5000000000005 0.19855643393868755 0.17180101 1.0585352750000003 2.0399416300000004 553.86350000000004 0.13883959500000004 2.1577470000000001 634.07350000000008 522.49850000000015
decision_type=2 2 2 2 2 2 2 2 2 2 2 2 2 2
left_child=1 2 13 -4 7 6 -3 8 9 -5 11 -8 -13 -1
right_child=-2 5 3 4 -6 -7 10 -9 -10 -11 -12 12 -14 -15
leaf_value=0.06302692172226447 -0.03626992543967756 -0.026226400205942628 -0.021088856383997118 0.018971387083246246 0.026712750763822547 0.03199149672668581 0.024822621041221647 -0.017759801203860968 0.035655664388853328 -0.0043871582567781434 -0.028687586665085352 0.025718903633920452 0.0034374852617806589 0.015684983866690282
leaf_weight=18.589694360736758 694.66210174991284 23.899743469431996 130.80078269552905 112.46312587708235 105.71677542012185 237.13886128552258 311.66826941189356 120.33256443508435 38.138169190031476 446.89707426214591 19.062880683806725 141.01548365491908 382.33721712988336 170.92074453679379
leaf_count=682 430488 271 24609 1552 1356 971 2737 1856 403 13510 482 824 3276 8899
internal_value=-0.000754836 0.0102224 0.00339284 -0.000362955 0.00303626 0.0171816 0.013023 -0.0006113 0.00296103 0.000435705 0.0142676 0.0154131 0.00962771 0.0218297
internal_weight=2953.64 2258.98 1143.86 954.348 823.548 1115.12 877.984 717.831 597.498 559.36 854.084 835.021 523.353 189.51
internal_count=491916 61428 52867 43286 18677 8561 7590 17321 15465 15062 7319 6837 4100 9581
is_linear=0
shrinkage=0.04


Tree=51
num_leaves=15
num_cat=0
split_feature=44 43 28 3 53 2 3 3 29 28 44 5 27 53
split_gain=695.597 66.5231 66.3677 46.5247 31.9765 30.4817 36.2652 30.3164 29.1243 26.608 25.5786 34.3787 25.4302 22.8627
threshold=0.72537237699535151 0.22937083999999999 0.10131854000000003 1.3826585000000002 0.42967079000000002 2.6681060000000003 0.69528900000000016 1.6434930000000003 0.10201720500000001 0.56783068000000003 0.35559481964104928 444.74149900000003 0.15516773000000003 3.6112057200000005
decision_type=2 2 2 2 2 2 2 2 2 2 2 2 2 2
left_child=1 4 10 5 -1 6 -4 -6 -5 -10 -3 -12 -8 -7
right_child=-2 2 3 8 7 13 12 -9 9 -11 11 -13 -14 -15
leaf_value=-0.00012268441593380261 -0.03798946575238895 0.0011452126844596279 0.039074304940701958 0.053929926166559915 0.030303465300562559 0.0063249587115432491 0.0083588944245412619 6.1563391716540911e-05 -0.014625967719043384 0.015679053418377678 0.018745171562084953 -0.03088559750259685 0.025177946145909194 -0.028481859459399132
leaf_weight=88.814188834279776 624.76534687780077 128.57228614739142 100.52280215523206 7.6197090876521534 380.88278524111956 401.86514925723895 477.69243922876194 61.511890558991581 214.57235449098516 54.35818178486079 23.329894772847183 128.21112032106612 206.52147465932649 27.68217646132689
leaf_count=674 424844 4968 837 547 2500 4827 6652 409 3114 361 5500 35055 1353 275
internal_value=-0.000730758 0.00944103 0.00568471 0.00904247 0.0217941 0.0124058 0.0170736 0.0261462 -0.00568353 -0.00832612 -0.0120313 -0.0228902 0.0135813 0.00377992
internal_weight=2926.92 2302.16 1770.95 1490.83 531.209 1214.28 784.737 442.395 276.55 268.931 280.113 151.541 684.214 429.547
internal_count=491916 67072 63489 17966 3583 13944 8842 2909 4022 3475 45523 40555 8005 5102
is_linear=0
shrinkage=0.04


Tree=52
num_leaves=15
num_cat=0
split_feature=44 44 28 2 11 3 19 0 11 29 9 8 43 3
split_gain=662.679 62.4311 55.1777 37.3678 36.9704 42.1394 31.358 28.8877 41.2376 29.7283 28.1429 27.7218 30.7551 27.3557
threshold=0.72537237699535151 0.17563164833302702 0.10131854000000003 3.0050855000000003 2332.8170830000004 1.2367865000000002 0.050004630000000008 574.49750000000006 2149.9150295000004 0.19450003000000002 3.6634144900000005 0.39889083000000009 1.3211734100000003 1.5720745000000003
decision_type=2 2 2 2 2 2 2 2 2 2 2 2 2 2
left_child=1 3 7 13 6 10 -4 8 -3 -9 11 -6 -13 -1
right_child=-2 2 4 -5 5 -7 -8 9 -10 -11 -12 12 -14 -15
leaf_value=0.024576520045886854 -0.0379079445058563 0.039565531724371689 0.01254965093771062 -0.003856858943302064 -0.013339616806592687 -0.0099136879415824049 0.043926227000180236 -0.029566292845820172 -0.027150652003329029 0.0069827768577758326 -0.022004347825223095 0.016988679033878934 -0.015698234788426049 0.0035595083908132818
leaf_weight=600.0262779914774 601.54366566735553 30.278173813247122 267.27488247200381 108.95302662532777 62.608898442354985 267.53981883102097 60.428796133492142 139.57005687709898 21.029259412782267 45.033971507567912 39.596656886162236 489.39907295745797 46.896830909070559 120.72824960295111
leaf_count=3970 424844 3609 5279 733 745 3989 1068 35704 2100 3184 435 3391 2020 845
internal_value=-0.000709199 0.00908362 0.00410569 0.0178236 0.00749987 0.00329231 0.0189087 -0.0134321 0.012238 -0.0207012 0.00885981 0.0110657 0.0140117 0.0211049
internal_weight=2900.91 2299.36 1469.66 829.708 1233.74 906.041 327.704 235.911 51.3074 184.604 638.501 598.905 536.296 720.755
internal_count=491916 67072 61524 5548 16927 10580 6347 44597 5709 38888 6591 6156 5411 4815
is_linear=0
shrinkage=0.04


Tree=53
num_leaves=15
num_cat=0
split_feature=44 29 43 0 8 18 49 7 0 53 3 53 45 36
split_gain=631.158 58.5722 58.0469 61.0747 50.4655 51.4503 44.7962 37.4902 41.922 29.3774 28.5609 28.1652 29.1212 30.1536
threshold=0.72537237699535151 -0.10233427499999996 0.22937083999999999 1070.5350000000003 1.0882040450000001 0.95108816500000015 3.5000000000000004 2617.5000000000005 619.53850000000011 3.7855038725000001 1.6078085000000002 0.42967079000000002 0.065356680000000014 0.11140620316555414
decision_type=2 2 2 2 2 2 2 2 2 2 2 2 2 2
left_child=1 -1 11 4 5 10 -7 -6 -9 -10 -4 -3 -13 -14
right_child=-2 2 3 -5 7 6 -8 8 9 -11 -12 12 13 -15
leaf_value=-0.024932771106431564 -0.03782367436331481 0.00062972948032872481 0.034037295665802061 -0.016123633585975253 -0.022819371706379227 1.4900089318961976e-05 0.017102483148735869 0.034036087113304164 0.0041605322670344516 -0.032927823281153595 -0.021416853702720621 0.030270119970903512 -0.035371906905046442 0.018291897632208218
leaf_weight=75.237861047964543 579.22976007958641 85.453767839819193 201.2396477451548 169.58838770643342 113.8226940225577 478.62129424489103 498.93093948613387 53.834090493153781 139.04510672041215 39.937729773228057 12.724834288936107 360.26553591759875 19.364414308220148 48.673595489934087
leaf_count=12908 424844 474 5840 10510 3237 23629 4618 649 2005 604 484 1743 200 171
internal_value=-0.00069531 0.00873016 0.00992368 0.00634159 0.0088627 0.0127586 0.00877885 -0.0045199 0.00471827 -0.00478521 0.0303256 0.0216548 0.0257939 0.00164265
internal_weight=2875.97 2296.74 2221.5 1707.74 1538.16 1191.52 977.552 346.64 232.817 178.983 213.964 513.757 428.304 68.038
internal_count=491916 67072 54164 51576 41066 34571 28247 6495 3258 2609 6324 2588 2114 371
is_linear=0
shrinkage=0.04


Tree=54
num_leaves=15
num_cat=0
split_feature=44 36 43 43 8 7 0 9 2 26 3 0 5 1
split_gain=601.196 56.9035 43.4402 39.4971 37.4179 36.3439 37.0501 42.5747 33.1935 30.955 35.7403 36.4201 29.2259 28.6006
threshold=0.72537237699535151 0.10321076965488768 0.91040435499999994 1.0000000180025095e-35 0.71174877000000014 2617.5000000000005 619.53850000000011 3.8373327750000006 2.7513640000000001 486.50000000000006 0.68480200000000013 713.99150000000009 481.16092950000001 1.7620820000000001
decision_type=2 2 2 2 2 2 2 2 2 2 2 2 2 2
left_child=1 2 9 -3 8 -6 -7 -8 -5 -1 -11 -12 -4 -10
right_child=-2 3 12 4 5 6 7 -9 13 10 11 -13 -14 -15
leaf_value=-0.013309780770213093 -0.037736564519255049 0.033083301908995041 0.017992775687498633 0.023328576025684153 -0.0077805234748843247 0.039374644678720989 0.013015279928486636 -0.032986011735607022 -0.021723101598476593 0.038825249502199691 0.016645753690457957 -0.0031265508936156438 -0.019180793232075968 0.012979716630460044
leaf_weight=109.62110843649134 557.78821468382375 148.06374071957543 36.202617965056561 460.42747061769478 246.1402141781291 61.206698284717277 175.19229507551063 34.274356620153412 49.330817694892175 54.680060316808522 277.61349056870677 312.61961333674844 206.08578575472347 121.71575357229449
leaf_count=1636 424844 781 8075 3866 2228 357 1128 286 439 618 3325 6691 36462 1180
internal_value=-0.000684056 0.00839103 0.00119315 0.0139 0.0112937 0.00326287 0.0132643 0.00489469 0.017789 0.00592833 0.00927563 0.00623497 -0.0133748 0.00263851
internal_weight=2850.96 2293.17 996.823 1296.35 1148.29 516.814 270.673 209.467 631.474 754.534 644.913 590.233 242.288 171.047
internal_count=491916 67072 56807 10265 9484 3999 1771 1414 5485 12270 10634 10016 44537 1619
is_linear=0
shrinkage=0.04


Tree=55
num_leaves=15
num_cat=0
split_feature=44 48 43 3 0 45 29 2 3 21 28 36 44 23
split_gain=573.21 57.6213 52.0368 53.3862 47.3863 43.9785 41.3414 45.0793 43.1329 38.4558 34.4607 32.5322 30.8466 27.8434
threshold=0.74775147557290367 -0.01605858499999999 1.0000000180025095e-35 1.5370215 662.98350000000016 0.090059949999999958 0.11582499000000003 2.7513640000000001 0.70866950000000017 0.9447718300000002 0.45925594500000005 0.13387425804125397 0.42050185613730934 0.46772928500000005
decision_type=2 2 2 2 2 2 2 2 2 2 2 2 2 2
left_child=1 -1 -3 4 5 9 -6 8 13 -4 -5 -10 -11 -8
right_child=-2 2 3 10 6 -7 7 -9 11 12 -12 -13 -14 -15
leaf_value=-0.021156523878039863 -0.03827988464025886 0.027273464169374421 0.050310136172945844 -0.024452394187731673 -0.02217415258600593 -0.0093973061045385595 -0.01323180817428601 -0.007245168426415211 0.00064022608164565089 0.021406902892422128 0.0099849285387394772 0.018704910821715336 -0.0071531401469395704 0.044331303854669026
leaf_weight=99.522105361276772 522.60812942654593 226.19310255581513 62.701279125001747 127.00846153689781 82.375163329124916 80.849962281819899 13.555129738408139 276.55908075504703 406.69211315835128 453.24848389299586 68.303071926464327 257.8225855412893 67.245245978003368 82.255005689221434
leaf_count=17993 415071 1203 5946 5892 21368 2075 372 4625 9491 2821 582 1481 2318 678
internal_value=-0.000664426 0.00793094 0.00928881 0.00716926 0.00934799 0.0177749 0.00429158 0.00649047 0.0115013 0.0215897 -0.0124606 0.00773642 0.0176841 0.035935
internal_weight=2826.94 2304.33 2204.81 1978.62 1783.3 664.045 1119.26 1036.88 760.325 583.195 195.312 664.515 520.494 95.8101
internal_count=491916 76845 58852 57649 51175 13160 38015 16647 12022 11085 6474 10972 5139 1050
is_linear=0
shrinkage=0.04


Tree=56
num_leaves=15
num_cat=0
split_feature=42 49 18 43 7 2 43 0 31 2 5 0 6 6
split_gain=539.728 52.1038 43.7852 40.4555 38.5134 41.4649 38.1984 39.3933 28.0169 31.1984 27.7292 31.756 27.4729 26.8477
threshold=0.72181963999999998 3.5000000000000004 0.95108816500000015 0.61904502000000006 3243.5000000000005 2.9992215000000004 1.0000000180025095e-35 1025.4850000000004 0.037855378666666668 2.3833555000000004 467.30370150000005 569.74850000000004 0.68239394500000017 1.5186766100000002
decision_type=2 2 2 2 2 2 2 2 2 2 2 2 2 2
left_child=1 2 10 4 5 13 -3 8 9 -8 11 -1 -2 -4
right_child=12 6 3 -5 -6 -7 7 -9 -10 -11 -12 -13 -14 -15
leaf_value=0.10715830184621723 -0.038568211468088275 0.037468243065965828 -0.012708416657650079 -0.011363990590143921 0.034011203558271183 -0.029205486283653326 0.020036109559932069 -0.0076252586109081333 0.031272174699913204 0.0034156711131235313 0.014507351866030912 -0.010457227323945941 -0.0099769510064608123 0.010875137704749497
leaf_weight=6.1990800349740294 500.16255014395574 99.865333214402199 94.161544116446748 382.27613195875892 61.496363200712949 56.586913479026407 358.79049268644303 139.36159240978304 139.47752060554922 363.98545885347994 180.66753248230089 4.249856720212847 64.858707529725507 350.46227790578268
leaf_count=623 412188 464 1308 37466 459 510 2935 1997 564 2601 6944 2014 18300 3543
internal_value=-0.00064828 0.00818703 0.00215963 -0.0014027 0.00540501 0.00159388 0.014366 0.011888 0.0150676 0.0117471 0.0193604 0.0714189 -0.0354025 0.00579488
internal_weight=2802.6 2237.58 1136.1 944.983 562.707 501.211 1101.48 1001.62 862.253 722.776 191.116 10.4489 565.021 444.624
internal_count=491916 61428 52867 43286 5820 5361 8561 8097 6100 5536 9581 2637 430488 4851
is_linear=0
shrinkage=0.04


Tree=57
num_leaves=15
num_cat=0
split_feature=44 48 0 45 36 2 3 39 14 37 44 9 0 53
split_gain=522.337 52.7179 48.7065 40.9825 59.6754 44.6893 38.808 38.394 37.8129 28.5543 34.1842 31.9833 30.5493 32.4325
threshold=0.74775147557290367 -0.01605858499999999 1070.5350000000003 0.13111237499999998 0.19855643393868755 2.7513640000000001 0.68480200000000013 0.35596371538418697 36.500000000000007 0.51598896500000013 0.22879600617713328 0.46353546500000004 533.98000000000013 0.25273271500000005
decision_type=2 2 2 2 2 2 2 2 2 2 2 2 2 2
left_child=1 -1 3 4 5 6 -3 -5 -7 -8 11 -11 13 -12
right_child=-2 2 -4 7 -6 8 9 -9 -10 10 12 -13 -14 -15
leaf_value=-0.020740861514412047 -0.038138415362467919 0.041085398300084168 -0.0089730527536928967 -0.026507281279040975 0.030797639719532182 -0.012436709294262769 0.053271135113990634 0.0076055417673372054 0.01207894019241559 -0.0039051618619395474 -0.018374253053287899 0.022943774352524638 -0.00019292292402258305 0.041259000241680076
leaf_weight=97.465680033259559 484.55260951485252 72.995183202729095 221.55294697463978 81.771114714501891 245.12903127993923 227.25090431602439 20.995414864621125 130.73089357919525 172.75707984244218 84.646422402467579 16.140360755030997 396.05634728074074 472.46621173975291 54.105802927631885
leaf_count=17993 415071 1583 12611 4111 1231 6441 3150 1472 2218 546 857 1980 21211 1441
internal_value=-0.00062348 0.00736614 0.00865756 0.010653 0.0126509 0.00962794 0.0137197 -0.00582872 -0.00183038 0.0116204 0.0105111 0.0182244 0.00357504 0.0272467
internal_weight=2778.62 2294.06 2196.6 1975.04 1762.54 1517.41 1117.41 212.502 400.008 1044.41 1023.42 480.703 542.712 70.2462
internal_count=491916 76845 58852 46241 40658 39427 30768 5583 8659 29185 26035 2526 23509 2298
is_linear=0
shrinkage=0.04


Tree=58
num_leaves=15
num_cat=0
split_feature=44 44 18 28 1 1 2 0 3 23 44 45 32 8
split_gain=498.457 50.4511 50.517 49.2828 34.3197 34.7759 33.8105 29.6116 29.5206 28.3593 28.272 43.0635 28.0594 27.9927
threshold=0.74775147557290367 0.17563164833302702 0.86208240000000014 0.10131854000000003 1.5731580000000001 1.5809820000000003 2.4098990000000007 634.07350000000008 1.5848675000000003 0.41087925500000005 0.65637984939306304 0.071199894999999916 0.018351576000000005 0.18084778500000001
decision_type=2 2 2 2 2 2 2 2 2 2 2 2 2 2
left_child=1 4 -3 -4 9 -6 10 13 12 -1 -5 -12 -7 -8
right_child=-2 2 3 6 5 8 7 -9 -10 -11 11 -13 -14 -15
leaf_value=-0.012100189924135177 -0.038063363668939018 0.057311745966898052 -0.014838023184429597 0.0097142785061850364 -0.046667889788149799 0.0015880609660887718 -0.039805670147744603 -0.0088395696851651193 -0.013930068892803411 0.026502227097402829 0.12173943332177908 -0.0092901720575733135 0.024745388226393068 0.014541988631122525
leaf_weight=30.343993134796619 466.46237859793473 21.592637116496917 236.85864695394412 646.22154593362939 13.664023291319607 155.00176115473732 11.720904784393495 370.46036516543245 68.382906761486083 365.99373399699107 3.9458418475114723 6.0945752887637354 178.92388191819191 180.58813787694089
leaf_count=155 415071 740 52538 6476 51 1551 267 6856 463 2632 958 1231 696 2231
internal_value=-0.000603711 0.00709364 0.00267243 0.00166868 0.0150697 0.0069176 0.00492346 -0.00226443 0.00928812 0.0234329 0.0110579 0.0655561 0.0141782 0.0103048
internal_weight=2756.26 2289.79 1477.48 1455.89 812.31 415.973 1219.03 562.769 402.309 396.338 656.262 10.0404 333.926 192.309
internal_count=491916 76845 71297 70557 5548 2761 18019 9354 2710 2787 8665 2189 2247 2498
is_linear=0
shrinkage=0.04


Tree=59
num_leaves=15
num_cat=0
split_feature=44 30 43 3 19 9 8 2 7 0 54 0 45 45
split_gain=475.716 49.1626 54.597 42.8147 39.5158 36.8788 35.5321 35.5196 34.0434 32.3875 29.4277 28.1205 37.0306 27.1139
threshold=0.74775147557290367 0.037734812000000013 0.61904502000000006 0.79423450000000007 0.11185215000000001 0.48143243500000005 1.2201735550000004 2.4155185000000006 2441.5000000000005 533.98000000000013 1.0000000180025095e-35 906.61700000000008 -0.01875309000000001 0.10457082999999998
decision_type=2 2 2 2 2 2 2 2 2 2 2 2 2 2
left_child=1 2 3 -1 6 -5 8 13 9 -4 11 12 -11 -3
right_child=-2 7 4 5 -6 -7 -8 -9 -10 10 -12 -13 -14 -15
leaf_value=0.03274809347392961 -0.037985748622494937 0.039924389198275075 0.016286455169901883 -0.0097575085866180543 0.04769010115497415 0.011112639813438454 -0.024683957035888542 0.0085154926629481941 0.017501654049573444 -0.021168714810180164 -0.019990100610212579 -0.0164960811065019 0.020332722963167429 0.0072403229934032386
leaf_weight=114.2603076111991 449.07964691595407 143.07209915458225 87.417454878857825 164.06454513268545 18.386304710584227 691.49685110361315 120.34070496470667 271.12105751421768 119.08942317956826 42.285396713006776 226.42077702638926 103.39699002902489 124.74285116163082 59.495612046914175
leaf_count=827 415071 762 4616 1693 864 5659 8658 1771 3428 606 41728 3138 2425 670
internal_value=-0.000584616 0.00683095 0.003807 0.010254 -0.0036347 0.00707709 -0.00506119 0.0182372 -0.00155328 -0.00555277 -0.00951925 -0.000548502 0.0095162 0.0307305
internal_weight=2734.67 2285.59 1811.9 969.822 842.08 855.561 823.694 473.689 703.353 584.263 496.846 270.425 167.028 202.568
internal_count=491916 76845 73642 8179 65463 7352 64599 3203 55941 52513 47897 6169 3031 1432
is_linear=0
shrinkage=0.04


Tree=60
num_leaves=15
num_cat=0
split_feature=44 29 0 3 43 8 18 53 49 28 2 50 45 8
split_gain=454.075 48.0773 45.1574 41.5242 42.3107 40.881 50.7853 30.6132 29.033 29.0303 27.7041 24.6085 24.2106 31.4568
threshold=0.74775147557290367 -0.10233427499999996 1070.5350000000003 1.5720745000000003 0.4016431299999999 1.0585352750000003 0.95108816500000015 0.47116028500000007 3.5000000000000004 0.45925594500000005 1.6645210000000004 5.5000000000000009 -0.026000100000000106 0.28432923000000004
decision_type=2 2 2 2 2 2 2 2 2 2 2 2 2 2
left_child=1 -1 3 4 7 6 -6 -3 -8 -5 -4 -12 -10 -14
right_child=-2 2 10 9 5 -7 8 -9 12 -11 11 -13 13 -15
leaf_value=-0.024414097365576835 -0.037905486583080614 0.0034863281762463321 0.03337494475727569 -0.018087895992644269 0.03028944914080095 -0.0064072757311422158 -0.0016556499123920715 0.025402476774662622 -0.0022044335650221107 0.0130858616800331 -0.022536220954790701 0.0069757509875972637 -0.0044344040679621119 0.026735830605721184
leaf_weight=72.651263541833032 432.37678217695793 134.26398734003305 17.429588447557762 133.72816512658028 174.85054610943189 270.47210617852397 360.49677975702798 443.45746998349205 107.82063361111796 68.571764596970752 142.74687099922448 62.318314033094794 65.048429514921736 226.81341396161588
leaf_count=14214 415071 749 1273 4515 6542 6170 24348 2150 918 464 11268 852 1019 2363
internal_value=-0.000566411 0.00657989 0.00765255 0.00956869 0.011516 0.00720016 0.0111495 0.0203827 0.00657788 -0.00746045 -0.00928142 -0.0136151 0.0139329 0.0198311
internal_weight=2713.05 2280.67 2208.02 1985.52 1783.22 1205.5 935.03 577.721 760.179 202.3 222.495 205.065 399.682 291.862
internal_count=491916 76845 62631 49238 44259 41360 35190 2899 28648 4979 13393 12120 4300 3382
is_linear=0
shrinkage=0.04


Tree=61
num_leaves=15
num_cat=0
split_feature=44 29 43 3 18 53 28 2 43 27 7 23 29 5
split_gain=433.358 45.123 44.3676 50.6961 34.5808 39.2506 31.8105 29.4983 27.9466 25.5817 25.5544 30.6397 29.4679 25.3071
threshold=0.74775147557290367 -0.10233427499999996 1.0000000180025095e-35 1.5370215 0.95108816500000015 2.2332609500000005 0.45925594500000005 1.8261460000000003 0.61904502000000006 0.24751057000000004 3048.5000000000005 0.24250998000000004 0.74686528500000005 2389.6437990000004
decision_type=2 2 2 2 2 2 2 2 2 2 2 2 2 2
left_child=1 -1 -3 4 5 7 -5 -4 10 -10 11 -6 13 -13
right_child=-2 2 3 6 8 -7 -8 -9 9 -11 -12 12 -14 -15
leaf_value=-0.024042944074017646 -0.037822492909259875 0.024101190406914556 0.058092137513853517 -0.025092762994648618 -0.025853970576080472 -0.0069329367009660393 0.0081881046587477767 0.020066453999571424 -0.0029359221161328274 0.021167874633660162 0.026810533213556847 0.0071445073125230487 0.02775921993962658 -0.031881506933542234
leaf_weight=70.934072731237393 416.32721167401178 222.68274234374985 36.955701140104793 127.82534633378964 37.599762714467943 68.343501880939584 67.210487067583017 209.0599373455625 679.40892155148322 73.535515493480489 122.9690748155117 429.38714637979865 107.46745035797358 23.404245623853058
leaf_count=14214 415071 1236 1432 6394 171 1401 534 7368 39307 864 484 2749 432 259
internal_value=-0.000551803 0.00633137 0.00736029 0.00542463 0.00754365 0.0194898 -0.013706 0.0268219 0.00493824 -0.00045774 0.010539 0.00699757 0.00941148 0.00480112
internal_weight=2693.11 2276.78 2205.85 1983.17 1788.13 314.359 195.036 246.016 1473.77 752.944 720.828 597.859 560.259 452.791
internal_count=491916 76845 62631 61395 54467 10201 6928 8800 44266 40171 4095 3611 3440 3008
is_linear=0
shrinkage=0.04


Tree=62
num_leaves=15
num_cat=0
split_feature=44 36 2 0 3 8 43 14 8 26 3 0 1 9
split_gain=413.688 43.5641 32.9093 35.2167 32.6761 41.0775 32.1062 29.5155 26.8877 26.7255 30.4193 30.1266 26.7783 25.9398
threshold=0.74775147557290367 0.10321076965488768 2.3833555000000004 787.58500000000015 0.91297200000000012 0.77550906500000016 0.91040435499999994 29.500000000000004 0.31849891000000002 486.50000000000006 0.68480200000000013 713.99150000000009 0.94236650000000011 2.6306892050000004
decision_type=2 2 2 2 2 2 2 2 2 2 2 2 2 2
left_child=1 6 -3 4 5 -4 9 -5 -6 -1 -11 12 -12 -10
right_child=-2 2 3 7 8 -7 -8 -9 13 10 11 -13 -14 -15
leaf_value=-0.013954598350714791 -0.037736681143088452 0.018188064926139093 0.050557944297061563 -0.028477079052418079 -0.019589952180598662 0.0017452444850908908 -0.012505638292377535 0.0022455856241956566 0.016383425680783378 0.034332390445007771 0.065467848457732278 -0.0042417856366384066 0.010565386345456814 -0.0088229117832144491
leaf_weight=108.88327133283019 400.90541600732831 562.29820044827648 60.612394899362698 70.06963526236359 53.910232439695392 48.229260613792576 247.33841459569521 148.06664104713127 241.84404253575485 54.596965225646272 10.33401042385958 311.78894052200485 268.77540808264166 85.208355867653154
leaf_count=1636 415071 4665 424 1117 529 346 53803 1399 1714 618 132 6691 3193 578
internal_value=-0.000535966 0.00609686 0.0110006 0.0052042 0.0111243 0.029955 -0.000145091 -0.00804011 0.00542592 0.00396322 0.00706966 0.00428375 0.0137145 0.00978234
internal_weight=2672.86 2271.96 1270.24 707.941 489.804 108.842 1001.72 218.136 380.963 754.379 645.495 590.898 279.109 327.052
internal_count=491916 76845 10772 6107 3591 770 66073 2516 2821 12270 10634 10016 3325 2292
is_linear=0
shrinkage=0.04


Tree=63
num_leaves=15
num_cat=0
split_feature=44 48 0 2 13 2 45 28 3 3 43 0 40 36
split_gain=394.98 42.0269 41.4458 46.5452 37.8382 40.0334 46.5793 49.6096 35.3664 28.4587 33.6628 34.7922 27.5403 26.5375
threshold=0.74775147557290367 -0.019218412499999993 1235.4215000000002 1.7075790000000002 129.50000000000003 2.7513640000000001 0.12349208500000004 0.45925594500000005 1.5720745000000003 0.68480200000000013 0.4016431299999999 634.07350000000008 17.088193999999998 0.24615346506907174
decision_type=2 2 2 2 2 2 2 2 2 2 2 2 2 2
left_child=1 -1 4 -4 5 6 7 8 9 -3 -11 -12 -8 -7
right_child=-2 2 3 -5 -6 13 12 -9 -10 10 11 -13 -14 -15
leaf_value=-0.021275293519927869 -0.037647964618431472 0.036397455540571666 0.037923454468205893 -0.029276865481243149 0.03265056573920333 -0.0062105809868928975 -0.024797550265745368 0.030964253222619451 -0.013596818088259608 0.019893573877661865 0.01753895029590501 -0.002734947825499654 0.0063268681914085871 0.018702133362400276
leaf_weight=83.028692772029899 386.08684723376064 65.197106022795197 15.6722075198777 85.152723711100407 91.747717948106583 450.18236137169879 83.446465162734967 202.03939490835182 92.766182959254365 333.2898488775827 198.61946078675101 401.22665040270658 90.348900881479494 75.582320889574476
leaf_count=15931 415071 1739 981 7172 1149 10193 3879 959 3340 1768 6472 21508 1043 711
internal_value=-0.000517539 0.00587133 0.00694897 -0.017533 0.00817228 0.00696636 0.0103514 0.0129621 0.00950256 0.011706 0.00979608 0.00406758 -0.00889282 -0.00248676
internal_weight=2654.39 2268.3 2185.27 100.825 2084.45 1992.7 1466.93 1293.14 1091.1 998.333 933.136 599.846 173.795 525.765
internal_count=491916 76845 60914 8153 52761 51612 40708 35786 34827 31487 29748 27980 4922 10904
is_linear=0
shrinkage=0.04


Tree=64
num_leaves=15
num_cat=0
split_feature=44 43 0 8 13 30 22 23 45 0 48 8 11 45
split_gain=377.173 40.1298 46.0923 41.1232 41.593 32.9382 31.7542 28.7408 33.9976 26.4262 25.6451 31.025 44.4795 24.7763
threshold=0.74775147557290367 0.22937083999999999 1070.5350000000003 1.5089750800000001 166.50000000000003 0.037734812000000013 1.2873060900000002 1.7348539100000002 -0.049962165000000024 619.53850000000011 0.036441887500000013 0.28432923000000004 2169.4599125000004 0.13883959500000004
decision_type=2 2 2 2 2 2 2 2 2 2 2 2 2 2
left_child=1 7 3 4 5 10 13 -1 -9 -5 -3 -12 -13 -7
right_child=-2 2 -4 9 -6 6 -8 8 -10 -11 11 12 -14 -15
leaf_value=0.024863454309606819 -0.037556253820998815 -0.0080196905931259888 -0.016554868700308662 0.010012436796022274 0.05644975753478719 0.036020932547874029 0.00019792874742638515 0.026256663737542409 -0.0045437258582724446 -0.028296846290740165 -0.011727151982108237 0.033829043898387895 0.0053087318090443217 0.0037401100805798267
leaf_weight=255.09914797823876 371.84793580294354 265.36013746756362 172.6395609472529 38.827983014285564 21.620723588275723 136.65712726733182 107.925086079631 80.811531335115433 169.36600462207571 87.240368943719659 128.90106828254648 96.725015800446272 647.8361406280892 53.723365008598194
leaf_count=1206 415071 39317 15447 1112 359 917 502 435 1942 3592 2443 1984 6901 688
internal_value=-0.000500617 0.00565833 0.00278234 0.00493425 0.0068426 0.00590316 0.0176212 0.0155363 0.00572485 -0.0165661 0.00277011 0.00607506 0.00921471 0.0272405
internal_weight=2634.58 2262.73 1757.46 1584.82 1458.75 1437.13 298.306 505.277 250.178 126.068 1138.82 873.462 744.561 190.38
internal_count=491916 76845 73262 57815 53111 52752 2107 3583 2377 4704 50645 11328 8885 1605
is_linear=0
shrinkage=0.04


Tree=65
num_leaves=15
num_cat=0
split_feature=44 29 43 3 0 45 29 7 3 36 3 26 43 9
split_gain=360.209 38.8384 40.1055 45.2386 36.8162 33.6621 29.3934 29.3155 28.1245 27.8614 26.4512 24.385 26.3665 23.3302
threshold=0.74775147557290367 -0.10233427499999996 1.0000000180025095e-35 1.5370215 662.98350000000016 0.090059949999999958 0.019955405000000013 2617.5000000000005 0.68480200000000013 0.24615346506907174 0.81723200000000007 733.50000000000011 0.61904502000000006 4.2925328600000006
decision_type=2 2 2 2 2 2 2 2 2 2 2 2 2 2
left_child=1 -1 -3 4 5 10 -6 9 -8 -5 11 -4 -13 -10
right_child=-2 2 3 7 6 -7 8 -9 13 -11 -12 12 -14 -15
leaf_value=-0.023334794288795434 -0.037461460826557651 0.022443148328710714 0.054442073805463391 -0.025753673010101102 -0.029953827668867877 -0.0099517521271258163 0.02221507510427714 0.031459789267942691 0.0022126624521563911 0.014460941379454273 0.012989220976149461 0.041098698983831804 -0.0096252241418356664 -0.034849725664320694
leaf_weight=67.8140328033478 358.16600577736972 219.08064395561814 49.37423943792237 145.35341005813098 39.084946790477261 79.757862185011618 108.46749688102864 16.32944067416247 941.02587964490522 30.327352339983918 481.41237909853226 26.52298375684768 31.018364464165643 22.983976043527946
leaf_count=14214 415071 1236 1460 6298 12743 2064 1665 269 25782 361 9750 136 555 312
internal_value=-0.000481783 0.00545233 0.00639454 0.00455904 0.00655699 0.0139414 0.00207617 -0.0136555 0.00337705 -0.0186035 0.0172371 0.0349291 0.0151719 0.00115376
internal_weight=2616.72 2258.55 2190.74 1971.66 1779.65 668.086 1111.56 192.01 1072.48 175.681 588.328 106.916 57.5413 964.01
internal_count=491916 76845 62631 61395 54467 13965 40502 6928 27759 6659 11901 2151 691 26094
is_linear=0
shrinkage=0.04


Tree=66
num_leaves=15
num_cat=0
split_feature=44 48 45 1 36 48 0 22 8 43 0 11 22 28
split_gain=343.928 37.3172 43.9869 38.6751 38.2155 34.1574 27.608 28.946 29.4363 32.6942 26.7317 29.9593 25.7626 24.8531
threshold=0.74775147557290367 0.14668396750000004 0.099480620000000033 2.1543170000000003 0.24615346506907174 -0.019218412499999993 1235.4215000000002 0.54000111000000006 0.24674194500000002 1.3584412150000003 533.98000000000013 2130.3565160000003 0.5626995800000002 0.14203753500000002
decision_type=2 2 2 2 2 2 2 2 2 2 2 2 2 2
left_child=1 2 5 4 -3 -1 7 13 -9 10 11 -10 -4 -7
right_child=-2 3 12 -5 -6 6 -8 8 9 -11 -12 -13 -14 -15
leaf_value=-0.021875766346831631 -0.037363494303527867 0.010680382304303505 0.00015391032976740031 -0.02341877048375356 0.038386500485964113 -0.014977537023513305 -0.016869720689095757 -0.0092937815476878197 0.048330176297074312 -0.017244992155912332 0.0084013169604135636 0.0067990075974226115 -0.024730999675376789 0.056676179547526115
leaf_weight=65.758323380432557 345.01928141829558 243.41735943476669 133.8613826216897 31.66908070188947 117.97745082341135 7.790585787035524 71.822793612198438 157.2997302301228 55.211201597820036 68.232027448131703 1091.8837798241875 55.151362972334027 127.28038222243777 27.926856363774277
leaf_count=13468 415071 1155 3999 164 519 3956 6950 8930 570 12779 15712 531 7272 840
internal_value=-0.000467953 0.00524659 0.00286183 0.016367 0.0201255 0.00535075 0.0065841 0.00778864 0.00681403 0.00883697 0.0103825 0.0287701 -0.0122117 0.0411273
internal_weight=2600.3 2255.28 1862.22 393.064 361.395 1601.08 1535.32 1463.5 1427.78 1270.48 1202.25 110.363 261.142 35.7174
internal_count=491916 76845 75007 1838 1674 63736 50268 43318 38522 29592 16813 1101 11271 4796
is_linear=0
shrinkage=0.04


Tree=67
num_leaves=15
num_cat=0
split_feature=44 44 18 27 3 1 1 27 23 0 3 29 53 1
split_gain=328.382 36.12 37.5483 34.9188 32.4963 29.5119 31.851 26.7242 25.5512 25.1836 24.6579 24.5999 24.106 25.0755
threshold=0.74775147557290367 0.17563164833302702 0.86208240000000014 0.028531840000000006 0.68480200000000013 1.5731580000000001 1.5809820000000003 0.24751057000000004 0.41087925500000005 787.58500000000015 1.5848675000000003 0.55054728000000008 0.42598456250000005 2.0335835000000002
decision_type=2 2 2 2 2 2 2 2 2 2 2 2 2 2
left_child=1 5 -3 9 -5 8 -7 -6 -1 -4 11 12 -8 -14
right_child=-2 2 3 4 7 6 10 -9 -10 -11 -12 -13 13 -15
leaf_value=-0.013964269933858183 -0.037262262751453334 0.047140885321516689 -0.0026182659361805027 0.02420209866211161 -0.0010412635106711269 -0.046953820216811 -0.027621191040847839 0.018065075047523339 0.022829573883322393 -0.025744845296576956 -0.014647408026186793 0.021482347833703921 -0.0041718941233946294 0.033533239430682815
leaf_weight=29.701221540570259 332.38683206029236 23.06091211095918 208.40382704482181 107.15400703944033 879.60533210856374 13.584007309749721 34.48067446006462 130.04700589017011 352.59253031015396 114.16691276390338 67.215774537995458 170.52060165256262 83.903490566648543 36.835780401714146
leaf_count=155 415071 740 18838 1414 23761 51 389 1343 2632 25201 463 696 916 246
internal_value=-0.000456586 0.00504808 0.00131455 0.000419702 0.00377328 0.0119179 0.00432939 0.0014966 0.0198276 -0.0110714 0.00666985 0.0112236 -0.000365185 0.00820741
internal_weight=2583.66 2251.27 1462.44 1439.38 1116.81 788.834 406.54 1009.65 382.294 322.571 392.956 325.741 155.22 120.739
internal_count=491916 76845 71297 70557 26518 5548 2761 25104 2787 44039 2710 2247 1551 1162
is_linear=0
shrinkage=0.04


Tree=68
num_leaves=15
num_cat=0
split_feature=44 29 44 3 0 2 3 29 45 0 7 40 36 3
split_gain=313.56 34.145 36.6399 41.5705 32.7897 31.5321 34.2657 32.8266 29.7463 27.5474 27.3682 26.314 25.2501 24.547
threshold=0.74775147557290367 -0.10233427499999996 1.0000000180025095e-35 1.5370215 662.98350000000016 2.7513640000000001 0.69528900000000016 0.74686528500000005 0.090059949999999958 1304.2985000000001 2617.5000000000005 11.108541800000005 0.24615346506907174 0.81723200000000007
decision_type=2 2 2 2 2 2 2 2 2 2 2 2 2 2
left_child=1 -1 -3 4 8 6 -6 9 13 -8 12 -9 -5 -4
right_child=-2 2 3 10 5 -7 7 11 -10 -11 -12 -13 -14 -15
leaf_value=-0.022665132265562226 -0.037157675576066057 0.021176359595598139 0.033009222058250874 -0.025246863966973013 0.027752484934223113 -0.0096165199078397361 0.00047079581976506885 -0.016894974655539706 -0.0096965964312176849 -0.034300313742279681 0.030064809566966517 0.025380990197238783 0.013126027629706634 0.011875996958983764
leaf_weight=65.08598369336687 320.24853066209471 216.12811862165108 106.56983778940048 143.63205338729313 93.887804480735213 288.29429264611099 533.60974311275641 24.744773844722658 79.031857154332101 34.119183842441998 16.312066180980764 133.33154364698566 30.341256193816662 481.72798531124135
leaf_count=14214 415071 1236 2151 6298 2231 8027 24712 494 2064 4446 269 592 361 9750
internal_value=-0.0004458 0.00485779 0.00572881 0.00398085 0.00589363 0.00165693 0.00565618 0.00262755 0.0128633 -0.00190007 -0.0135589 0.0184481 -0.0183748 0.0159502
internal_weight=2567.07 2246.82 2181.73 1965.6 1775.32 1107.99 819.693 725.805 667.33 567.729 190.285 158.076 173.973 588.298
internal_count=491916 76845 62631 61395 54467 40502 32475 30244 13965 29158 6928 1086 6659 11901
is_linear=0
shrinkage=0.04


Tree=69
num_leaves=15
num_cat=0
split_feature=43 18 54 8 45 36 27 29 0 0 16 11 43 7
split_gain=292.872 32.2323 33.9722 36.8071 34.047 34.7681 31.189 30.2099 29.8271 27.2922 24.166 23.9152 26.8521 24.2427
threshold=1.5024355100000002 0.95108816500000015 1.5000000000000002 0.28432923000000004 0.12349208500000004 0.19855643393868755 0.13350842000000004 0.74686528500000005 510.99400000000009 787.58500000000015 1479.5000000000002 2169.4599125000004 0.61904502000000006 1585.5000000000002
decision_type=2 2 2 2 2 2 2 2 2 2 2 2 2 2
left_child=1 8 3 -3 5 11 -2 10 -1 -4 -6 -5 13 -13
right_child=6 2 9 4 7 -7 -8 -9 -10 -11 -12 12 -14 -15
leaf_value=0.051306250543764483 -0.035662153907422729 -0.010701919578934295 -0.0014014585378473877 0.02667898536142994 0.048267494255775791 0.027637770985523873 0.0013273738518636833 0.012640549006183199 0.012124455762740965 -0.029153306323008717 -0.026318843714092315 0.0019286934833398948 -0.0030447416849917613 0.018692600409349544
leaf_weight=29.989453126967419 353.84079965547426 194.17691172979539 179.6461202481878 88.563537784619257 2.9273025796865104 153.25601820996962 40.207444683532231 60.234068185091019 354.78032537375111 78.215967514493968 99.249144005705602 259.77961046434939 363.35591626580572 292.60305995354429
leaf_count=683 420351 5661 13018 3790 217 696 4344 278 11228 19505 2569 1275 7038 1263
internal_value=-0.000434475 0.00537825 0.0030778 0.00536753 0.00776293 0.0101691 -0.0319185 -0.00917799 0.0157973 -0.0102137 -0.0220299 0.00737964 0.00537841 0.0108967
internal_weight=2550.83 2156.78 1772.01 1514.15 1319.97 1157.56 394.048 162.411 384.77 257.862 102.176 1004.3 915.739 552.383
internal_count=491916 67221 55310 22787 17126 14062 424695 3064 11911 32523 2786 13366 9576 2538
is_linear=0
shrinkage=0.04


Tree=70
num_leaves=15
num_cat=0
split_feature=44 0 3 43 8 18 14 2 53 50 0 47 49 45
split_gain=287.18 32.4666 32.3314 35.5032 51.8667 30.4498 26.3211 24.3502 24.3328 37.4868 22.9917 21.563 20.9202 20.8541
threshold=0.74775147557290367 1070.5350000000003 1.5720745000000003 0.52005723999999998 1.0585352750000003 0.95108816500000015 11.500000000000002 1.6645210000000004 0.47116028500000007 5.5000000000000009 787.58500000000015 1.1271449450000002 3.5000000000000004 -0.017598124999999996
decision_type=2 2 2 2 2 2 2 2 2 2 2 2 2 2
left_child=1 2 3 8 5 -5 -4 -3 9 -1 -10 -9 -7 -14
right_child=-2 7 6 4 -6 12 -8 11 10 -11 -12 -13 13 -15
leaf_value=0.018539053298451433 -0.036947270774266197 0.029944622922512827 -0.03515490166667181 0.022921119795701918 -0.013880897203228918 -0.0036885003451949841 -0.0011130980549297165 -0.033131480880756542 0.022795950696087953 -0.017166242193161711 0.004592999354469926 -0.0051175276285936487 -0.0043647003084583249 0.016862737330893593
leaf_weight=92.349753817077726 298.27108721373952 17.677926173317246 42.144533938087989 161.90315985685447 223.76202800887404 314.09986303054029 160.12090907205129 59.927481366146822 439.02638037269935 86.074170860461891 151.97399650560692 143.5033972482197 103.56164867704501 240.28126492508454
leaf_count=438 415071 1386 1958 7478 8183 29427 4328 11010 2667 978 1386 3522 1030 3054
internal_value=-0.000416751 0.0045269 0.00612715 0.00782154 0.00299012 0.00765098 -0.00888309 -0.00987149 0.014313 0.00131592 0.0181929 -0.0139668 0.00374885 0.0104983
internal_weight=2534.68 2236.41 2015.3 1813.03 1043.61 819.846 202.265 221.109 769.424 178.424 591 203.431 657.943 343.843
internal_count=491916 76845 60927 54641 49172 40989 6286 15918 5469 1416 4053 14532 33511 4084
is_linear=0
shrinkage=0.04


Tree=71
num_leaves=15
num_cat=0
split_feature=44 36 45 2 0 3 8 14 0 7 45 27 8 7
split_gain=274.203 32.287 32.647 31.0391 29.6869 28.9403 35.302 25.963 24.596 23.8712 23.6517 25.4975 23.2731 24.2622
threshold=0.74775147557290367 0.10321076965488768 0.081413010000000022 2.3833555000000004 787.58500000000015 0.91297200000000012 0.77550906500000016 29.500000000000004 1242.1325000000004 1272.5000000000002 0.10457082999999998 0.18862718000000003 0.31849891000000002 683.50000000000011
decision_type=2 2 2 2 2 2 2 2 2 2 2 2 2 2
left_child=1 2 8 10 5 6 -5 -6 -1 -9 11 -3 -7 -14
right_child=-2 3 -4 4 7 12 -8 9 -10 -11 -12 -13 13 -15
leaf_value=0.0026984246118596411 -0.036832356361419051 0.013788868485957752 -0.024722826563214114 0.04561983656202067 -0.028584701634612762 -0.020170244786334106 0.00012528061064876007 0.021880391183953626 -0.026764997400725372 -0.01094484430347031 0.0015039337312015148 0.036105252877652511 0.03132742359588777 0.002258118924083776
leaf_weight=866.86612096842146 287.46728543884819 289.1418110242812 80.15739905287046 59.459261550451629 68.726862800307572 53.51803447509883 47.373864219873212 49.418378565227613 42.828597463842016 96.68636924639577 140.54813011881197 116.75938490638509 50.559915804769844 270.81921234569745
leaf_count=49242 415071 1924 9318 424 1117 529 346 427 7513 972 2098 643 334 1958
internal_value=-0.00040929 0.00435177 -0.00103814 0.0086309 0.00299408 0.00848569 0.0263534 -0.00923301 0.00117256 0.00051457 0.0157239 0.0205695 0.00311415 0.00724122
internal_weight=2520.33 2232.86 989.852 1243.01 696.562 481.73 106.833 214.832 909.695 146.105 546.449 405.901 374.897 321.379
internal_count=491916 76845 66073 10772 6107 3591 770 2516 56755 1399 4665 2567 2821 2292
is_linear=0
shrinkage=0.04


Tree=72
num_leaves=15
num_cat=0
split_feature=44 44 3 0 36 48 53 18 8 11 10 45 1 18
split_gain=261.887 31.8192 35.408 34.4747 32.0001 31.5949 31.3959 30.9981 28.8936 29.1457 28.2052 24.6715 23.5598 28.3528
threshold=0.74775147557290367 0.10170858139604214 1.2367865000000002 1022.4180000000001 0.24615346506907174 -0.019218412499999993 0.42598456250000005 0.86208240000000014 1.2546639550000001 3818.4905830000002 1962.5000000000002 0.065356680000000014 1.2804375000000003 0.96167315500000006
decision_type=2 2 2 2 2 2 2 2 2 2 2 2 2 2
left_child=1 6 5 4 -4 -3 -1 -7 -9 -10 -6 12 -8 -14
right_child=-2 2 3 -5 10 7 11 8 9 -11 -12 -13 13 -15
leaf_value=-0.0087093495121826712 -0.036713721577512827 -0.028704737365857193 -0.0071361276449648037 -0.034195086256403412 0.049479371461127304 0.052544585421579609 0.040359880078977055 0.0082478861711181937 -0.04562786698626959 -0.0018310239397582113 -0.0023238866152075761 -0.0044806970289458618 0.027975626963202958 0.0020579814119495851
leaf_weight=85.012570646125823 277.08607163713896 36.986239581776317 418.14080995909171 60.028457412670832 27.376569569401909 18.171180785750039 80.344411966856569 979.96611862146528 25.039519157609902 129.93606807972537 34.103550455183722 66.587382973171771 136.23702369630337 131.05732471495867
leaf_count=667 415071 9037 19487 7197 429 428 542 32812 846 2717 298 719 811 855
internal_value=-0.000397878 0.00418862 0.0016062 -0.00685237 -0.00311271 0.00545435 0.0130315 0.00666921 0.00570747 -0.0101122 0.0227301 0.0175441 0.0217664 0.0155391
internal_weight=2506.07 2228.99 1729.75 539.649 479.621 1190.1 499.239 1153.11 1134.94 154.976 61.4801 414.226 347.639 267.294
internal_count=491916 76845 73251 27411 20214 45840 3594 36803 36375 3563 727 2927 2208 1666
is_linear=0
shrinkage=0.04


Tree=73
num_leaves=15
num_cat=0
split_feature=44 43 3 0 29 2 3 7 29 36 0 14 45 2
split_gain=250.113 30.4867 36.6491 30.2723 44.3625 33.403 31.27 26.6851 23.3353 24.676 23.9525 22.4726 30.4959 21.8838
threshold=0.74775147557290367 1.0000000180025095e-35 1.5370215 662.98350000000016 0.019955405000000013 2.7513640000000001 0.69528900000000016 2388.5000000000005 0.74686528500000005 0.089381203617175109 1292.4995000000001 80.500000000000014 0.090059949999999958 2.0635240000000006
decision_type=2 2 2 2 2 2 2 2 2 2 2 2 2 2
left_child=1 -1 3 11 -5 6 -6 -4 10 -10 -8 12 13 -3
right_child=-2 2 7 4 5 -7 8 -9 9 -11 -12 -13 -14 -15
leaf_value=0.01802564794973489 -0.036591273267832222 0.023989515716761525 -0.019628943069363844 -0.031188537479240802 0.027804560527864553 -0.0095237891680143381 0.0015892146400688575 0.021775466654606751 -0.024486748755862001 0.022354149893252726 -0.033012592020591827 0.043729628012505552 -0.013440712882619915 0.0070871986857559141
leaf_weight=219.11710471240804 267.11089849151904 174.93885732168565 168.26835903082974 62.81623537489213 91.201668237161357 281.78185485798167 505.62602968298597 24.837525883631315 16.383791806525551 138.99424576596357 29.15140393859474 27.015976464026608 79.784445221477654 406.55972718039993
leaf_count=1710 415071 4821 7954 21108 1469 6388 15977 649 470 616 2839 428 2530 9886
internal_value=-0.000386866 0.00402884 0.00246 0.00423347 0.000183759 0.00217473 0.00642731 -0.0138883 0.00342271 0.0168056 -0.000585301 0.0108091 0.0091461 0.0123333
internal_weight=2493.59 2226.48 2007.36 1814.25 1125.96 1063.14 781.357 193.106 690.155 155.378 534.777 688.299 661.283 581.499
internal_count=491916 76845 75135 66532 48867 27759 21371 8603 19902 1086 18816 17665 17237 14707
is_linear=0
shrinkage=0.04


Tree=74
num_leaves=15
num_cat=0
split_feature=44 36 45 39 43 9 1 19 3 0 3 34 2 0
split_gain=238.931 31.509 30.0936 29.4107 29.3415 34.9584 27.6425 29.2561 27.5509 23.4663 23.4821 23.6983 41.8683 28.8658
threshold=0.77343889381731523 0.10321076965488768 0.081413010000000022 0.11029998264640127 1.0000000180025095e-35 4.2925328600000006 1.3632010000000003 0.043830320000000006 1.4480100000000002 1242.1325000000004 0.68480200000000013 1.4572876325000002 2.1139060000000005 589.80750000000012
decision_type=2 2 2 2 2 2 2 2 2 2 2 2 2 2
left_child=1 2 9 -3 -5 6 7 -6 -8 10 -1 13 -13 -12
right_child=-2 3 -4 4 5 -7 8 -9 -10 -11 11 12 -14 -15
leaf_value=0.022529892591508425 -0.037254467080993024 0.049502590371998945 -0.024375399486541917 0.025169591075462315 0.0076822495082906565 -0.032002479795377001 0.0056465366410213928 0.034558939562552321 -0.014413097075346966 -0.026627926006980336 0.0098375695000280806 0.028505218605289571 -0.00047849792845451817 -0.015485698526636874
leaf_weight=76.51838056219276 247.58561867394019 21.92624463365064 79.286092709895456 123.82823780644685 203.69554352178238 34.65299608442001 630.7547977300128 92.952647210971918 127.44353579831659 43.046901607332984 98.46585299653816 96.97169751371257 365.10167498444207 237.43312963491189
leaf_count=3123 401306 409 10981 761 1977 261 5845 818 1305 9993 8341 899 5955 39942
internal_value=-0.000377612 0.00378695 -0.00150132 0.00804332 0.00709402 0.00493402 0.00629269 0.0165371 0.00220243 0.000596669 0.00208057 -8.42021e-06 0.00584412 -0.00802699
internal_weight=2479.66 2232.08 996.824 1235.25 1213.33 1089.5 1054.85 296.648 758.198 917.538 874.491 797.972 462.073 335.899
internal_count=491916 90610 79234 11376 10967 10206 9945 2795 7150 68253 58260 55137 6854 48283
is_linear=0
shrinkage=0.04


Tree=75
num_leaves=15
num_cat=0
split_feature=44 27 43 8 7 14 26 2 12 36 1 0 8 43
split_gain=228.44 29.3708 33.6247 34.2075 42.3032 34.659 30.1721 27.2818 26.5397 25.1661 38.5222 37.2623 35.2279 31.9133
threshold=0.77343889381731523 0.24751057000000004 0.61904502000000006 0.71174877000000014 2441.5000000000005 99.500000000000014 636.50000000000011 3.0050855000000003 1.0000000180025095e-35 0.065392848467358697 1.4007595000000002 1019.0160000000001 0.28932189000000003 0.85010839500000013
decision_type=2 2 2 2 2 2 2 2 2 2 2 2 2 2
left_child=1 2 7 4 5 6 9 -1 -5 -4 11 12 -11 -14
right_child=-2 -3 3 8 -6 -7 -8 -9 -10 10 -12 -13 13 -15
leaf_value=0.0090510197609353898 -0.037150667114588011 0.016727837214431031 -0.011506442536899093 -0.030711561371599083 0.048632173330219887 0.059202603000553945 -0.012013043347156461 -0.012604912883161687 -0.0062307886277049368 0.0015881573615691166 -0.00011019050680055046 -0.023224287876267288 0.013743572182867994 0.080741101035796903
leaf_weight=947.05619957414456 238.54274026001804 239.66746508778306 85.630174039455596 95.749919433612376 25.064359910233179 10.376648758654481 246.29466667879024 98.79261859622784 251.22550415270962 23.617092416156083 137.85405723124859 12.883961384912253 19.376696919789538 34.298946822818834
leaf_count=7909 401306 2066 30360 9980 758 394 20954 757 12114 578 3450 366 146 778
internal_value=-0.000365656 0.00364733 0.00203255 -0.00343841 0.00238712 -5.01951e-05 -0.00166246 0.00695512 -0.0133267 0.00652605 0.0133992 0.032972 0.0431814 0.0597874
internal_weight=2466.43 2227.89 1988.22 942.372 595.397 570.332 559.956 1045.85 346.975 313.661 228.031 90.1767 77.2927 53.6756
internal_count=491916 90610 88544 79878 57784 57026 56632 8666 22094 35678 5318 1868 1502 924
is_linear=0
shrinkage=0.04


Tree=76
num_leaves=15
num_cat=0
split_feature=44 29 43 3 18 53 1 23 4 49 7 11 28 53
split_gain=218.462 28.5477 28.8209 35.7661 28.7771 29.9572 23.2981 21.5483 21.7249 21.1914 31.6954 31.4098 22.834 22.428
threshold=0.77343889381731523 -0.11893386499999997 1.0000000180025095e-35 1.6905570000000003 0.95108816500000015 2.2332609500000005 2.1543170000000003 1.7348539100000002 1212.5000000000002 3.5000000000000004 3145.5000000000005 1815.2977980000003 0.56783068000000003 0.27593119500000002
decision_type=2 2 2 2 2 2 2 2 2 2 2 2 2 2
left_child=1 -1 7 4 5 6 -4 -3 -9 10 11 -6 13 -11
right_child=-2 2 3 -5 9 -7 -8 8 -10 12 -12 -13 -14 -15
leaf_value=-0.023083741249801639 -0.037043464778081119 0.034361033308090358 0.023253654976565299 -0.024934760561234892 0.013986528933001065 -0.0078455503529401213 -0.023038915243150323 -0.01889631314976796 0.016884967088025071 -0.021819086284253292 0.017304806472479874 -0.010007249581008829 0.023415720865168264 0.0054151950369900146
leaf_weight=57.858444982237415 229.85358215257293 77.197123922407627 253.61639073121478 67.040013468678808 98.370736737619154 74.523275366722373 14.742460256034972 31.986775000579655 100.46158160176128 47.459303506446304 99.260260246257531 571.27048703114269 100.40112237492576 630.13294439483434
leaf_count=14135 401306 428 11147 3373 17152 1735 563 217 606 942 3092 29622 468 7130
internal_value=-0.000349701 0.00351668 0.0042786 0.00274472 0.00378986 0.0141859 0.0203357 0.0181983 0.0078706 0.00144721 -0.0032522 -0.00640501 0.00608281 0.00336182
internal_weight=2454.17 2224.32 2166.46 1956.82 1889.78 342.882 268.359 209.645 132.448 1546.89 768.901 669.641 777.993 677.592
internal_count=491916 90610 76475 75224 71851 13445 11710 1251 823 58406 49866 46774 8540 8072
is_linear=0
shrinkage=0.04


Tree=77
num_leaves=15
num_cat=0
split_feature=44 0 3 43 8 11 22 45 28 29 36 0 43 14
split_gain=208.822 28.2024 28.0177 29.5533 43.982 29.4017 28.4876 49.3655 52.9426 42.1775 28.4377 25.6461 25.2288 24.1961
threshold=0.77343889381731523 1070.5350000000003 1.5720745000000003 0.52005723999999998 1.0585352750000003 4084.2059110000005 0.80653819500000001 0.13883959500000004 0.14203753500000002 0.33142097499999995 0.19855643393868755 472.65250000000009 1.1260121950000002 11.500000000000002
decision_type=2 2 2 2 2 2 2 2 2 2 2 2 2 2
left_child=1 2 3 -1 5 6 7 8 -5 12 11 -8 -10 -4
right_child=-2 -3 13 4 -6 -7 10 -9 9 -11 -12 -13 -14 -15
leaf_value=0.012442981936976419 -0.036932771653484957 -0.010126981601592587 -0.034647800963210726 -0.0077433960987209017 -0.013618870163935965 0.030828843349109326 0.025587259486538096 -0.016140862055412371 0.028131150627074133 0.026499209416193072 0.023912953741175202 -0.0070664931193334113 0.12318769877913026 -0.0016919177151296647
leaf_weight=756.90433967788704 221.50429463229375 218.09627516116598 41.27847079950152 49.030904291954357 220.17735172607354 66.644415898015723 37.198112032259814 54.110032438620692 11.926300880266355 94.518458725506207 59.783620720845647 443.52231129159918 9.9427009049686585 157.62762101236149
leaf_count=5469 401306 20419 2320 23178 9046 973 1037 2518 218 1186 341 18063 1031 4811
internal_value=-0.000343192 0.00338111 0.00487374 0.00644831 0.00207546 0.00631224 0.00397503 0.0159517 0.026615 0.0408121 -0.00099097 -0.00430236 0.08623 -0.00921306
internal_weight=2442.27 2220.76 2002.66 1803.76 1046.85 826.677 760.032 219.528 165.418 116.387 540.504 480.72 21.869 198.906
internal_count=491916 90610 70191 63060 57591 48545 47572 28131 25613 2435 19441 19100 1249 7131
is_linear=0
shrinkage=0.04


Tree=78
num_leaves=15
num_cat=0
split_feature=44 13 36 45 2 45 6 14 16 0 29 26 53 44
split_gain=199.752 26.7359 28.9343 37.747 35.4222 32.5557 23.8372 23.8642 25.4549 21.2993 38.2818 26.4247 21.8074 22.1413
threshold=0.77343889381731523 129.50000000000003 0.19855643393868755 0.13883959500000004 2.7513640000000001 0.11661881500000006 1.7374462950000003 30.500000000000004 2853.5000000000005 623.0205000000002 0.0049158850000000946 255.50000000000003 0.42967079000000002 0.10170858139604214
decision_type=2 2 2 2 2 2 2 2 2 2 2 2 2 2
left_child=1 2 3 4 9 -4 -6 -8 -9 11 -11 -1 -12 -14
right_child=-2 -3 5 -5 6 -7 7 8 -10 10 12 -13 13 -15
leaf_value=-0.016086393928344246 -0.036818498864958478 0.023251173921274241 0.022430717023029664 -0.030014570773682202 -0.029305284668792939 -0.00097500237982226835 -0.015650990434056062 -0.031087888251183787 0.011087184069853168 -0.030926690546263284 -0.011512475170359186 0.016815371197947945 0.018652566542030128 0.0022283468448915764
leaf_weight=40.554831438581459 213.48156046206714 97.223522715328727 212.43880954163615 59.165189346909756 70.382466801383998 168.25976929342141 154.76176896935795 21.65976468892768 161.32695083075669 50.447861878434196 129.44245009165024 310.53059962551924 165.82716256659478 575.57021757421899
leaf_count=2797 401306 1985 1315 6278 12245 3066 1822 261 1529 21018 9540 9186 807 18761
internal_value=-0.000323737 0.00326444 0.00229546 9.76233e-05 0.00124367 0.0122074 -0.00894204 -0.004333 0.00540092 0.00453309 0.00131438 0.0128423 0.003348 0.00600227
internal_weight=2431.07 2217.59 2120.37 1739.67 1680.5 380.699 408.131 337.748 182.987 1272.37 921.288 351.085 870.84 741.397
internal_count=491916 90610 88625 84244 77966 4381 15857 3612 1790 62109 50126 11983 29108 19568
is_linear=0
shrinkage=0.04


Tree=79
num_leaves=15
num_cat=0
split_feature=44 0 3 27 43 8 18 3 53 7 26 3 8 28
split_gain=190.883 26.0016 26.3281 26.4855 28.5022 33.5176 35.8518 31.8458 34.248 26.7287 25.7484 25.7219 24.4764 35.2018
threshold=0.77343889381731523 1070.5350000000003 1.5720745000000003 0.24751057000000004 0.61904502000000006 0.71174877000000014 0.9422190250000001 0.79843150000000007 0.47116028500000007 2553.5000000000005 622.50000000000011 0.91184200000000015 0.32967132000000005 0.18241813999999992
decision_type=2 2 2 2 2 2 2 2 2 2 2 2 2 2
left_child=1 2 3 4 7 6 -6 -1 -9 10 11 -8 -13 -14
right_child=-2 -3 -4 -5 5 -7 9 8 -10 -11 -12 12 13 -15
leaf_value=0.029631840805896228 -0.036700559530736816 -0.0098813710699009859 -0.0091326635048818213 0.020162200515276753 0.041942584377263746 -0.011430990975825903 0.031357397063929683 -0.0098245940461409859 0.011145415394830202 0.048965751085806038 -0.010384285624423213 -0.015102284820396229 -0.02203687802837874 0.025513283679420042
leaf_weight=105.79840696183965 205.77258234773763 216.60680473249522 197.59345447752276 186.79078103846405 34.553965648432495 299.76466029707808 56.055362601968227 156.36226566554978 551.38150887843221 13.797854657168498 197.66706818077364 78.838196799624711 29.821666732779704 87.101745978055988
leaf_count=796 401306 20419 7131 1492 2561 14545 4935 1505 4153 476 13102 10862 7478 1155
internal_value=-0.000325073 0.00313371 0.00456761 0.00609443 0.00440612 -0.000969377 0.00538096 0.00965002 0.00647608 0.00223529 0.000277883 0.00868652 0.00157554 0.0129791
internal_weight=2417.91 2212.13 1995.53 1797.93 1611.14 797.601 497.836 813.542 707.744 463.282 449.484 251.817 195.762 116.923
internal_count=491916 90610 70191 63060 61568 55114 40569 6454 5658 38008 37532 24430 19495 8633
is_linear=0
shrinkage=0.04


Tree=80
num_leaves=15
num_cat=0
split_feature=43 0 2 13 8 1 1 36 45 4 9 3 3 24
split_gain=178.32 29.4811 32.6943 26.2345 25.7423 38.2865 37.528 23.8066 32.2743 22.2636 21.8713 28.1846 25.5289 29.4301
threshold=1.6786600800000004 1235.4215000000002 1.7075790000000002 129.50000000000003 1.0585352750000003 2.1543170000000003 2.3608935000000004 0.19855643393868755 0.11661881500000006 1382.5000000000002 1.8528182750000002 1.5925040000000001 1.0117040000000002 679.50000000000011
decision_type=2 2 2 2 2 2 2 2 2 2 2 2 2 2
left_child=1 3 9 4 5 7 -7 10 -9 -3 11 -1 -12 -14
right_child=-2 2 -4 -5 -6 6 -8 8 -10 -11 12 -13 13 -15
leaf_value=0.0044538630861051731 -0.033610499450700042 -0.016051651858084239 -0.027757674727386595 0.024660793866208241 -0.0050836305730962176 -0.030367841037258567 0.046323874096596607 0.029933888066723129 0.0014899703780434587 0.056901212603409461 -0.0012288456665720847 -0.022908806119900944 -0.016278286883780031 0.043744735666512921
leaf_weight=1002.8244725516997 227.52077061636373 9.0930100371479075 83.75026563598658 91.536262249748688 450.31072111838148 70.293496987083927 7.2769740740768603 149.07989282417111 109.89807058448787 9.7477785716764611 56.047083324257983 59.118869836413069 13.229157934751127 66.746237235143781
leaf_count=58680 381995 7800 20377 1336 11349 992 98 876 1530 69 1175 4421 676 542
internal_value=-0.000309956 0.00323619 -0.0171999 0.00428481 0.0032855 0.00575 -0.0208039 0.0072301 0.0181205 0.0257102 0.00481027 0.00283035 0.0196193 0.0334424
internal_weight=2406.47 2178.95 102.591 2076.36 1984.82 1534.51 77.5705 1456.94 258.978 18.8408 1197.97 1061.94 136.022 79.9754
internal_count=491916 109921 28246 81675 80339 68990 1090 67900 2406 7869 65494 63101 2393 1218
is_linear=0
shrinkage=0.04


Tree=81
num_leaves=15
num_cat=0
split_feature=44 29 43 3 0 14 45 3 1 8 8 0 2 2
split_gain=175.863 25.0759 26.6967 30.6053 25.4722 25.1389 25.0989 24.8556 20.9698 24.5156 41.5544 25.7056 20.4517 36.0567
threshold=0.77343889381731523 -0.11893386499999997 1.0000000180025095e-35 1.6905570000000003 634.07350000000008 79.500000000000014 0.11020290500000009 0.68480200000000013 2.1543170000000003 1.0585352750000003 0.47416739500000005 1223.0960000000002 1.8261460000000003 1.7164180000000002
decision_type=2 2 2 2 2 2 2 2 2 2 2 2 2 2
left_child=1 -1 -3 4 5 6 12 -6 9 10 -9 -12 13 -4
right_child=-2 2 3 -5 7 -7 -8 8 -10 -11 11 -13 -14 -15
leaf_value=-0.022451147470710864 -0.036473570874193013 0.017166177689693422 0.00085148882639640223 -0.023721441054820925 0.017336937328098302 0.046961959211509835 -0.015017529937472684 -0.0078837663180046421 -0.026109227026764725 -0.011338441558203925 0.012776307688905308 -0.01680528057315845 0.0074937948727501402 0.055011779900398634
leaf_weight=55.64423717954196 192.36094357690308 205.84549527056515 37.064936785202008 65.471876228199108 114.55294159823097 23.213591486099176 62.590243606799049 352.62389080406865 49.19296567744459 257.50224930429249 462.81180365176988 47.93173311202554 432.40171889675548 37.288376978132874
leaf_count=14135 401306 1251 1033 3373 3102 326 1783 27821 2127 7962 12697 3327 10648 1025
internal_value=-0.000296915 0.00293573 0.00364383 0.00217059 0.00313426 0.00995701 0.00805254 -3.92902e-05 -0.00180701 -0.000629216 0.00261174 0.00986416 0.0110209 0.0297678
internal_weight=2396.5 2204.14 2148.49 1942.65 1877.17 592.559 569.345 1284.62 1170.06 1120.87 863.367 510.744 506.755 74.3533
internal_count=491916 90610 76475 75224 71851 14815 14489 57036 53934 51807 43845 16024 12706 2058
is_linear=0
shrinkage=0.04


Tree=82
num_leaves=15
num_cat=0
split_feature=44 36 2 0 45 3 8 1 8 7 0 4 0 0
split_gain=168.126 24.4383 27.7598 26.3892 25.9232 24.9766 30.5788 25.1814 22.3668 26.7789 20.7529 19.9935 21.2296 19.5383
threshold=0.77343889381731523 0.10321076965488768 2.3833555000000004 787.58500000000015 0.081413010000000022 0.91297200000000012 0.77550906500000016 2.3067125000000002 0.31849891000000002 683.50000000000011 450.63800000000009 1133.5000000000002 606.07050000000015 1242.1325000000004
decision_type=2 2 2 2 2 2 2 2 2 2 2 2 2 2
left_child=1 4 10 5 13 6 -4 8 -7 -10 -3 12 -11 -1
right_child=-2 2 3 -5 -6 7 -8 -9 9 11 -12 -13 -14 -15
leaf_value=0.0013979999169946081 -0.036344735381067306 -0.027406472691126862 0.041270143255925477 -0.010366558275637813 -0.023599497385011922 -0.023988868361310752 -0.0013184479318876824 0.051842826145637053 0.028977493622915441 0.0052598119655853223 0.014828046016098925 0.010608781069409946 -0.024706354933748953 -0.025542410705649343
leaf_weight=869.42823829158442 185.4778275466233 14.839705060527193 58.461368754069554 210.92540651586023 75.579440933244769 50.786956543626729 46.39316388143925 10.227750933787318 49.536864509806037 65.627044420398306 517.73611740241176 111.72789636533707 79.803329353511799 40.304034976754338
leaf_count=58260 401306 131 457 2700 10981 516 357 106 344 570 4822 525 848 9993
internal_value=-0.000289624 0.00282369 0.0066061 0.00124776 -0.00185432 0.00648597 0.0232244 0.0014654 -0.00067115 0.003513 0.0134073 -0.00185138 -0.0114584 7.13611e-05
internal_weight=2386.86 2201.38 1216.07 683.49 985.312 472.564 104.855 367.71 357.482 306.695 532.576 257.158 145.43 909.732
internal_count=491916 90610 11376 6423 79234 3723 814 2909 2803 2287 4953 1943 1418 68253
is_linear=0
shrinkage=0.04


Tree=83
num_leaves=15
num_cat=0
split_feature=44 29 43 3 18 53 45 36 22 7 0 23 0 4
split_gain=160.724 23.3313 24.984 28.1494 24.9036 25.9042 20.4095 31.5663 30.5418 28.1126 24.6062 20.0725 19.6497 19.5892
threshold=0.77343889381731523 -0.11893386499999997 1.0000000180025095e-35 1.6905570000000003 0.95108816500000015 2.2332609500000005 0.11020290500000009 0.16884731649510068 0.47070157000000007 2749.5000000000005 662.98350000000016 1.7348539100000002 942.8660000000001 1212.5000000000002
decision_type=2 2 2 2 2 2 2 2 2 2 2 2 2 2
left_child=1 -1 11 4 5 12 7 8 -6 10 -10 -3 -4 -13
right_child=-2 2 3 -5 6 -7 -8 -9 9 -11 -12 13 -14 -15
leaf_value=-0.02204722623038461 -0.036211898733562918 0.032494229384743209 0.023822298937820952 -0.022974121721985565 0.047287565178003144 -0.0080861186714015713 -0.011779442403569554 0.015032845852440148 0.0034860235552495586 0.011587225809685997 -0.01009768878286074 -0.018816263670578721 -0.0021726273148611279 0.015275726420711068
leaf_weight=54.329235391982365 178.86379980997299 73.953050665557384 210.46211033998406 64.852647872379748 15.955170242901657 73.328499161172658 179.72559834638378 251.40596500440734 355.18429822954931 207.93439256897545 521.90735734117334 31.743558665271848 58.331711758277379 98.957146742846817
leaf_count=14135 401306 428 7414 3373 4568 1735 7415 1405 10282 3506 31230 217 4296 606
internal_value=-0.000283408 0.00271575 0.00339317 0.0019695 0.00289143 0.0125657 0.000697313 0.0023927 -0.000548561 -0.00146567 -0.00460829 0.0165137 0.0182444 0.00660751
internal_weight=2376.93 2198.07 2143.74 1939.09 1874.24 342.122 1532.11 1352.39 1100.98 1085.03 877.092 204.654 268.794 130.701
internal_count=491916 90610 76475 75224 71851 13445 58406 50991 49586 45018 41512 1251 11710 823
is_linear=0
shrinkage=0.04


Tree=84
num_leaves=15
num_cat=0
split_feature=44 44 53 9 28 0 15 1 22 40 39 44 45 1
split_gain=153.675 22.5622 28.6938 28.671 25.9862 22.4905 24.9032 29.4064 22.2681 33.4699 36.0263 33.419 21.3445 21.0368
threshold=0.77343889381731523 0.10170858139604214 0.42598456250000005 4.2925328600000006 -0.0051956700000000125 1070.5350000000003 78.500000000000014 1.7093310000000002 0.78727159000000013 16.388770500000007 0.14967282093457498 0.42050185613730934 0.065356680000000014 1.2804375000000003
decision_type=2 2 2 2 2 2 2 2 2 2 2 2 2 2
left_child=1 2 -1 4 -3 8 -7 -8 9 -6 -11 -10 13 -4
right_child=-2 3 12 -5 5 6 7 -9 11 10 -12 -13 -14 -15
leaf_value=-0.010670238829732266 -0.036074976143627417 -0.017610186493948788 0.0364840642037116 -0.032552663346465213 -0.0019468372104540883 -0.020042922550037635 0.042851243226480283 -0.031128160211386292 0.0045147784309194517 0.062827855650881087 0.015630147031650946 -0.014145956977781085 -0.0061109227097310131 0.012714533792373181
leaf_weight=83.296305069234222 172.5083082546189 104.27728083688999 77.166145411320031 36.111125949944835 126.76221930340398 118.83883367234375 20.022336188005287 8.7774700436275435 944.7520465614507 28.25091715194867 145.24063806165941 178.21184231783263 64.140148065285757 257.98090253770351
leaf_count=667 401306 33314 542 1202 20660 10897 777 407 6820 1172 1549 10218 719 1666
internal_value=-0.000274595 0.00261614 0.010207 0.000451957 0.0012582 0.00256263 -0.0120462 0.0190348 0.00411496 0.0136963 0.0248604 0.00150378 0.0146404 0.0186432
internal_weight=2366.34 2193.83 482.584 1711.24 1675.13 1570.86 147.639 28.7998 1423.22 300.254 173.492 1122.96 399.287 335.147
internal_count=491916 90610 3594 87016 85814 52500 12081 1184 40419 23381 2721 17038 2927 2208
is_linear=0
shrinkage=0.04


Tree=85
num_leaves=15
num_cat=0
split_feature=44 49 44 18 7 8 5 52 53 0 45 9 12 36
split_gain=146.918 22.2398 27.9904 24.349 25.2924 26.0469 24.4629 24.0259 22.8974 25.9307 21.7863 21.4698 20.6044 19.9487
threshold=0.77343889381731523 3.5000000000000004 1.0000000180025095e-35 0.95108816500000015 3145.5000000000005 0.97356475000000009 424.59850700000004 0.0057709700000000029 2.0399416300000004 553.86350000000004 -0.035636869999999952 4.2925328600000006 1.0000000180025095e-35 0.24615346506907174
decision_type=2 2 2 2 2 2 2 2 2 2 2 2 2 2
left_child=1 3 -3 6 5 8 7 -1 9 -5 -8 12 -6 -4
right_child=-2 2 13 4 11 -7 10 -9 -10 -11 -12 -13 -14 -15
leaf_value=0.092205244003840323 -0.035933884492071612 0.029200675687737095 0.0030311096327804514 0.010794814250288762 -0.016223886678705408 -0.020311176643634254 0.029079407736281652 -0.0153862827235751 0.032321214717043953 -0.0086570061369668754 -0.00075908401677791254 -0.024076702275808048 0.028709437088860389 0.02356926562979339
leaf_weight=5.6657153980922867 166.40121320373146 76.810970161110163 896.48018594441237 135.93594386876794 16.762079886888387 168.80687319560093 48.345842348615406 3.0055349756439682 23.401694726169808 494.18895558497752 146.23392293241341 16.452162949601188 79.857686286763055 77.923038428649306
leaf_count=1561 401306 464 10603 5158 1198 9224 1751 969 455 45443 10234 573 2617 360
internal_value=-0.000267748 0.00251809 0.00669926 -0.0013544 -0.0040894 -0.00654192 0.0110286 0.0629247 -0.00285809 -0.00440875 0.00719745 0.0132686 0.0204995 0.00478549
internal_weight=2356.27 2189.87 1051.21 1138.66 935.405 822.333 203.251 8.67125 653.527 630.125 194.58 113.072 96.6198 974.403
internal_count=491916 90610 11427 79183 64668 60280 14515 2530 51056 50601 11985 4388 3815 10963
is_linear=0
shrinkage=0.04


Tree=86
num_leaves=15
num_cat=0
split_feature=43 0 1 13 8 1 1 48 45 7 0 29 29 50
split_gain=141.722 28.4301 24.6748 23.7466 22.3518 35.2992 34.4075 29.2125 26.4285 31.1916 35.9906 26.1503 33.1078 25.6755
threshold=1.8133508700000001 1235.4215000000002 0.92387950000000008 129.50000000000003 1.0585352750000003 2.1543170000000003 2.3608935000000004 0.14668396750000004 0.077778080000000013 1629.5000000000002 569.74850000000004 0.028105055000000014 -0.19921346500000003 6.5000000000000009
decision_type=2 2 2 2 2 2 2 2 2 2 2 2 2 2
left_child=1 3 -3 4 5 7 -7 8 9 10 11 12 -1 -11
right_child=-2 2 -4 -5 -6 6 -8 -9 -10 13 -12 -13 -14 -15
leaf_value=-0.021161366890239241 -0.036503953007362665 0.033809860501650704 -0.023763190189025778 0.022742401673006101 -0.0053410755697723194 -0.029924337692618003 0.04286948993384164 0.018859902561956205 -0.010645998642047294 0.0092303913656314705 -0.0029876298702203284 0.010281718614507631 0.072996987260362467 0.036541951734716305
leaf_weight=5.4793276824057129 155.74975019032718 9.0783757645403949 95.615503069711849 92.313698861253215 447.39593229343882 70.249333671526983 7.5688161163125178 238.15598706528544 172.63344605194288 180.71492723378469 590.23142292513512 185.565036664746 18.601551312080119 77.658597608678974
leaf_count=784 341059 1846 42338 1512 13410 1207 116 1195 8730 6957 62873 3939 5208 742
internal_value=-0.000249756 0.00240435 -0.0174573 0.00344026 0.00249212 0.00476761 -0.0206835 0.0061814 0.00366194 0.00603509 0.00208987 0.0161215 0.0516176 0.0179772
internal_weight=2347.01 2191.26 104.694 2086.57 1994.25 1546.86 77.8181 1469.04 1230.88 1058.25 799.877 209.646 24.0809 258.374
internal_count=491916 150857 44184 106673 105161 91751 1323 90428 89233 80503 72804 9931 5992 7699
is_linear=0
shrinkage=0.04


Tree=87
num_leaves=15
num_cat=0
split_feature=43 0 2 13 9 27 33 50 3 39 8 8 2 11
split_gain=135.64 26.4292 33.4626 21.8766 22.7058 26.9151 23.7932 23.7223 20.1538 18.4386 18.1494 21.0747 17.681 17.3671
threshold=1.8133508700000001 1235.4215000000002 1.7075790000000002 129.50000000000003 4.2925328600000006 0.24751057000000004 -0.0025795526000000025 5.5000000000000009 0.68480200000000013 0.14158606188751224 0.2868699500000001 1.0012194950000002 2.7513640000000001 2237.3505585000007
decision_type=2 2 2 2 2 2 2 2 2 2 2 2 2 2
left_child=1 3 9 4 5 6 -1 -6 12 -3 -10 -12 -8 -7
right_child=-2 2 -4 -5 7 13 8 -9 10 -11 11 -13 -14 -15
leaf_value=0.0084725217348995407 -0.036372656565710523 -0.020067495120281803 -0.027260141391401135 0.021815848972159501 -0.043906377464376187 0.038519044034254532 0.025943072635005816 0.0062489375911210024 -0.014662372075660844 0.050023832454641058 0.0028347096451500336 -0.010536251223537485 -0.014427030892321332 0.010197596760397616
leaf_weight=533.57787365833065 150.18981291365344 5.9014328370394677 85.533535800263053 92.591594034194713 28.962228637159569 41.081417045177659 66.191572353651281 25.172405369929038 177.14043829304865 11.984818824188549 679.41286208853126 255.39081014413387 19.362759646261111 166.39619542157743
leaf_count=18354 341059 7683 36282 1512 877 710 5217 229 33650 219 35116 9638 267 1103
internal_value=-0.000233779 0.00232334 -0.0169441 0.00331716 0.00240515 0.00314237 0.00148871 -0.0220279 -0.0016454 0.027566 -0.00311031 -0.000854893 0.0165143 0.0165798
internal_weight=2338.89 2188.7 103.42 2085.28 1992.69 1938.55 1731.08 54.1346 1197.5 17.8863 1111.94 934.804 85.5543 207.478
internal_count=491916 150857 44184 106673 105161 104055 102242 1106 83888 7902 78404 44754 5484 1813
is_linear=0
shrinkage=0.04


Tree=88
num_leaves=15
num_cat=0
split_feature=44 48 43 3 3 36 0 45 0 2 14 9 53 45
split_gain=130.025 21.2739 22.7717 26.1546 30.9572 27.7349 27.2687 22.4482 22.8726 29.2739 21.7713 21.3649 21.0546 19.844
threshold=0.77343889381731523 -0.030902294999999965 0.22937083999999999 1.2367865000000002 1.2247860000000002 0.24615346506907174 720.25400000000013 0.11020290500000009 668.75350000000014 1.6953410000000002 16.500000000000004 3.6634144900000005 0.42222018250000004 0.065356680000000014
decision_type=2 2 2 2 2 2 2 2 2 2 2 2 2 2
left_child=1 -1 12 4 7 -5 -7 8 9 -4 -6 -10 -3 -14
right_child=-2 2 3 5 10 6 -8 -9 11 -11 -12 -13 13 -15
leaf_value=-0.022491531738510089 -0.035525286826908656 -0.0076216336645939051 -0.034846773042546048 -0.010289948844162353 -0.014613329656868755 0.040544976901176109 -0.0086584145041292467 -0.012642574269293135 0.0017783341599395827 0.01502829838092923 0.050649723777408902 -0.031904692383143883 0.01865507128344359 -0.0059849782003234975
leaf_weight=49.123189240141073 150.8625788007048 78.880382705945522 15.207875815744044 448.3005936362606 8.1313669750234094 31.94760348633281 32.35460032967967 128.92821906669997 595.78471177030588 358.02429766597925 30.950407223863294 26.72086881560972 316.40576975326985 59.980998956598341
leaf_count=11298 401306 513 688 27344 537 322 639 5720 30069 9911 716 632 1838 383
internal_value=-0.0002281 0.00228942 0.0029118 0.00074569 0.0040587 -0.0067423 0.0169491 0.00275711 0.00480427 0.0125623 0.0369537 8.98023e-05 0.0107929 0.0147014
internal_weight=2331.6 2180.74 2131.62 1676.35 1163.75 512.603 64.3022 1124.67 995.738 373.232 39.0818 622.506 455.267 376.387
internal_count=491916 90610 79312 76578 48273 28305 961 47020 41300 10599 1253 30701 2734 2221
is_linear=0
shrinkage=0.04


Tree=89
num_leaves=15
num_cat=0
split_feature=43 0 49 53 43 18 7 0 8 7 45 0 4 3
split_gain=125.111 25.0115 22.5399 24.9289 26.5035 24.0128 24.6764 25.0194 23.6459 21.0988 31.6502 20.6594 19.5562 24.7556
threshold=1.8133508700000001 1589.9925000000003 3.5000000000000004 0.16946888750000003 1.0000000180025095e-35 0.95108816500000015 3145.5000000000005 553.86350000000004 0.75782735000000012 2125.5000000000005 -0.027220309999999869 929.39250000000004 1261.5000000000002 1.0711565000000001
decision_type=2 2 2 2 2 2 2 2 2 2 2 2 2 2
left_child=1 2 5 -4 -5 -1 7 -7 9 10 -6 -12 13 -9
right_child=-2 -3 3 4 8 6 -8 12 -10 -11 11 -13 -14 -15
leaf_value=0.01107903206442719 -0.036127746664362297 -0.031055629408436678 -0.026827018423438948 0.030958629742477491 -0.015967278529617431 0.0085005976804946558 0.013345396216969951 -0.031317593949432586 -0.0015630870301843092 0.033783510365262767 0.018164488526087347 -0.0011303495505301402 -0.00085118952235185982 -0.0089663929484881857
leaf_weight=203.50029634620296 140.61516017776739 30.705153111950494 29.007785429625073 70.402506627142429 67.839249519980513 144.51261892652838 111.16021462992649 105.02718458033632 373.27261245046975 55.844109691650374 304.14461761439452 123.77615439679357 253.68598197237588 309.22504770610249
leaf_count=22833 341059 20387 631 443 885 7325 5208 35893 2945 516 3128 2465 5051 43147
internal_value=-0.000227163 0.00216358 0.0027086 0.00698846 0.0081032 -0.0011945 -0.00394384 -0.00637653 0.00620631 0.0114307 0.00860062 0.0126349 -0.00963453 -0.0149391
internal_weight=2322.72 2182.1 2151.4 1024.29 995.279 1127.11 923.611 812.451 924.877 551.604 495.76 427.921 667.938 414.252
internal_count=491916 150857 130470 11013 10382 119457 96624 91416 9939 6994 6478 5593 84091 79040
is_linear=0
shrinkage=0.04


Tree=90
num_leaves=15
num_cat=0
split_feature=43 0 43 3 14 43 8 45 3 26 0 0 9 7
split_gain=119.658 23.9905 27.2624 21.4339 21.7026 21.3307 34.4341 20.3458 19.9692 22.0451 28.9694 20.0387 19.4846 27.0225
threshold=1.8133508700000001 1070.5350000000003 1.0544421250000002 1.5720745000000003 11.500000000000002 0.52005723999999998 1.2201735550000004 -0.073144659999999959 0.81392700000000018 780.50000000000011 450.63800000000009 910.58600000000013 0.96158483500000014 2749.5000000000005
decision_type=2 2 2 2 2 2 2 2 2 2 2 2 2 2
left_child=1 3 12 5 -5 7 -7 -1 11 10 -10 -9 -3 -14
right_child=-2 2 -4 4 -6 6 -8 8 9 -11 -12 -13 13 -15
leaf_value=0.025617045981794456 -0.035985196778552463 0.011277021844911151 -0.034491104288597162 -0.033671585140708137 -0.0018182931682980245 0.0041787182579635608 -0.016270387904275086 0.034806275425714732 -0.02780188325138893 -0.0022775163315988749 0.018269710929359983 -0.017369954642038866 -0.024941297518810177 0.029819636976579415
leaf_weight=109.45348931243643 135.64548875535547 82.808097907167394 51.057740782547626 39.414899609691929 151.95486326061655 881.85189434303902 149.76312857153243 61.346666612662375 19.849946656264365 324.51319744484499 209.98639440024272 11.1087983190082 71.850408235215582 13.304334052372722
leaf_count=545 341059 1502 54069 2970 4907 72616 7246 461 107 3167 1082 107 1454 624
internal_value=-0.000224499 0.00207971 -0.0103303 0.00348977 -0.00906917 0.004871 0.00114589 0.0100475 0.00714756 0.00444515 0.0137835 0.0262018 -0.00220109 -0.0152063
internal_weight=2313.91 2178.26 219.021 1959.24 191.37 1767.87 1031.62 736.258 626.805 554.35 229.836 72.4555 167.963 85.1547
internal_count=491916 150857 57649 93208 7877 85331 79862 5469 4924 4356 1189 568 3580 2078
is_linear=0
shrinkage=0.04


Tree=91
num_leaves=15
num_cat=0
split_feature=44 1 40 35 3 7 53 2 12 14 36 5 13 7
split_gain=114.902 23.2379 37.9779 29.6832 27.9698 23.9818 40.928 27.0284 26.6879 23.172 22.5029 21.7462 19.7799 18.061
threshold=0.82074279216700041 1.27173 17.088193999999998 1.4881528950000003 1.4673025000000002 665.50000000000011 0.25539569750000007 2.2324455000000003 1.0000000180025095e-35 47.500000000000007 0.14900802952691564 252.75149550000003 27.500000000000004 1629.5000000000002
decision_type=2 2 2 2 2 2 2 2 2 2 2 2 2 2
left_child=1 2 3 11 5 6 7 -3 -8 -5 13 -1 -6 -7
right_child=-2 4 -4 9 12 10 8 -9 -10 -11 -12 -13 -14 -15
leaf_value=0.064022606352987149 -0.037190808650842476 0.026551921403826135 0.022326483083462235 0.026109387870533362 -0.02888911811325158 -0.011104159329585377 0.031739277876747747 -0.018280646860590118 -0.021900421801359791 -0.015144158026811039 0.0071100327528058416 -0.0087855807947944137 -0.0046044377921860471 0.0011933069321496434
leaf_weight=1.7902466022642318 122.1445111623907 24.53875282125955 206.18329412472667 91.850571238086559 78.359483829728561 365.26404166172142 130.4460089240747 75.615256781937205 13.143365414958678 24.505434261052869 378.80214490974322 242.03774039707787 157.44867570552742 393.07133823652111
leaf_count=1995 364609 3610 2262 982 8743 32194 12234 7095 1270 348 3741 28153 5427 19253
internal_value=-0.00022463 0.00192393 0.00885807 0.000948107 -0.000525099 0.00166293 0.0129138 -0.00655599 0.0262577 0.0171551 -0.000794654 -0.00697526 -0.0131066 -0.0047639
internal_weight=2305.2 2183.06 566.367 360.184 1616.69 1380.88 243.743 100.154 143.589 116.356 1137.14 243.828 235.808 758.335
internal_count=491916 127307 33740 31478 93567 79397 24209 10705 13504 1330 55188 30148 14170 51447
is_linear=0
shrinkage=0.04


Tree=92
num_leaves=15
num_cat=0
split_feature=43 0 49 18 7 0 43 9 43 1 19 0 9 8
split_gain=110.433 22.5932 20.0613 22.4942 22.5381 22.7864 21.9175 19.3485 22.6267 19.2165 23.2858 19.9377 27.8903 21.0172
threshold=1.8133508700000001 1589.9925000000003 3.5000000000000004 0.95108816500000015 3145.5000000000005 553.86350000000004 1.0000000180025095e-35 4.2925328600000006 0.85010839500000013 1.3691550000000003 0.044713150000000007 628.75400000000002 0.25234550500000003 1.0294273200000001
decision_type=2 2 2 2 2 2 2 2 2 2 2 2 2 2
left_child=1 2 3 -1 5 -5 -4 8 -6 10 -8 12 -11 -13
right_child=-2 -3 6 4 7 -7 9 -9 -10 11 -12 13 -14 -15
leaf_value=0.010624066644119102 -0.035720714583746753 -0.030263570638992435 0.027201184823862391 0.0079226972835221773 0.031974872301375371 -0.0093851400333701679 0.0059636602537694516 -0.0233801934308802 -0.0083785232715976599 -0.035529238999646141 0.030892002869814545 0.0017455463704452027 0.017019926480235065 -0.017065809063725457
leaf_weight=203.83932731617824 127.13775188407453 29.333799086118233 71.007229812443256 144.81341542964219 65.19539092166815 662.52848798919877 210.95727341192833 15.861571423272833 29.971185235102894 13.188710979680762 80.68901376107533 354.7013723905402 164.32888380106306 124.42352308379486
leaf_count=22833 341059 20387 456 7325 644 84091 3110 651 3913 157 1195 3994 1159 942
internal_value=-0.000215896 0.00194079 0.00245139 -0.00123798 -0.00391413 -0.00625097 0.00649947 0.0126153 0.0194824 0.0048148 0.013265 0.000989798 0.0122494 -0.00326536
internal_weight=2297.98 2170.84 2141.51 1122.21 918.37 807.342 1019.3 111.028 95.1666 948.289 291.646 656.642 177.518 479.125
internal_count=491916 150857 130470 119457 96624 91416 11013 5208 4557 10557 4305 6252 1316 4936
is_linear=0
shrinkage=0.04


Tree=93
num_leaves=15
num_cat=0
split_feature=44 2 2 40 45 14 38 23 17 53 2 3 2 2
split_gain=106.248 20.6074 31.2996 27.4375 29.8091 26.581 28.3579 22.9986 22.5022 26.8411 21.0017 20.1708 18.2193 17.4519
threshold=0.82074279216700041 2.7513640000000001 2.7395230000000006 17.088193999999998 0.068217875000000025 30.500000000000004 1.7344298000000002 0.90406484500000006 2978.5000000000005 4.2432694375000013 2.3724420000000008 0.81392700000000018 1.7573245000000002 3.1361645000000005
decision_type=2 2 2 2 2 2 2 2 2 2 2 2 2 2
left_child=1 2 3 4 7 13 -7 11 -8 -10 -5 12 -1 -3
right_child=-2 5 -4 10 -6 6 8 -9 9 -11 -12 -13 -14 -15
leaf_value=0.039111869484050418 -0.036999434596941744 -0.018196762376807014 0.047286200646502463 0.014880838916436158 -0.017201313054285929 -0.023469221147224523 -0.021959115831442406 0.0069100836421123373 0.015775107764364488 -0.033625972775641937 -0.00042306488092147087 -0.013842947286330136 -0.0028858131958934895 0.013237325571540198
leaf_weight=19.258461979974527 114.10706366592785 220.16821398050524 21.461649807519279 423.14583917782875 146.7835394157446 49.769057048062677 30.598984594049398 532.0809818594571 227.22261493175756 14.391209901776163 215.3756874360115 196.69118500771583 49.944310813909397 28.664973362087039
leaf_count=1715 364609 16406 954 4853 15261 6586 384 14932 2173 132 2561 50879 8224 2247
internal_value=-0.000212046 0.00179785 0.00411733 0.00338515 -0.000949049 -0.00470206 0.00288756 0.00212897 0.0080428 0.0122105 0.0097556 -0.00738948 0.0106497 -0.0143862
internal_weight=2289.66 2175.56 1604.74 1583.28 944.758 570.815 321.982 797.975 272.213 241.614 638.522 265.894 69.2028 248.833
internal_count=491916 127307 99379 98425 91011 27928 9275 75750 2689 2305 7414 60818 9939 18653
is_linear=0
shrinkage=0.04


Tree=94
num_leaves=15
num_cat=0
split_feature=44 1 0 40 14 3 35 8 7 0 2 4 14 0
split_gain=101.786 20.4223 35.7651 32.2573 28.3783 31.6683 27.0583 24.4917 24.2208 29.1572 23.3294 21.7686 21.5931 19.4366
threshold=0.82074279216700041 1.27173 1242.1325000000004 17.088193999999998 30.500000000000004 1.5483700000000002 1.4881528950000003 1.0294273200000001 2441.5000000000005 619.53850000000011 1.8951950000000004 296.50000000000006 47.500000000000007 689.40950000000009
decision_type=2 2 2 2 2 2 2 2 2 2 2 2 2 2
left_child=1 3 4 6 5 13 11 -6 -9 -10 -11 -1 -8 -3
right_child=-2 2 -4 -5 7 -7 12 8 9 10 -12 -13 -14 -15
leaf_value=0.039194611427940146 -0.03689040031521626 0.0038160461219326897 -0.032694482102522827 0.020667610486291777 0.011351057231862227 -0.027089045863562845 0.025019295215536152 -0.019780408453727524 0.033016840229523649 -0.043640064956280804 0.0021311063673731668 -0.0095872778774306472 -0.014833025693112508 -0.0096906783621629761
leaf_weight=10.706894448259844 109.96492573498108 395.73133909859462 48.624147641414311 205.56642716220813 487.13405440845236 85.887525229147286 91.898884656024165 90.860414278649841 40.099591478559887 15.117619812313931 152.57923420806765 231.3958109972009 24.415507291909307 291.97734211620991
leaf_count=5746 364609 17003 15785 2262 13265 5874 982 3493 944 317 3523 24402 348 33363
internal_value=-0.000209406 0.00172816 -0.000574676 0.00824129 0.000528165 -0.0048944 0.000928008 0.00586377 -0.00312599 0.00444993 -0.00313912 -0.00668049 0.0163873 -0.001947
internal_weight=2281.96 2171.99 1608.01 563.984 1559.39 773.596 358.417 785.791 298.657 207.796 167.697 242.103 116.314 687.709
internal_count=491916 127307 93567 33740 77782 56240 31478 21542 8277 4784 3840 30148 1330 50366
is_linear=0
shrinkage=0.04


Tree=95
num_leaves=15
num_cat=0
split_feature=44 29 1 0 4 35 7 40 3 15 33 9 27 3
split_gain=97.4982 19.5649 21.864 34.4715 28.7276 36.1874 28.4793 28.1505 25.1541 21.5593 20.6812 20.3369 22.853 22.387
threshold=0.82074279216700041 -0.11893386499999997 1.27173 1235.4215000000002 296.50000000000006 1.4881528950000003 713.50000000000011 16.388770500000007 1.4673025000000002 90.500000000000014 -0.0025795526000000025 4.040364395000001 0.24751057000000004 0.67839700000000014
decision_type=2 2 2 2 2 2 2 2 2 2 2 2 2 2
left_child=1 -1 4 8 6 7 -3 -6 10 -9 -4 12 13 -12
right_child=-2 2 3 -5 5 -7 -8 9 -10 -11 11 -13 -14 -15
leaf_value=-0.021407238742966968 -0.036777990971825582 0.097165973973250372 0.011066691546939018 -0.032004589051477891 -0.0090010834185366602 0.02168569328745976 -0.0095861851904250565 0.0073682157980231259 -0.011339072062202424 0.053590822286808559 0.020861879059181833 -0.02871790435403317 0.017058997187311603 -0.0034338339753139848
leaf_weight=52.336187135239015 105.98460706873448 6.2746684769226686 367.40468031157798 47.485347643247223 216.10284748727281 182.19431769917719 4.9217871355358511 123.91630982591596 221.65425586413767 14.019781961484112 61.252634228585521 33.08084831002634 119.23107936920132 719.00593603271409
leaf_count=17121 364609 2850 11549 14444 21676 1127 2330 1731 9869 109 2579 487 1142 40293
internal_value=-0.000209309 0.00165814 0.00227759 -0.0001314 0.00912124 0.00746156 0.0617667 -5.8479e-05 0.000964826 0.0137766 0.00309813 -8.35204e-05 0.00112251 -0.00140586
internal_weight=2274.87 2168.88 2116.54 1569.11 547.43 536.233 11.1965 354.039 1521.63 137.936 1299.98 932.57 899.49 780.259
internal_count=491916 127307 110186 80363 29823 24643 5180 23516 65919 1840 56050 44501 44014 42872
is_linear=0
shrinkage=0.04


Tree=96
num_leaves=15
num_cat=0
split_feature=44 44 53 9 48 0 15 22 45 28 29 44 44 0
split_gain=93.4537 19.002 24.4445 22.5895 22.7481 23.4119 22.7972 21.7575 28.881 27.4615 34.6577 27.0822 26.1867 27.1975
threshold=0.82074279216700041 0.10170858139604214 0.42598456250000005 4.2925328600000006 -0.019218412499999993 1070.5350000000003 78.500000000000014 0.78727159000000013 0.11020290500000009 0.14203753500000002 0.33142097499999995 0.65637984939306304 0.42050185613730934 480.35300000000007
decision_type=2 2 2 2 2 2 2 2 2 2 2 2 2 2
left_child=1 2 -1 4 -3 7 -7 8 9 -6 11 -11 -9 -14
right_child=-2 3 -4 -5 5 6 -8 12 -10 10 -12 -13 13 -15
leaf_value=-0.010758108643782611 -0.03666213626768465 -0.024753398307738515 0.012873575021211536 -0.03039845875395281 -0.0031470413367339252 -0.02090609548640333 0.016205522142007333 0.0029133165330384918 -0.0029617532296825006 0.034486942752818578 0.019017869707992102 0.12899993734055609 0.02954336062507576 -0.018049484007961088
leaf_weight=81.290708517190069 102.15975305446773 50.897909782070201 386.44280220475048 34.162700394866988 51.489057315862738 123.05519166080921 29.409022937092232 956.25260912976228 124.0554070937942 22.641669971519153 111.24944335273176 4.5156294254556988 16.999795696086949 173.34237854338426
leaf_count=667 364609 21232 2927 1411 38177 27184 2485 7823 7350 537 1417 1147 799 14151
internal_value=-0.000197289 0.00160322 0.00869611 -0.000370312 0.000335439 0.00120115 -0.0134603 0.00277234 0.0120131 0.021621 0.0306234 0.0678164 0.000200933 -0.0131515
internal_weight=2267.96 2165.8 467.734 1698.07 1663.91 1613.01 152.464 1460.55 313.951 189.896 138.407 27.1573 1146.59 190.342
internal_count=491916 127307 3594 123713 122302 101070 29669 71401 48628 41278 3101 1684 22773 14950
is_linear=0
shrinkage=0.04


Tree=97
num_leaves=15
num_cat=0
split_feature=43 36 45 8 45 13 2 11 1 40 3 19 53 44
split_gain=91.268 19.207 27.5394 21.7069 20.7939 18.5806 23.1892 19.0861 20.6504 18.8691 16.4991 22.3601 18.7826 18.6433
threshold=1.8133508700000001 0.19855643393868755 0.13883959500000004 1.8981654300000004 0.11661881500000006 129.50000000000003 2.7513640000000001 3270.2017260000007 2.3608935000000004 11.108541800000005 0.69528900000000016 0.039434360000000009 0.39201801500000005 0.27371725090554838
decision_type=2 2 2 2 2 2 2 2 2 2 2 2 2 2
left_child=1 2 5 4 -3 6 10 8 -8 -9 11 -1 -13 -12
right_child=-2 3 -4 -5 -6 -7 7 9 -10 -11 13 12 -14 -15
leaf_value=0.032277892033592201 -0.035038049892827099 0.020541091310805285 -0.026499974923495907 -0.027729896459607575 0.0013272261412249349 0.020102960088947373 -0.022578997219314497 0.01168100685678475 0.04008796974260579 -0.011019583679364394 0.0058725266655828348 0.02693683481269301 -0.022698941192342774 -0.0042441554840808443
leaf_weight=60.131146650208393 109.16480940276233 199.17909743863856 56.053378901837277 18.692992098774994 162.64360457571456 71.533007485719281 145.80876870080829 97.688489124702755 4.4381382453721008 131.50211808033055 619.61327156913467 14.535023319345781 27.753262344194809 541.64152682575514
leaf_count=4771 341059 1247 9560 175 2512 1702 3701 2105 63 1107 5125 2140 2354 114295
internal_value=-0.000184651 0.00166116 -0.000100101 0.00975202 0.01204 0.000837477 -5.96905e-05 -0.00866577 -0.0194964 -0.00130104 0.00254838 0.0175484 -0.00459422 0.00115586
internal_weight=2260.38 2151.21 1770.7 380.516 361.823 1714.64 1643.11 379.438 150.247 229.191 1263.67 102.419 42.2883 1161.25
internal_count=491916 150857 146923 3934 3759 137363 135661 6976 3764 3212 128685 9265 4494 119420
is_linear=0
shrinkage=0.04


Tree=98
num_leaves=15
num_cat=0
split_feature=43 0 43 9 7 0 3 14 0 43 23 23 16 8
split_gain=87.2896 19.5678 23.6069 17.8788 24.8085 22.9615 17.4275 19.6205 18.7272 18.5827 21.8783 21.8382 30.2542 24.1366
threshold=1.8133508700000001 1070.5350000000003 1.0544421250000002 0.96158483500000014 2749.5000000000005 1114.8760000000002 1.5720745000000003 11.500000000000002 910.58600000000013 1.0000000180025095e-35 0.20967550500000001 0.50920266000000003 2704.5000000000005 0.13402468500000003
decision_type=2 2 2 2 2 2 2 2 2 2 2 2 2 2
left_child=1 6 3 5 -5 -3 9 -8 -9 -1 -11 12 -12 -13
right_child=-2 2 -4 4 -6 -7 7 8 -10 10 11 13 -14 -15
leaf_value=0.018714889575305198 -0.034864278854729494 -0.037646964994556449 -0.033822280205883723 -0.024577260467865469 0.028084755204078899 0.018393516524753916 -0.032312496555384838 0.0046809584307548847 -0.031582579319969037 -0.014837140506540598 0.037353216202636194 -0.027625167879344339 -0.0026817423519181079 0.0036114058101626525
leaf_weight=124.39620079705492 105.42115688190097 8.9829052183195 45.348302282363875 70.092868916224688 13.278988130332435 73.250715521920938 38.214801394409733 126.74452063314675 22.564506442897255 98.913758090740885 65.750603059059358 35.790545360272517 51.597379293845734 1372.3940031534585
leaf_count=1043 341059 213 54069 1454 624 1289 2970 3387 1520 16371 22468 2225 3395 39829
internal_value=-0.000178895 0.001601 -0.00982719 -0.00245786 -0.0150751 0.0104649 0.00286812 -0.00857164 -0.00164519 0.00411572 0.00294375 0.00414135 0.0203598 0.00272256
internal_weight=2252.74 2147.32 210.954 165.605 83.3719 82.2336 1936.37 187.524 149.309 1748.84 1624.45 1525.53 117.348 1408.18
internal_count=491916 150857 57649 3580 2078 1502 93208 7877 4907 85331 84288 67917 25863 42054
is_linear=0
shrinkage=0.04


Tree=99
num_leaves=15
num_cat=0
split_feature=44 48 1 0 35 4 14 3 40 53 8 48 7 0
split_gain=83.4679 17.6911 20.6479 30.4007 27.41 33.0105 25.7061 28.869 25.446 25.4305 24.0976 23.4334 22.4835 25.6876
threshold=0.82074279216700041 -0.030902294999999965 1.27173 1235.4215000000002 1.4881528950000003 296.50000000000006 30.500000000000004 1.5483700000000002 16.388770500000007 0.36370390500000005 1.0294273200000001 0.010761994999999998 2441.5000000000005 619.53850000000011
decision_type=2 2 2 2 2 2 2 2 2 2 2 2 2 2
left_child=1 -1 4 6 5 9 7 -4 -7 11 -8 -3 -12 -14
right_child=-2 2 3 -5 -6 8 10 -9 -10 -11 12 -13 13 -15
leaf_value=-0.021646734298072796 -0.036338775163329874 0.12602255092975428 -0.0017509983693835256 -0.030722835743063365 0.021143494252458844 -0.0088819367207037311 0.011283040462603675 -0.026404770021746651 0.012773380898698982 -0.0032826605042934965 -0.019932117271061076 -0.0066275018211075856 0.031463453308845549 -0.003106001409902949
leaf_weight=46.82280722008727 92.751750393552356 3.3374333515821473 668.28804896869406 45.969358818954788 181.52002274617553 215.28962066549866 477.89994158835907 80.881063986002118 138.29349761722551 6.4788435863738414 85.127660340294824 2.222452014364535 38.231020530161913 164.79014699683466
leaf_count=13194 364609 1458 44866 14987 1215 22409 11923 4996 1868 3186 2590 694 638 3283
internal_value=-0.000185953 0.00145047 0.00201343 -0.000336835 0.00866188 0.00226349 0.000683045 -0.00457006 -0.000352097 0.0566449 0.00581672 0.0949667 -0.00328709 0.00400358
internal_weight=2247.9 2155.15 2108.33 1561.19 547.142 365.622 1515.22 749.169 353.583 12.0387 766.049 5.55989 288.149 203.021
internal_count=491916 127307 114113 83283 30830 29615 68296 49862 24277 5338 18434 2152 6511 3921
is_linear=0
shrinkage=0.04


Tree=100
num_leaves=15
num_cat=0
split_feature=43 0 13 8 36 45 2 11 3 0 48 0 1 27
split_gain=80.5036 18.1793 18.1056 21.7266 21.3806 24.7496 22.2329 23.1333 22.237 20.6194 20.9756 20.2557 24.9198 19.6979
threshold=1.8133508700000001 1589.9925000000003 163.50000000000003 2.0953895900000004 0.19855643393868755 0.14750021500000005 2.7513640000000001 3270.2017260000007 0.68480200000000013 906.61700000000008 0.11395655750000007 500.88500000000005 2.3608935000000004 0.15516773000000003
decision_type=2 2 2 2 2 2 2 2 2 2 2 2 2 2
left_child=1 2 3 4 5 6 8 11 -1 10 -6 -8 -13 -9
right_child=-2 -3 -4 -5 9 -7 7 13 -10 -11 -12 12 -14 -15
leaf_value=0.022274962875121138 -0.034542681319783462 -0.028749010422630516 0.028269982487168863 -0.031957867797191043 0.0013622897124758173 -0.028554595619306615 0.011288676778296633 0.0070571802078787304 0.0019224054742228288 -0.007138609044312471 0.023886585500686525 -0.029881169043156165 0.040678272146355672 -0.017942124273853943
leaf_weight=87.835418811475392 99.026151802041568 26.369993576299748 35.966454585781321 25.778007622298901 104.95155658526346 42.180537232576171 25.473441921640188 180.29947434802307 1169.3984645408054 78.214886877933168 176.8991589397192 120.29992585041327 4.3037292386870822 64.286386783933267
leaf_count=6691 341059 20387 632 3066 1559 6604 383 2810 102817 1204 932 3359 46 367
internal_value=-0.000177503 0.00148777 0.00193149 0.00140934 0.00190465 1.25111e-05 0.000825929 -0.00739898 0.00342692 0.0106849 0.0156693 -0.0194848 -0.0259688 0.000258616
internal_weight=2241.28 2142.26 2115.89 2079.92 2054.14 1694.08 1651.9 394.663 1257.23 360.066 281.851 150.077 124.604 244.586
internal_count=491916 150857 130470 129838 126772 123077 116473 6965 109508 3695 2491 3788 3405 3177
is_linear=0
shrinkage=0.04


Tree=101
num_leaves=15
num_cat=0
split_feature=44 43 3 0 39 18 2 15 45 36 29 4 0 15
split_gain=77.3149 17.4653 19.8518 23.6155 29.9136 21.8537 23.632 21.2079 17.0653 20.9134 17.7449 17.4244 16.4651 20.4119
threshold=0.82074279216700041 1.0000000180025095e-35 1.4529915000000002 853.65100000000018 0.29616828215433172 0.95108816500000015 1.7660510000000003 15.500000000000002 0.11020290500000009 0.14900802952691564 0.74686528500000005 1133.5000000000002 662.98350000000016 24.500000000000004
decision_type=2 2 2 2 2 2 2 2 2 2 2 2 2 2
left_child=1 -1 5 4 -4 6 -3 -6 9 12 -10 -12 13 -7
right_child=-2 2 3 -5 7 8 -8 -9 10 -11 11 -13 -14 -15
leaf_value=0.012494297777563121 -0.036104652219469402 0.040718304663783338 -0.011598868185157894 -0.027950430128298315 0.068689239760262505 0.016585864898974706 0.007109726081155775 0.0085883984149192887 -0.021102198965817272 0.010650449486705032 -0.020117270601782339 0.024283642524152375 -0.0056649354000277517 -0.0030314114729890086
leaf_weight=198.97064397740178 86.906986896123271 33.896422362377052 146.14489783212775 75.554828194799484 7.4402227618993484 142.69011593981122 268.22500268055592 46.339448382350383 109.68513003418047 286.80551766978169 18.845314649166539 30.449247527285479 586.36945122590987 196.53080266522011
leaf_count=1710 364609 2195 9226 10856 122 9423 17726 436 10091 1815 196 168 56710 6633
internal_value=-0.000176443 0.0013577 0.000191709 -0.00965924 -0.00223339 0.00183725 0.0114819 0.0220388 -0.000321525 0.00131135 -0.0124343 0.00701975 -0.00162416 0.00534147
internal_weight=2234.85 2147.95 1948.98 275.479 199.925 1673.5 302.121 53.7797 1371.38 1212.4 158.98 49.2946 925.59 339.221
internal_count=491916 127307 125597 20640 9784 104957 19921 558 85036 74581 10455 364 72766 16056
is_linear=0
shrinkage=0.04


Tree=102
num_leaves=15
num_cat=0
split_feature=43 0 13 8 36 45 2 1 24 11 17 0 0 1
split_gain=74.3203 16.8283 16.8257 18.5626 20.3293 21.4149 20.9857 18.567 22.9605 19.1881 20.977 20.6412 18.465 18.2442
threshold=1.8133508700000001 1589.9925000000003 129.50000000000003 2.0953895900000004 0.19855643393868755 0.14750021500000005 2.7513640000000001 1.7228400000000004 1148.5000000000002 3270.2017260000007 5450.5000000000009 1003.3975000000002 500.88500000000005 2.3608935000000004
decision_type=2 2 2 2 2 2 2 2 2 2 2 2 2 2
left_child=1 2 3 4 5 6 -1 -8 12 -10 11 -11 -9 -14
right_child=-2 -3 -4 -5 -6 -7 7 8 9 10 -12 -13 13 -15
leaf_value=0.0028963746406148244 -0.034208244880655742 -0.028090097502330477 0.017940332199908707 -0.031498440842705026 0.010221607548802629 -0.02758354251748886 -0.02453018398675556 0.013114744395456313 -0.013698666312004101 0.031487668062014008 -0.0073644464034421358 -0.017643404651642474 -0.03210461931224614 0.034865714285795803
leaf_weight=1233.3164742971567 93.111778266262263 25.548516399096115 93.744390980296885 22.703278444067109 345.48110139839991 40.059189082268858 78.46790074146702 19.883526424295269 59.535860734351445 76.549824408954009 51.590341852977872 13.07137241354212 72.547143159375992 3.0546700095292172
leaf_count=108997 341059 20387 1727 2842 3627 6499 1476 282 1379 709 516 374 1995 47
internal_value=-0.000166094 0.00139461 0.00181718 0.00102502 0.00147329 -0.000385967 0.000374986 -0.00785295 -0.00310155 0.00460838 0.0125313 0.0237682 -0.0187336 -0.0274037
internal_weight=2228.67 2135.55 2110.01 2016.26 1993.56 1648.08 1608.02 374.701 296.233 200.747 141.212 89.6212 95.4853 75.6018
internal_count=491916 150857 130470 128743 125901 122274 115775 6778 5302 2978 1599 1083 2324 2042
is_linear=0
shrinkage=0.04


Tree=103
num_leaves=15
num_cat=0
split_feature=44 29 43 3 18 5 52 26 9 39 29 23 2 12
split_gain=71.6156 16.4938 18.2161 20.8988 18.0753 26.2835 24.3322 18.1043 16.9224 22.2752 17.5184 16.0666 14.1865 22.3389
threshold=0.82074279216700041 -0.19921346500000003 1.0000000180025095e-35 1.6905570000000003 0.95108816500000015 416.81890950000007 0.0067773300000000024 187.50000000000003 2.2367783400000003 0.096539658888591687 0.27902320500000005 1.7348539100000002 2.5181560000000007 1.0000000180025095e-35
decision_type=2 2 2 2 2 2 2 2 2 2 2 2 2 2
left_child=1 -1 11 4 5 6 7 -4 9 -7 -11 -3 13 -6
right_child=-2 2 3 -5 12 8 -8 -9 -10 10 -12 -13 -14 -15
leaf_value=-0.024684214612563534 -0.035859156474667322 0.028493688358668764 -0.012990572485263214 -0.02137522831855939 -0.0017026543771351797 -0.01223198767093352 -0.016524314973199578 0.10409721744899834 -0.0093995606807506932 0.053775178389866375 0.013266839866968106 0.0045437268327129113 -0.0053590308230810147 0.01165249225497663
leaf_weight=33.506375088749337 81.483033623298979 66.364111371338367 1.3548396458354526 62.204402068440686 626.44989421918581 46.768615853929077 3.2334319842193509 6.2248586240166333 73.946528163403855 14.709671247881486 198.13362430324196 126.94811249035411 593.28576604700356 288.94544412897085
leaf_count=9524 364609 428 572 4909 49597 10987 1732 2856 2211 572 2172 916 30686 10145
internal_value=-0.000171421 0.00126646 0.00173625 0.000539888 0.00133109 0.00952971 0.0600685 0.0863235 0.00702844 0.0117969 0.0172364 0.0132769 -0.000565625 0.00255331
internal_weight=2223.56 2142.08 2108.57 1915.26 1853.05 344.372 10.8131 7.5797 333.558 259.612 212.843 193.312 1508.68 915.395
internal_count=491916 127307 117783 116439 111530 21102 5160 3428 15942 13731 2744 1344 90428 59742
is_linear=0
shrinkage=0.04


Tree=104
num_leaves=15
num_cat=0
split_feature=44 44 48 5 11 48 53 3 23 45 3 29 3 0
split_gain=68.6454 16.0691 20.3396 21.1184 37.4994 24.7359 21.9284 20.1234 19.8016 22.4477 19.0898 21.1523 19.1501 18.187
threshold=0.82074279216700041 0.17563164833302702 -0.019218412499999993 444.74149900000003 1925.0863985000003 0.012879357500000002 0.54797581750000013 0.76367250000000009 1.7348539100000002 -0.065218574999999904 1.2367865000000002 0.020556255000000006 1.2247860000000002 623.0205000000002
decision_type=2 2 2 2 2 2 2 2 2 2 2 2 2 2
left_child=1 7 -3 4 5 6 -4 -1 -9 -10 11 -5 -13 -14
right_child=-2 2 3 10 -6 -7 -8 8 9 -11 -12 12 13 -15
leaf_value=0.032655610611656047 -0.03571644703357732 -0.027167539187545282 0.087440449832966338 -0.027880991044758923 -0.022350191668285811 0.0092075916946360269 -0.013895689399808965 0.010682944045353859 0.015169347248828858 -0.008862163381573359 -0.0090632360839596367 0.0016254437384510452 -0.0096712083712902474 0.050167785390524931
leaf_weight=37.954126165248454 78.614192420776817 41.856497296670568 14.797243070235711 32.477829541414394 16.935158989945194 20.709262714080978 2.6294238127884446 363.93374987947755 78.153412538114935 242.80834990786389 369.79943410705891 887.58379401046841 9.9403499594191107 20.075925952856778
leaf_count=255 364609 21095 10487 16605 8151 6042 2283 1910 421 2962 27176 29122 92 706
internal_value=-0.000160147 0.00122647 -0.00125116 -0.000366629 0.0228318 0.0431609 0.0724612 0.00605792 0.004358 -0.00286762 -0.00141708 0.0015909 0.00277949 0.0317999
internal_weight=2218.27 2139.65 1416.8 1374.95 55.0711 38.1359 17.4267 722.85 684.896 320.962 1319.88 950.078 917.6 30.0163
internal_count=491916 127307 121759 100664 26963 18812 12770 5548 5293 3383 73701 46525 29920 798
is_linear=0
shrinkage=0.04


Tree=105
num_leaves=15
num_cat=0
split_feature=43 0 48 0 36 47 23 45 53 48 17 3 10 53
split_gain=66.2424 16.3114 36.5623 25.8009 20.6367 29.1186 24.3024 23.558 23.3074 22.3304 20.2262 29.2733 27.9034 26.4231
threshold=1.8133508700000001 787.58500000000015 0.016556709999999999 807.14650000000017 0.24615346506907174 0.51863273500000007 0.25365259000000001 0.19057143500000004 0.25801176500000006 0.14668396750000004 4103.5000000000009 0.83303550000000015 3608.5000000000005 0.37450819000000007
decision_type=2 2 2 2 2 2 2 2 2 2 2 2 2 2
left_child=1 4 -3 -4 5 6 -1 10 -8 -6 11 -7 13 -13
right_child=-2 2 3 -5 9 7 8 -9 -10 -11 -12 12 -14 -15
leaf_value=-0.019570282302229059 -0.033702431412328003 -0.024908815200676088 -0.022114109598073205 0.0030653396431861097 0.0028482807367335807 0.01681223167567043 0.10781410682194313 -0.034642606611279748 0.010608993627774128 0.033006042740334973 0.011710762284498804 -0.015622097768971761 -0.031472557630538994 0.0023479846110739046
leaf_weight=4.498193466060914 85.329178645915817 104.21421134006232 68.595549512989237 559.88296220022312 83.210096236754907 126.13384999334812 5.4180371984402873 23.662253680347931 8.3292941569961823 71.223216585814953 264.35319915119908 162.41996383904188 48.525893414305756 596.29592009120097
leaf_count=9456 341059 83237 1063 15584 973 3842 4003 1065 7627 410 2872 6969 531 13225
internal_value=-0.000152003 0.00126999 -0.00354665 0.000164265 0.00380513 0.00205407 0.0464063 0.00120503 0.0674561 0.0173557 0.0020543 -0.000728452 -0.00355586 -0.001576
internal_weight=2212.09 2126.76 732.693 628.479 1394.07 1239.64 18.2455 1221.39 13.7473 154.433 1197.73 933.376 807.242 758.716
internal_count=491916 150857 99884 16647 50973 49590 21086 28504 11630 1383 27439 24567 20725 20194
is_linear=0
shrinkage=0.04


Tree=106
num_leaves=15
num_cat=0
split_feature=43 0 0 0 10 24 49 53 43 45 7 24 45 0
split_gain=63.3237 15.6237 15.8709 28.3844 29.4262 25.8943 18.3555 29.0726 24.4512 29.4427 23.7784 22.6117 38.6396 22.2788
threshold=1.8133508700000001 1589.9925000000003 439.78550000000001 500.88500000000005 1084.5000000000002 833.50000000000011 3.5000000000000004 0.16946888750000003 0.4016431299999999 -0.029188555000000001 3145.5000000000005 1237.5000000000002 -0.00269231499999957 533.98000000000013
decision_type=2 2 2 2 2 2 2 2 2 2 2 2 2 2
left_child=1 2 5 4 -4 -1 10 -8 -9 -10 11 13 -13 -5
right_child=-2 -3 3 6 -6 -7 7 8 9 -11 -12 12 -14 -15
leaf_value=-0.034927105438669809 -0.033494648167370765 -0.027636385837146431 0.071921727967920665 0.017029610955078999 0.012600564897132845 0.027254200777602315 -0.033990217125756138 0.016655575976165123 -0.010694067011705928 0.0075488892638084582 0.013230312229296982 0.016271793361428696 -0.012612268193880862 -0.011995374814137429
leaf_weight=37.068533393627149 82.512198983356939 24.611125137438648 11.004189691433565 41.597406185566797 105.38991714810254 10.252524364739655 24.808272756999941 253.09866074100137 196.58130945041194 471.07359393876686 124.19460970147338 166.51855623919982 125.74222630265285 531.3808869819768
leaf_count=1705 341059 20387 2123 2406 2871 89 575 1339 1804 6832 5851 2745 3807 98323
internal_value=-0.000147801 0.0012237 0.00162702 0.00217683 0.0209403 -0.0201379 0.000997108 0.00496937 0.00619699 0.00213795 -0.00280492 -0.00516938 0.0038416 -0.00975911
internal_weight=2205.83 2123.32 2098.71 2051.39 116.394 47.3211 1935 945.562 920.754 667.655 989.434 865.239 292.261 572.978
internal_count=491916 150857 130470 128676 4994 1794 123682 10550 9975 8636 113132 107281 6552 100729
is_linear=0
shrinkage=0.04


Tree=107
num_leaves=15
num_cat=0
split_feature=43 9 50 7 12 53 43 9 45 0 5 2 7 9
split_gain=60.5333 15.5116 23.3137 19.331 42.221 30.7217 30.9659 30.164 26.4481 19.9985 24.0702 29.0914 20.9172 22.3712
threshold=1.8133508700000001 4.2925328600000006 4.5000000000000009 2441.5000000000005 1.0000000180025095e-35 1.7035763575 0.61904502000000006 3.1425681900000004 0.018669655000000025 1022.4180000000001 1396.9718255000003 2.2615805000000004 938.50000000000011 1.0034550150000003
decision_type=2 2 2 2 2 2 2 2 2 2 2 2 2 2
left_child=1 3 -3 7 -5 -6 -7 9 -8 -1 -11 12 -12 -14
right_child=-2 2 -4 4 5 6 8 -9 -10 10 11 -13 13 -15
leaf_value=0.0026499390404175335 -0.033282054771436233 -0.042354309872399125 0.0055180759076475681 -0.017200693749222687 0.042495075598975696 0.021784827609325316 -0.010096596025526837 -0.025742398582017548 0.028743671898456339 -0.03400953036175508 -0.026902469406610893 -0.019057101845027302 0.040667105275855465 -0.0065394324840891659
leaf_weight=1337.8814824034926 79.804427088645753 27.041806151188212 31.024976069747936 77.248654431401519 49.268139341424103 163.93577624706086 136.43926719939918 66.265929227040033 30.020927307574311 47.913225721291383 11.601365092152262 78.100578546902398 39.421637844119687 23.235413126065396
leaf_count=77014 341059 1380 303 4753 967 1254 3846 2017 3388 52545 320 2407 316 347
internal_value=-0.000142706 0.00118053 -0.0183666 0.00177427 0.00898483 0.014467 0.00971631 -0.000300713 -0.00245786 0.000875209 -0.0107563 -0.00259545 0.0148279 0.0239717
internal_weight=2199.2 2119.4 58.0668 2061.33 456.913 379.664 330.396 1604.42 166.46 1538.15 200.272 152.359 74.2584 62.6571
internal_count=491916 150857 1683 149174 14208 9455 8488 134966 7234 132949 55935 3390 983 663
is_linear=0
shrinkage=0.04


Tree=108
num_leaves=15
num_cat=0
split_feature=44 1 0 1 7 23 19 3 3 7 53 2 12 5
split_gain=59.1005 14.8503 27.0758 24.1748 23.9826 27.0974 24.3979 20.6876 19.9008 21.6299 36.8437 23.816 21.051 19.2109
threshold=0.82074279216700041 1.27173 1235.4215000000002 1.1328890000000003 2974.5000000000005 1.3902820300000001 0.049583775000000004 1.3000975000000004 1.4673025000000002 665.50000000000011 0.27593119500000002 2.2324455000000003 1.0000000180025095e-35 1396.9718255000003
decision_type=2 2 2 2 2 2 2 2 2 2 2 2 2 2
left_child=1 3 8 4 5 6 13 -8 9 10 11 -3 -12 -1
right_child=-2 2 -4 -5 -6 -7 7 -9 -10 -11 12 -13 -14 -15
leaf_value=-0.020514215062539809 -0.035185031966423433 0.025484954255590792 -0.030146708214501178 0.016581243754587686 0.026939907710865411 0.025665189405440787 0.035614866034074766 -0.012214913373254246 -0.010979174097140205 -0.00053183294969295545 0.031968347545233367 -0.014969460372160324 -0.018403979479103584 0.012133099400057766
leaf_weight=171.55137227626983 69.417647811686038 26.85998043656582 44.113974808453349 226.23598407249665 39.902869683020981 36.482034979504533 27.314095660840394 22.671767366715358 219.41351237316849 1068.1784167293808 116.27945288957562 82.262449906716938 11.655453044382737 31.020603975979611
leaf_count=12178 364609 3597 16107 15863 1683 733 2014 986 11791 44584 9074 7472 942 283
internal_value=-0.000145926 0.00107922 -0.000914366 0.00667035 -0.000292247 -0.0044459 -0.00920926 0.014783 2.72146e-05 0.00191225 0.0127088 -0.0043315 0.0268596 -0.015343
internal_weight=2193.36 2123.94 1568.76 555.179 328.943 289.04 252.558 49.9859 1524.65 1305.24 237.057 109.122 127.935 202.572
internal_count=491916 127307 93567 33740 17877 16194 15461 3000 77460 65669 21085 11069 10016 12461
is_linear=0
shrinkage=0.04


Tree=109
num_leaves=15
num_cat=0
split_feature=44 43 9 7 12 53 9 1 43 1 45 4 44 1
split_gain=56.6313 14.9003 18.2948 19.9383 41.4678 32.4765 30.8691 29.7005 29.0608 28.6167 24.1513 24.2869 24.12 24.0472
threshold=0.82074279216700041 1.0000000180025095e-35 4.2925328600000006 2441.5000000000005 1.0000000180025095e-35 1.7035763575 3.1425681900000004 2.0981060000000005 0.61904502000000006 2.3608935000000004 -0.043685619999999974 1458.5000000000002 0.49524130679450273 1.7816040000000004
decision_type=2 2 2 2 2 2 2 2 2 2 2 2 2 2
left_child=1 -1 3 6 -5 -6 7 13 -7 -9 -10 12 -12 -3
right_child=-2 2 -4 4 5 8 -8 9 10 -11 11 -13 -14 -15
leaf_value=0.011428712634562249 -0.035024108166060539 -0.001591121058890213 -0.024339133156177084 -0.017926680655082267 0.043105429672634442 0.021701434438550077 -0.028866947716316024 -0.030229849996031195 -0.022495059524290265 0.034011337191741535 0.032119164919765665 -0.019670426242457701 -0.015326937850905718 0.01190065567740998
leaf_weight=195.17629799083807 67.018591962347273 1046.9070376069139 43.32655725730001 76.118490155582549 47.147389141799067 141.88860491372179 58.827052183274645 78.378493545897072 57.74157534398546 8.5702897630544594 58.781592782237567 30.773125708234147 20.020642275543651 259.57921750099922
leaf_count=1710 364609 83608 1478 5438 892 1034 2201 5610 1319 690 594 1034 3723 17976
internal_value=-0.00013937 0.00104144 -3.6896e-05 0.000584688 0.00807234 0.013797 -0.00166512 -0.000417625 0.0087133 -0.0223926 -0.00261104 0.00839141 0.0198697 0.00112464
internal_weight=2190.25 2123.24 1928.06 1884.73 432.471 356.353 1452.26 1393.44 309.206 86.9488 167.317 109.575 78.8022 1306.49
internal_count=491916 127307 125597 124119 14034 8596 110085 107884 7704 6300 6670 5351 4317 101584
is_linear=0
shrinkage=0.04


Tree=110
num_leaves=15
num_cat=0
split_feature=44 29 44 3 4 7 48 17 1 1 14 3 48 36
split_gain=54.2453 14.7806 15.7755 17.9506 18.2876 28.3396 25.3626 16.2862 15.8817 29.2898 29.3455 19.9549 16.8339 26.9589
threshold=0.82074279216700041 -0.19921346500000003 1.0000000180025095e-35 1.6905570000000003 302.50000000000006 584.50000000000011 0.010761994999999998 843.50000000000011 2.3608935000000004 2.1543170000000003 65.500000000000014 1.1022950000000002 0.14668396750000004 0.24615346506907174
decision_type=2 2 2 2 2 2 2 2 2 2 2 2 2 2
left_child=1 -1 -3 4 5 6 7 -4 9 12 -11 -10 -6 -14
right_child=-2 2 3 -5 8 -7 -8 -9 11 10 -12 -13 13 -15
leaf_value=-0.024057358986359342 -0.034859021164505205 0.012273084185538945 -0.0030417169946932525 -0.020240202725621478 -0.00037275074662029779 -0.014548953313576854 -0.0073329969036824982 0.11774847194991499 -0.024177254372957636 -0.034777992858494131 0.023118157705668795 0.059676156069271021 0.0022543185075521856 0.030232796954337147
leaf_weight=32.026549000889645 64.712825320311822 190.05665974318981 1.8728905495227097 60.574006746654049 1467.0643049610226 9.1975188838405284 4.4059145222126972 5.0331544432119699 3.3170231309341025 61.810611181121203 13.966210668208076 9.8878793197218311 187.42970642726868 73.593456842005253
leaf_count=9524 364609 1344 2079 4909 91989 6677 2174 2756 518 3583 191 228 962 373
internal_value=-0.000139609 0.000999599 0.00144044 0.000326405 0.00105745 0.0346911 0.0669147 0.0974701 0.000583665 0.000207926 -0.0233368 0.0377573 0.00130471 0.0105626
internal_weight=2184.95 2120.24 2088.21 1898.15 1837.58 20.5095 11.312 6.90604 1817.07 1803.86 75.7768 13.2049 1728.09 261.023
internal_count=491916 127307 117783 116439 111530 13686 7009 4835 97844 97098 3774 746 93324 1335
is_linear=0
shrinkage=0.04


Tree=111
num_leaves=15
num_cat=0
split_feature=43 13 8 36 45 0 48 2 1 24 11 0 48 3
split_gain=52.0969 14.7872 18.8857 17.3746 21.2453 18.1741 17.7371 16.5625 21.4856 21.3014 20.9422 22.7237 22.5008 18.9595
threshold=1.8133508700000001 163.50000000000003 2.0953895900000004 0.19855643393868755 0.14750021500000005 906.61700000000008 0.11395655750000007 2.7513640000000001 1.7228400000000004 1189.5000000000002 3270.2017260000007 662.98350000000016 0.041975379999999986 0.68480200000000013
decision_type=2 2 2 2 2 2 2 2 2 2 2 2 2 2
left_child=1 2 3 4 7 6 -5 13 -9 -10 -11 -12 -13 -1
right_child=-2 -3 -4 5 -6 -7 -8 8 9 10 11 12 -14 -15
leaf_value=0.019575108596424785 -0.032549512780540163 0.024685875980308487 -0.031056261641649884 0.00078324800388150098 -0.027572079792703749 -0.0076908529645599005 0.021649021517791422 -0.024789081446171389 -0.016439892937580226 -0.014686918990924518 0.04635600317560664 0.035692050962586562 -0.0032921972430989621 0.00091777089041007677
leaf_weight=89.167847674820223 71.528520180254418 36.507208638664451 24.780873268871801 104.69276321493089 40.665326898772037 77.398017221406917 169.42893935926259 80.84434851113474 103.7050559335039 55.495477052754723 22.263671091292053 25.762063221191056 100.03176170459483 1177.449717747324
leaf_count=7977 341059 803 3511 1559 7849 1303 932 1600 2519 1265 197 860 692 119790
internal_value=-0.000128572 0.00104585 0.000570828 0.00102847 -0.000657561 0.00905538 0.0138367 8.49422e-05 -0.00709124 -0.00211229 0.00540639 0.0131716 0.00575085 0.00230302
internal_weight=2179.72 2108.19 2071.69 2046.9 1695.39 351.52 274.122 1654.72 388.102 307.258 203.553 148.057 125.794 1266.62
internal_count=491916 150857 150054 146543 142749 3794 2491 134900 7133 5533 3014 1749 1552 127767
is_linear=0
shrinkage=0.04


Tree=112
num_leaves=15
num_cat=0
split_feature=44 29 44 9 7 12 53 8 10 11 44 9 24 45
split_gain=50.3859 13.9502 14.5702 16.7294 17.5647 39.185 31.3508 31.031 26.5847 30.3195 18.4575 18.1143 17.9937 21.6249
threshold=0.82074279216700041 -0.19921346500000003 1.0000000180025095e-35 4.2925328600000006 2441.5000000000005 1.0000000180025095e-35 1.7035763575 1.0294273200000001 4999.5000000000009 4167.843487000001 0.47189127131545888 2.4239904450000007 2717.5000000000005 0.025140075000000043
decision_type=2 2 2 2 2 2 2 2 2 2 2 2 2 2
left_child=1 -1 -3 4 7 -6 11 -4 9 -8 -11 -7 13 -10
right_child=-2 2 3 -5 5 6 8 -9 12 10 -12 -13 -14 -15
leaf_value=-0.023677251784246282 -0.034562935022575673 0.011803782798154956 0.00063700932623536165 -0.023232433759120704 -0.017428934067519278 0.051771887241246803 -0.0021714231028223258 -0.019753910048244977 -0.015486143768411887 0.039131247355621686 -0.015399648440143529 -0.012388942244690879 0.028552542630316237 0.02856048887575998
leaf_weight=31.199588821720681 60.926331214905076 189.25199294742197 1300.7746956098126 42.143679497938138 75.059831329694134 39.99987873142527 60.47869799817272 126.45150507520884 113.12518662375805 84.979942186153494 8.5045952545042365 6.3339178030146277 19.000761296832934 16.290373175914283
leaf_count=9524 364609 1344 95441 1234 5332 679 1222 7386 1418 605 1624 87 378 1033
internal_value=-0.000125753 0.000946159 0.00137091 0.000299622 0.000896545 0.00799695 0.0136388 -0.00123227 0.00857221 0.0199472 0.0336404 0.0426486 -0.00349348 -0.00908556
internal_weight=2174.52 2113.59 2082.4 1893.14 1851 423.773 348.713 1427.23 302.38 153.963 93.4845 46.3338 148.416 129.416
internal_count=491916 127307 117783 116439 115205 12378 7046 102827 6280 3451 2229 766 2829 2451
is_linear=0
shrinkage=0.04


Tree=113
num_leaves=15
num_cat=0
split_feature=42 0 29 34 7 1 8 9 14 14 0 3 17 6
split_gain=48.6238 14.4689 31.133 23.6552 32.3784 20.3265 37.0019 23.9251 31.2068 20.6894 22.5119 20.3342 19.9273 21.2643
threshold=1.1063708000000003 689.40950000000009 0.019955405000000013 0.53592503125000013 554.50000000000011 1.27173 0.39889083000000009 0.94169304500000017 48.500000000000007 30.500000000000004 1223.0960000000002 1.3083710000000002 4206.5000000000009 1.7374462950000003
decision_type=2 2 2 2 2 2 2 2 2 2 2 2 2 2
left_child=1 3 -3 4 -1 6 -4 8 11 -7 -11 -8 13 -9
right_child=-2 2 5 -5 -6 9 7 12 -10 10 -12 -13 -14 -15
leaf_value=0.07926014194973624 -0.035137589453526734 -0.02721190815753264 -0.016777322900593576 0.0032756741178835329 0.0019439992932172526 -0.011749724105500455 0.05377670626025146 -0.017810194571746936 -0.015923952835529026 0.0036176104894201054 -0.031374455649854326 0.010709830704082013 0.025583777054069338 0.02522730143724039
leaf_weight=10.798477929420189 56.658502447804494 69.020046000288858 66.7381568636265 926.30439893674338 19.771736107453762 307.66213180932391 53.629536445892882 65.018392329497146 16.612504024087684 460.83271794068423 26.40880442209891 29.277502358039783 41.051365879393416 20.119432758539915
leaf_count=6723 321434 77884 13445 21879 7754 22710 2845 4090 296 7578 2544 1522 1096 116
internal_value=-0.000122575 0.000896942 -0.00211048 0.00452345 0.0365572 -0.000399895 0.00852959 0.0162138 0.0303853 -0.00371786 0.00142159 0.0400424 0.0043054 -0.00680453
internal_weight=2169.9 2113.25 1156.37 956.875 30.5702 1087.35 292.447 225.709 99.5195 794.904 487.242 82.907 126.189 85.1378
internal_count=491916 170482 134126 36356 14477 56242 23410 9965 4663 32832 10122 4367 5302 4206
is_linear=0
shrinkage=0.04


Tree=114
num_leaves=15
num_cat=0
split_feature=42 0 0 10 24 29 0 18 2 36 29 14 31 45
split_gain=46.6285 14.2295 26.6403 25.125 24.1732 17.9713 20.8224 22.8619 17.2172 25.4852 20.4309 20.2181 21.1216 24.0357
threshold=1.1063708000000003 439.78550000000001 500.88500000000005 1084.5000000000002 833.50000000000011 0.019955405000000013 717.78350000000012 0.95878565500000013 2.3724420000000008 0.084109740635581673 0.96941453000000011 70.500000000000014 0.0057336963333333357 0.023212814999999987
decision_type=2 2 2 2 2 2 2 2 2 2 2 2 2 2
left_child=1 4 3 -3 -1 6 7 -4 9 10 -7 12 13 -10
right_child=-2 2 5 -5 -6 8 -8 -9 11 -11 -12 -13 -14 -15
leaf_value=-0.034219510349639153 -0.034975780426389227 0.065233173662826438 0.031240482789676071 0.011629356264378207 0.025919249752235328 -0.00070835362805148105 -0.029737945896736853 -0.019761226085871064 0.026196461397134465 0.01021285411925278 -0.036793544218617379 0.012549864869244207 -0.0068502615459219273 -0.029105153478651707
leaf_weight=36.667067752008734 54.706381551957747 11.84535894779401 21.719088474339515 105.88437771159079 10.296612979378549 313.16017481155723 61.0458396486938 24.863162057146837 57.099712280250969 570.93343199985247 22.313112065778114 117.63928512561688 745.85940165875218 11.362512595122096
leaf_count=1800 321434 2095 7112 3288 89 42505 75225 9446 7240 5331 268 1304 10784 3995
internal_value=-0.000115661 0.000868392 0.00138568 0.0194606 -0.019809 0.000245109 -0.0152669 0.00474164 0.00119221 0.00510377 -0.00361355 -0.00261902 -0.00487357 0.0156619
internal_weight=2165.4 2110.69 2063.73 117.73 46.9637 1946 107.628 46.5823 1838.37 906.407 335.473 931.961 814.322 68.4622
internal_count=491916 170482 168593 5383 1889 163210 91783 16558 71427 48104 42773 23323 22019 11235
is_linear=0
shrinkage=0.04


Tree=115
num_leaves=15
num_cat=0
split_feature=44 0 24 0 11 44 22 30 8 36 39 8 2 45
split_gain=44.7567 13.3671 22.9559 22.2648 42.5332 19.4347 40.1196 24.1064 21.1679 18.661 28.8496 18.8575 18.1445 17.9933
threshold=0.82074279216700041 439.78550000000001 790.50000000000011 533.98000000000013 2130.3565160000003 0.42050185613730934 0.78727159000000013 0.006782403999999998 0.81330684500000017 0.055831198233227027 0.14967282093457498 0.32967132000000005 1.6645210000000004 1.0000000180025095e-35
decision_type=2 2 2 2 2 2 2 2 2 2 2 2 2 2
left_child=1 2 -1 4 12 -5 7 -7 9 -9 13 -12 -3 -11
right_child=-2 3 -4 5 -6 6 -8 8 -10 10 11 -13 -14 -15
leaf_value=-0.03599278980876694 -0.034064356818316863 -0.024942912402828938 0.019279573091789504 0.0021595919125432647 -0.0070445136924624455 -0.019472268476735177 -0.021750859301231544 -0.019098343792961582 -0.013042535231974812 -0.0037027270958614935 -0.014241736761508479 0.022749222325048502 0.033909333071887232 0.065762346554612675
leaf_weight=32.706975215827697 55.400962812716898 5.5552434115379574 13.869381190277634 1458.2658239162993 84.818318953213748 52.001925190423208 176.45345399564394 15.350067915424004 43.027025187919207 6.7630762650223906 29.868694489196059 57.636772240119171 104.13582460999896 25.794935421974515
leaf_count=1773 364609 344 121 15371 2223 57575 24024 12266 3876 397 992 1413 5064 1868
internal_value=-0.000114446 0.000857103 -0.0192605 0.00135757 0.0140581 -9.49767e-07 -0.00767629 0.00333387 0.0103297 0.0179561 0.0232677 0.0100356 0.0299713 0.0527608
internal_weight=2161.65 2106.25 46.5764 2059.67 194.509 1865.16 406.896 230.442 178.441 135.414 120.063 87.5055 109.691 32.558
internal_count=491916 127307 1894 125413 7631 117782 102411 78387 20812 16936 4670 2405 5408 2265
is_linear=0
shrinkage=0.04


Tree=116
num_leaves=15
num_cat=0
split_feature=42 1 1 17 8 48 36 45 3 0 8 47 53 26
split_gain=43.1292 13.5875 20.3611 28.2704 18.1405 19.8452 22.7589 18.7269 21.5143 20.0734 27.1094 21.5259 19.6542 19.5344
threshold=1.1063708000000003 2.3608935000000004 2.1543170000000003 3648.5000000000005 1.0585352750000003 0.14668396750000004 0.24615346506907174 0.077778080000000013 1.5720745000000003 662.98350000000016 0.46325701500000005 0.47533453500000006 0.9136236350000001 287.50000000000006
decision_type=2 2 2 2 2 2 2 2 2 2 2 2 2 2
left_child=1 2 4 -4 5 7 -7 8 9 11 -11 -1 -9 -13
right_child=-2 -3 3 -5 -6 6 -8 12 -10 10 -12 13 -14 -15
leaf_value=0.065636445578302421 -0.034670782606191344 0.034557014069819876 -0.033980191312113286 0.0084699261240821708 -0.0056870375334685296 0.0053646749564474194 0.032282492019980964 -0.0020411444465082591 -0.017560307745603323 -0.0095715848090498993 0.0072844916896429267 -0.01713468780697696 -0.03016943036161978 0.012461632538284834
leaf_weight=6.5949637128505847 51.296190087261493 13.912625015480442 56.76293480003369 39.502685930521693 445.86930887777999 158.21597537153866 70.483766689896584 148.33640424864279 67.68214070959948 255.58254578043125 363.6144404590159 34.84060099911585 49.709118892693368 395.27216330153897
leaf_count=8426 321434 243 1281 588 22045 864 408 9579 10082 75649 22187 2836 5613 10681
internal_value=-0.000117531 0.000804049 0.000497785 -0.0170026 0.0013821 0.00342691 0.0141738 0.00152083 0.00352751 0.0049556 0.000305963 0.0114701 -0.00967037 0.00989488
internal_weight=2157.68 2106.38 2092.47 96.2656 1996.2 1550.33 228.7 1321.63 1123.59 1055.9 619.197 436.708 198.046 430.113
internal_count=491916 170482 170239 1869 168370 146325 1272 145053 129861 119779 97836 21943 15192 13517
is_linear=0
shrinkage=0.04


Tree=117
num_leaves=15
num_cat=0
split_feature=44 44 45 2 12 0 53 23 48 5 11 48 9 1
split_gain=41.4544 12.9194 18.0816 22.1237 20.44 21.8133 21.2731 19.7581 17.1066 17.673 29.6049 20.2304 18.0356 15.9752
threshold=0.82074279216700041 0.17563164833302702 -0.042385500000000097 3.0050855000000003 1.0000000180025095e-35 773.6930000000001 1.0407342400000001 0.41087925500000005 -0.019218412499999993 444.74149900000003 1925.0863985000003 0.012879357500000002 0.55572994500000006 2.3608935000000004
decision_type=2 2 2 2 2 2 2 2 2 2 2 2 2 2
left_child=1 2 -1 4 6 -6 7 -4 -3 10 11 12 -10 -11
right_child=-2 8 3 -5 5 -7 -8 -9 9 13 -12 -13 -14 -15
leaf_value=0.014625819053197776 -0.033726279941018157 -0.026126918117774775 -0.01843004197507267 -0.022150437410180284 0.0047355781220808262 -0.026336961854482848 -0.011898776222622247 0.018583275058795291 0.07434382109765196 -0.0021035906098791999 -0.021463935808578243 0.0067922445456877036 -0.014184060715511431 0.039306228802394858
leaf_weight=217.91720155300573 52.152340272536094 38.504121902544284 21.720553580671549 53.949941279832274 83.054120734333992 57.352753691608086 54.53576598316431 219.0619505175855 16.988543269035294 1287.7744256354199 15.97041631345928 21.369102168886457 2.7063860140333409 10.087760819500543
leaf_count=1249 364609 21095 102 536 819 1069 351 1422 10500 73101 8151 6042 2270 600
internal_value=-0.000112996 0.000799468 0.00518154 0.000873259 0.00394293 -0.00842598 0.009866 0.0149374 -0.00143639 -0.000641242 0.0202211 0.0370031 0.0617699 -0.00163212
internal_weight=2153.15 2100.99 707.592 489.675 435.725 140.407 295.318 240.783 1393.4 1354.9 57.0344 41.064 19.6949 1297.86
internal_count=491916 127307 5548 4299 3763 1888 1875 1524 121759 100664 26963 18812 12770 73701
is_linear=0
shrinkage=0.04


Tree=118
num_leaves=15
num_cat=0
split_feature=42 0 0 24 0 7 43 53 36 21 39 7 3 1
split_gain=40.0326 12.9313 13.0303 21.7872 20.925 21.3687 15.0316 22.3397 21.1623 29.4141 23.7098 20.6469 18.7928 16.1907
threshold=1.1063708000000003 1589.9925000000003 439.78550000000001 833.50000000000011 500.88500000000005 1107.5000000000002 0.61904502000000006 3.3845408550000005 0.057914764359918221 0.9447718300000002 0.14967282093457498 1543.5000000000002 0.79843150000000007 1.7228400000000004
decision_type=2 2 2 2 2 2 2 2 2 2 2 2 2 2
left_child=1 2 3 -1 5 -4 11 8 13 10 -10 12 -6 -8
right_child=-2 -3 4 -5 6 -7 7 -9 9 -11 -12 -13 -14 -15
leaf_value=-0.032867638966140478 -0.034362985768272271 -0.026353536208814962 0.02533577144340261 0.024330794821427887 0.027434105563756681 -0.015581182790161519 -0.021113384006070112 -0.027060474675373172 0.03560037692189072 -0.0030681197890318661 0.0041043924427699215 0.0099878531501243813 -0.0032996923865405031 0.011610063385980333
leaf_weight=35.643969828575791 48.252062811181531 22.792828932178963 97.501942250833963 10.365297944284974 28.932373729301617 21.890208281271043 120.71681980224093 53.612512097555737 57.718856912259071 539.78542484791251 101.9163783249096 471.10809715639334 512.34339938976336 26.537750323870569
leaf_count=1800 321434 20911 4322 89 236 1061 104311 3935 5841 8681 4201 3580 4571 6943
internal_value=-0.000112022 0.000754365 0.00111423 -0.0188597 0.00161166 0.017509 0.000576255 -0.00317475 -0.00151229 0.00141985 0.0162276 0.00391114 -0.00142084 -0.0150285
internal_weight=2149.12 2100.87 2078.07 46.0093 2032.06 119.392 1912.67 900.288 846.675 699.421 159.635 1012.38 541.276 147.255
internal_count=491916 170482 149571 1889 147682 5383 142299 133912 129977 18723 10042 8387 4807 111254
is_linear=0
shrinkage=0.04


Tree=119
num_leaves=15
num_cat=0
split_feature=44 13 8 30 33 3 26 14 8 36 7 44 5 10
split_gain=38.1651 13.4316 18.2561 14.6617 17.9893 17.6784 17.4543 16.6368 14.0508 25.5494 19.2144 16.2466 13.84 13.334
threshold=0.82074279216700041 159.50000000000003 2.0953895900000004 0.049502114000000007 -0.0025795526000000025 0.68480200000000013 702.50000000000011 15.500000000000002 0.2868699500000001 0.019814176007938469 695.50000000000011 0.10170858139604214 413.14151450000003 3304.5000000000005
decision_type=2 2 2 2 2 2 2 2 2 2 2 2 2 2
left_child=1 2 3 4 -1 7 -5 -6 9 12 -10 -12 -7 -3
right_child=-2 13 -4 6 5 8 -8 -9 10 -11 11 -13 -14 -15
leaf_value=0.0054868548416526202 -0.033347042614277594 0.049126581598400797 -0.031436551306596894 0.018461775870032299 0.046929317273318331 0.072687332699351515 -0.0061710178586141459 0.0049506302268815016 0.012387754615157693 -0.018791395898773846 0.0055942198286307622 -0.0075127816709190066 -0.0037840001062965072 0.0041534518671872394
leaf_weight=561.59966033950332 48.900222674528777 12.926957787552963 23.669814301421866 139.94102371371991 13.684534989130041 2.9874799222598067 64.449489679231192 87.167010987977847 115.52524576374708 164.72117540083855 189.86455383617431 684.74216446442006 6.3154531633117585 28.165801308437949
leaf_count=24406 364609 438 3325 1748 980 3141 673 4533 9954 19341 1526 49902 6820 520
internal_value=-0.000112215 0.000740774 0.000261083 0.000706791 -0.00044129 -0.00308433 0.0107326 0.0125944 -0.00449064 -0.014811 -0.00261144 -0.00465181 0.0375986 0.0220955
internal_weight=2144.66 2095.76 2054.67 2031 1826.61 1265.01 204.391 100.852 1164.16 174.024 990.132 874.607 9.30293 41.0928
internal_count=491916 127307 126349 123024 120603 96197 2421 5513 90684 29302 61382 51428 9961 958
is_linear=0
shrinkage=0.04


Tree=120
num_leaves=15
num_cat=0
split_feature=42 13 8 36 45 0 48 4 51 33 21 27 43 0
split_gain=37.1467 12.6012 17.2846 13.8122 19.7027 15.9423 17.4742 18.6189 14.8906 14.221 13.4602 32.2318 22.0269 17.5129
threshold=1.1063708000000003 159.50000000000003 2.0953895900000004 0.19855643393868755 0.14750021500000005 906.61700000000008 0.11395655750000007 347.50000000000006 0.0094269300000000018 -0.0018951503999999994 0.9447718300000002 0.18862718000000003 0.61904502000000006 1019.0160000000001
decision_type=2 2 2 2 2 2 2 2 2 2 2 2 2 2
left_child=1 2 3 4 8 6 7 -5 9 -1 11 13 -12 -11
right_child=-2 -3 -4 5 -6 -7 -8 -9 -10 10 12 -13 -14 -15
leaf_value=0.0063167602110595078 -0.034038838757321513 0.021365125035440555 -0.030752119973101469 0.053901116749441869 -0.027035576135200936 -0.0078884759067857791 0.020330662064505553 -0.0051766402802394355 -0.016599578545832442 0.007420340893204154 0.0012578802937217041 0.044763353692326695 -0.011493224731635745 -0.025185882221004548
leaf_weight=497.68923471045855 45.384766319104529 41.24603913390456 23.378281808625616 4.2871223766414905 39.654845005672541 76.091978155382094 165.11525572056416 100.49573285637598 78.187748393203947 114.50454468656244 545.62883240688825 26.794241091483855 353.68497368661338 28.813532207692333
leaf_count=26876 321434 1117 4025 354 9522 1566 942 1536 15580 47363 4678 350 11788 44785
internal_value=-9.81335e-05 0.000716209 0.00025076 0.000682281 -0.000819102 0.00790147 0.0124156 -0.000414702 -0.00010724 0.000765786 -0.0018349 0.00832813 -0.00379273 0.000236929
internal_weight=2140.96 2095.57 2054.33 2030.95 1684.96 345.99 269.898 104.783 1645.3 1567.12 1069.43 170.112 899.314 143.318
internal_count=491916 170482 169365 165340 160942 4398 2832 1890 151420 135840 108964 92498 16466 92148
is_linear=0
shrinkage=0.04


Tree=121
num_leaves=15
num_cat=0
split_feature=43 19 49 8 7 0 2 7 7 1 42 34 2 43
split_gain=35.7545 12.498 14.1561 23.6331 17.5806 17.1894 24.0866 23.2014 20.2757 37.213 26.9142 22.6697 19.5923 16.283
threshold=1.8133508700000001 0.048194965000000013 3.5000000000000004 0.22841234000000002 759.50000000000011 783.55600000000015 2.6928410000000005 3243.5000000000005 653.50000000000011 1.7411330000000003 -0.42102800499999998 0.54313458625 2.3654035000000007 1.0000000180025095e-35
decision_type=2 2 2 2 2 2 2 2 2 2 2 2 2 2
left_child=1 2 5 -4 -5 6 7 8 9 11 -10 -1 -9 -6
right_child=-2 -3 3 4 13 -7 -8 12 10 -11 -12 -13 -14 -15
leaf_value=0.04625818272258625 -0.030508037936936568 0.006869850450818271 -0.020432594796572369 0.019375827579321086 0.025223402832980076 -0.012784004463165289 -0.013049218841656223 0.042562182217908189 0.010969394459892021 0.069455375701609728 -0.014644388597035913 -0.001610542773327465 -0.019285979387732539 0.00054393479791828747
leaf_weight=13.654722714076341 55.119055131443019 423.58640582001681 58.069506341300439 111.25448816658172 41.238558933138847 260.6025888512886 172.38405083573889 34.67409015748126 101.17809620127082 11.95880123003735 168.19953525160236 102.54283284538542 7.1996022954990613 574.30064355867944
leaf_count=8809 341059 30947 1528 1552 301 75269 3082 1267 860 462 15473 4837 217 6253
internal_value=-9.59733e-05 0.000780806 -0.000791505 0.00309579 0.00510243 -0.00428648 -0.000592533 0.00438618 0.00123199 0.0140257 -0.00499928 0.00569097 0.0310053 0.00238727
internal_weight=2135.96 2080.84 1657.26 784.863 726.794 872.394 611.792 439.408 397.534 128.156 269.378 116.198 41.8737 615.539
internal_count=491916 150857 119910 9634 8106 110276 35007 31925 30441 14108 16333 13646 1484 6554
is_linear=0
shrinkage=0.04


Tree=122
num_leaves=15
num_cat=0
split_feature=42 9 50 1 1 17 48 36 45 3 0 21 17 17
split_gain=34.4606 12.3339 21.1547 14.2553 16.6737 30.5393 20.0911 27.9519 17.8362 16.6083 19.1998 21.8116 21.2473 15.0995
threshold=1.1063708000000003 4.2925328600000006 4.5000000000000009 2.3608935000000004 2.1543170000000003 3648.5000000000005 0.14668396750000004 0.24615346506907174 0.077778080000000013 1.5720745000000003 668.75350000000014 0.45757559500000006 1976.5000000000002 2792.5000000000005
decision_type=2 2 2 2 2 2 2 2 2 2 2 2 2 2
left_child=1 3 -3 4 6 -6 8 -8 9 10 11 -1 -12 -14
right_child=-2 2 -4 -5 5 -7 7 -9 -10 -11 12 -13 13 -15
leaf_value=0.061212639235574989 -0.033700399808107941 -0.040693189839142344 0.0056957316779141873 0.036396024750406514 -0.032834593138978095 0.012333730007974608 0.0030845310255495557 0.030076858156971826 -0.0094129418786359931 -0.014127764078325632 -0.021128918148671759 0.0074625101452519159 0.012023440899994844 -0.0020984554792980105
leaf_weight=7.4989369166869428 42.701765920814069 25.4504011639292 30.331273125542793 13.261828125687314 55.576069433998782 36.130888161831535 202.39631519676186 83.962003994733095 265.4194849095511 92.279322050897463 71.297136006920482 526.23694681561756 151.94600271010859 526.6462594996774
leaf_count=8638 321434 1565 303 230 1269 550 1103 500 23531 11188 66521 15957 19552 19575
internal_value=-8.33663e-05 0.000682843 -0.0170756 0.00121089 0.000890498 -0.0153215 0.0016994 0.0113792 -1.88354e-05 0.00182086 0.00301777 0.0087788 -0.00111365 0.00112844
internal_weight=2131.13 2088.43 55.7817 2032.65 2019.39 91.707 1927.68 286.358 1641.32 1375.9 1283.63 533.736 749.889 678.592
internal_count=491916 170482 1868 168614 168384 1819 166565 1603 164962 141431 130243 24595 105648 39127
is_linear=0
shrinkage=0.04


Tree=123
num_leaves=15
num_cat=0
split_feature=44 1 0 40 14 15 21 12 14 9 44 18 18 9
split_gain=33.0454 11.9626 22.6508 21.7066 18.8213 18.1405 20.7766 18.3922 18.1652 17.6793 18.4933 17.12 18.7019 17.0813
threshold=0.82074279216700041 1.27173 1235.4215000000002 17.088193999999998 30.500000000000004 5.5000000000000009 1.4878878100000001 1.0000000180025095e-35 44.500000000000007 4.2925328600000006 0.42050185613730934 0.98177836500000015 0.94963347500000006 0.41936909000000006
decision_type=2 2 2 2 2 2 2 2 2 2 2 2 2 2
left_child=1 3 4 5 -3 -1 7 11 -8 10 -6 12 -7 -12
right_child=-2 2 -4 -5 9 6 8 -9 -10 -11 13 -13 -14 -15
leaf_value=0.047769231876052642 -0.032640576846799434 -0.0048034688560349313 -0.028804146875618108 0.016161074063666753 0.0085999671905639865 0.010047343314307589 0.023538134994623105 0.010512989394654882 -0.014367584521796841 -0.02042474214436012 0.018952445929136693 0.035006812329828267 -0.02240760821282518 -0.015321088866965361
leaf_weight=7.1448040518735061 43.733188377424085 739.11831159491703 40.921443876082776 197.26713733944052 589.48574459296651 31.688689505070215 69.871625378611498 60.963587277903571 23.886248853988945 39.371658561023651 25.225196491803217 6.2664465999550876 150.63607388167293 101.22683457368839
leaf_count=1586 364609 55944 16107 2262 5179 4338 733 4663 328 802 2483 410 19420 13052
internal_value=-8.0103e-05 0.000680012 -0.00113316 0.00572687 -0.000281934 -0.000291092 -0.00196266 -0.00797837 0.0136426 0.00414517 0.00562863 -0.014073 -0.0166492 -0.00802323
internal_weight=2126.81 2083.07 1535.35 547.725 1494.43 350.457 343.313 249.555 93.7579 755.309 715.938 188.591 182.325 126.452
internal_count=491916 127307 93567 33740 77460 31478 29892 28831 1061 21516 20714 24168 23758 15535
is_linear=0
shrinkage=0.04


Tree=124
num_leaves=15
num_cat=0
split_feature=42 0 24 0 15 19 53 2 44 10 2 14 17 0
split_gain=31.9163 11.623 20.7966 19.6533 20.5762 22.5414 18.0721 20.6507 14.3329 13.904 13.758 21.7103 24.9366 23.1055
threshold=1.1063708000000003 439.78550000000001 790.50000000000011 500.88500000000005 15.500000000000002 0.050238495000000008 0.38853883500000003 1.7961265000000002 0.27371725090554838 1043.5000000000002 2.7513640000000001 30.500000000000004 2978.5000000000005 720.25400000000013
decision_type=2 2 2 2 2 2 2 2 2 2 2 2 2 2
left_child=1 2 -1 4 6 8 7 -3 -6 -5 -11 -12 -13 -14
right_child=-2 3 -4 9 5 -7 -8 -9 -10 10 11 12 13 -15
leaf_value=-0.034753088205680627 -0.0333427582618646 0.0013628679328054694 0.018098822556612229 -0.02695979877339065 0.013492912164287415 0.03826367119736148 0.0040948398915409221 0.086383682428999894 -0.021281663530887479 0.002583426448587538 -0.014983879425777375 -0.028501291335645274 0.020743144305863121 -0.0032273416208390198
leaf_weight=31.442673583951546 40.164361092778563 6.4961623751150936 13.933023885823784 24.885878594963287 29.638333542272449 19.70849582462688 14.101046268639037 11.844608879226142 37.613575647359539 1391.4104559520638 204.25878349108098 33.09853331589693 99.956686477511539 163.39028731414146
leaf_count=1768 321434 473 121 40253 266 918 411 1280 2035 107424 9249 1555 1337 3392
internal_value=-7.55593e-05 0.000644627 -0.0183388 0.0011115 0.0165182 0.00550152 0.0413704 0.0630128 -0.0060831 0.000111404 0.000537572 -0.005117 0.00181731 0.00608793
internal_weight=2121.94 2081.78 45.3757 2036.4 119.402 86.9604 32.4418 18.3408 67.2519 1917 1892.11 500.704 296.446 263.347
internal_count=491916 170482 1889 168593 5383 3219 2164 1753 2301 163210 122957 15533 6284 4729
is_linear=0
shrinkage=0.04


Tree=125
num_leaves=15
num_cat=0
split_feature=42 1 1 17 8 17 1 1 1 10 53 1 29 8
split_gain=30.5999 11.6541 16.7141 23.7474 16.8033 18.3849 23.3131 17.9089 17.4543 22.8064 16.6824 16.4364 27.4728 26.4797
threshold=1.1063708000000003 2.3608935000000004 2.1543170000000003 3648.5000000000005 1.0585352750000003 4103.5000000000009 1.5637545000000002 1.1985440000000003 1.1911315000000002 2778.5000000000005 4.0091635000000005 1.7093310000000002 0.17264277000000003 0.46325701500000005
decision_type=2 2 2 2 2 2 2 2 2 2 2 2 2 2
left_child=1 2 4 -4 11 6 8 -7 10 -10 -6 13 -13 -1
right_child=-2 -3 3 -5 5 7 -8 -9 9 -11 -12 12 -14 -15
leaf_value=-0.0058440606830174159 -0.033140699687474878 0.031758858543267737 -0.031637688516122413 0.0075826903642152201 -0.032292177703122239 0.024911919857733944 -0.030225260822708187 -0.0032902865414271166 -0.019307035688676661 0.029335618439729542 0.014653627903984513 0.040842871976317044 0.0063795439512307154 0.0064361891757013425
leaf_weight=533.27121223189897 38.849953286808159 14.05949026159942 54.80408972967416 39.342602314194664 35.046117934114591 38.22205211254186 82.742563641637389 211.8598952722823 19.943506069146679 37.479863012784335 13.915502531490345 36.428049371708767 380.88543559169921 582.71621786189644
leaf_count=99235 321434 243 1281 588 2910 2996 3429 6699 2082 3542 387 7200 4756 35134
internal_value=-7.21075e-05 0.000623297 0.000335342 -0.0156922 0.00113807 -0.00571856 -0.0149564 0.00142391 -0.00225711 0.0122484 -0.0188281 0.00311433 0.00983585 0.000568216
internal_weight=2119.57 2080.72 2066.66 94.1467 1972.51 439.21 189.128 250.082 106.385 57.4234 48.9616 1533.3 417.313 1115.99
internal_count=491916 170482 170239 1869 168370 22045 12350 9695 8921 5624 3297 146325 11956 134369
is_linear=0
shrinkage=0.04


Tree=126
num_leaves=15
num_cat=0
split_feature=44 29 44 3 4 7 17 37 17 11 3 24 44 40
split_gain=29.5129 11.7014 12.8366 15.2862 14.8942 20.0471 21.185 14.7503 13.9468 16.023 21.5198 35.0722 18.7716 25.3726
threshold=0.82074279216700041 -0.19921346500000003 1.0000000180025095e-35 1.6905570000000003 302.50000000000006 584.50000000000011 962.50000000000011 0.70809455500000007 1315.5000000000002 2169.4599125000004 0.92702800000000007 465.50000000000006 0.42050185613730934 15.302299800000009
decision_type=2 2 2 2 2 2 2 2 2 2 2 2 2 2
left_child=1 -1 -3 4 5 6 -4 -8 -6 10 -10 -12 -11 -14
right_child=-2 2 3 -5 8 -7 7 -9 9 12 11 -13 13 -15
leaf_value=-0.022631543725820942 -0.032058809670521597 0.010910391705382485 -0.0069262721305814899 -0.019326261130247463 -0.022404082545143363 -0.013436804599505477 0.097883302366346139 -0.0094630718125496803 0.020563064546109663 0.001068560097913654 0.03050769462015419 -0.0099890629421843253 -0.024877736928043116 0.00066120309948700985
leaf_weight=29.062734074490436 40.167303419184464 185.05863284971565 5.3132418196182725 58.285165274879546 37.541033790257643 8.6254542244787427 6.5430167580416292 1.4919483492703873 135.90893438450439 1186.012925372168 39.933131550715188 138.4794974046672 109.27974540981813 136.13456836221303
leaf_count=9524 364609 1344 4139 4909 14982 6677 2669 201 16810 10174 6084 12408 32809 4577
internal_value=-7.0406e-05 0.000623502 0.00100771 -2.23298e-06 0.000673324 0.0301746 0.0543379 0.0819668 0.000226458 0.000775706 0.00887851 -0.000340323 -0.00102827 -0.0109806
internal_weight=2117.84 2077.67 2048.61 1863.55 1805.26 21.9737 13.3482 8.03497 1783.29 1745.75 314.322 178.413 1431.43 245.414
internal_count=491916 127307 117783 116439 111530 13686 7009 2870 97844 82862 35302 18492 47560 37386
is_linear=0
shrinkage=0.04


Tree=127
num_leaves=15
num_cat=0
split_feature=43 0 13 8 33 27 11 43 8 25 40 10 17 15
split_gain=28.451 11.2713 12.0815 13.716 11.6707 14.3852 14.9809 11.6296 22.6929 21.2554 20.5066 27.6117 15.7996 15.5915
threshold=1.8133508700000001 1589.9925000000003 129.50000000000003 2.2199730800000004 -0.0025795526000000025 0.24751057000000004 2237.3505585000007 0.61904502000000006 0.75782735000000012 651.50000000000011 12.936408999999996 1999.5000000000002 2107.5000000000005 79.500000000000014
decision_type=2 2 2 2 2 2 2 2 2 2 2 2 2 2
left_child=1 2 3 4 -1 7 -7 -6 9 10 -9 12 -12 -11
right_child=-2 -3 -4 -5 5 6 -8 8 -10 13 11 -13 -14 -15
leaf_value=0.0055640929904390256 -0.029134870110448779 -0.025362674879958226 0.014777676765849616 -0.034224172008676383 0.00096658329151177655 0.0294585193410415 0.0027383358930518089 -0.0053529513068338542 -0.018654019316662728 -0.01434122168611999 0.013679082591092 0.048537893717423647 -0.031224911036935792 0.013283061066240323
leaf_weight=546.46299595874007 47.552242414138163 21.28492600118625 92.014291770479758 13.226805333870287 607.02949624235043 38.58242711618368 151.67897303952486 93.147183585526363 177.38449836162181 192.43860587856034 56.081186734423682 31.122642335496494 10.857214351977744 35.081826130510308
leaf_count=20252 341059 20387 1727 2254 5368 826 1177 66128 15359 13059 2581 638 191 910
internal_value=-6.98456e-05 0.000667717 0.00099983 0.00031465 0.00063753 -0.00130755 0.00877241 -0.00293127 -0.00687553 -0.00172461 0.00799321 0.0203153 0.00473175 -0.00988774
internal_weight=2113.95 2066.39 2045.11 1953.09 1939.87 1393.4 190.261 1203.14 596.113 418.729 191.208 98.061 66.9384 227.52
internal_count=491916 150857 130470 128743 126489 106237 2003 104234 98866 83507 69538 3410 2772 13969
is_linear=0
shrinkage=0.04


Tree=128
num_leaves=15
num_cat=0
split_feature=42 0 2 4 47 12 22 44 40 18 45 0 53 19
split_gain=27.4153 11.1048 22.3692 17.7266 17.4207 22.9482 13.4553 24.4978 19.4983 20.2764 18.8202 18.4416 18.2929 17.7738
threshold=1.1063708000000003 1088.3250000000003 1.7075790000000002 1133.5000000000002 1.1271449450000002 1.0000000180025095e-35 0.78727159000000013 0.42050185613730934 12.936408999999996 0.95567675500000016 0.11020290500000009 533.98000000000013 1.7035763575 0.11185215000000001
decision_type=2 2 2 2 2 2 2 2 2 2 2 2 2 2
left_child=1 6 3 -3 -4 -6 8 13 9 -1 12 -9 -10 -8
right_child=-2 2 4 -5 5 -7 7 11 10 -11 -12 -13 -14 -15
leaf_value=0.017040237054318771 -0.03260067106070573 -0.018907481723467897 -0.033348154216648433 0.047854602090294761 0.0070123090631899762 -0.031355418729748896 0.0011709044019424587 0.0099288680715748194 0.033984684490938978 -0.014557547314623996 0.002371711621422184 -0.01943644090215679 -0.003410237618021672 0.036567527911276591
leaf_weight=45.421030821235036 35.658385213144356 6.3884137584464069 46.707671661257336 13.410682121699208 77.393690396071179 30.927956338069635 1341.1195663097897 40.244670163956471 93.320519751105167 86.853038867469877 95.427469025358732 153.76248391678382 25.501688202974037 18.099630033131689
leaf_count=22509 321434 8280 49036 203 1159 2130 13901 2287 2438 48325 1938 17711 420 145
internal_value=-7.13811e-05 0.000564779 -0.00893859 0.0268441 -0.0142044 -0.00484255 0.00146051 -0.000138411 0.00852742 -0.00348186 0.0158521 -0.0132485 0.0261453 0.00177455
internal_weight=2110.24 2074.58 174.828 19.7991 155.029 108.322 1899.75 1553.23 346.524 132.274 214.25 194.007 118.822 1359.22
internal_count=491916 170482 60808 8483 52325 3289 109674 34044 75630 70834 4796 19998 2858 14046
is_linear=0
shrinkage=0.04


Tree=129
num_leaves=15
num_cat=0
split_feature=44 48 1 1 7 23 18 0 3 2 43 26 1 3
split_gain=26.3052 10.9831 13.2702 20.7605 22.97 28.9189 22.0178 20.1065 18.7957 18.2211 21.0904 23.7628 19.0885 18.1594
threshold=0.82074279216700041 -0.030902294999999965 1.27173 1.1328890000000003 2974.5000000000005 1.3902820300000001 0.94985373000000017 1242.1325000000004 1.5605365000000002 1.6423180000000002 0.4016431299999999 332.50000000000006 1.2491370000000002 1.4629615000000002
decision_type=2 2 2 2 2 2 2 2 2 2 2 2 2 2
left_child=1 -1 3 4 5 6 13 -4 -7 -5 -11 -12 -13 -3
right_child=-2 2 7 9 -6 8 -8 -9 -10 10 11 12 -14 -15
leaf_value=-0.018913558701601187 -0.031442229764297738 0.029301343985615902 -0.0001547215332984391 0.061409540487516748 0.027335976117319079 0.043802824371665113 -0.015048496114274839 -0.028346984597112938 -0.016689612183413569 0.031317237292074369 0.026839083656876924 -0.015573162469627904 0.022741819851583502 -0.019259260567710306
leaf_weight=40.322016232719761 36.91640021081912 32.96603887922538 1459.8224902806396 8.4783900427864847 37.087446324265329 24.581337961135432 197.19788908098417 36.631930042232852 8.3237338451435772 61.030472833663225 44.60443529926124 81.500906611501705 22.637792452900612 14.12011838913895
leaf_count=13194 364609 2134 68599 716 1459 257 11796 14684 91 436 4193 7600 1626 522
internal_value=-7.02108e-05 0.000563907 0.000996525 0.00638793 -0.000233897 -0.0043417 -0.00922064 -0.000936944 0.0283175 0.0157149 0.0124814 0.00398573 -0.00658391 0.0142882
internal_weight=2106.22 2069.3 2028.98 532.529 314.277 277.189 244.284 1496.45 32.9051 218.252 209.774 148.743 104.139 47.0862
internal_count=491916 127307 114113 30830 16259 14800 14452 83283 348 14571 13855 13419 9226 2656
is_linear=0
shrinkage=0.04


Tree=130
num_leaves=15
num_cat=0
split_feature=42 1 10 1 17 8 7 43 1 29 8 0 0 34
split_gain=25.4377 11.0991 15.5889 15.5602 22.2909 14.7756 17.6877 18.9815 15.6236 23.5703 23.2442 24.2202 23.4153 21.246
threshold=1.1063708000000003 2.3608935000000004 3356.5000000000005 2.1543170000000003 3648.5000000000005 1.0585352750000003 1946.5000000000002 0.52005723999999998 1.6929640000000001 0.17264277000000003 0.46325701500000005 694.1015000000001 717.78350000000012 0.54313458625
decision_type=2 2 2 2 2 2 2 2 2 2 2 2 2 2
left_child=1 3 -3 5 -5 8 -7 -8 10 -10 11 13 -13 -1
right_child=-2 2 -4 4 -6 6 7 -9 9 -11 -12 12 -14 -15
leaf_value=0.036810732187818183 -0.03221294071768474 0.056419539923967123 -0.012906797892214531 -0.030866547113640581 0.0072478150627289725 -0.024616623235886228 0.0068662209834969429 -0.010922699767652993 0.037431928787587325 0.0061209466207696383 0.0058925987880160523 -0.042335481086382847 -0.0090038316871141715 -0.00096119651572606688
leaf_weight=21.336742458217486 33.647411684902181 7.9817632524063793 6.0795278595760465 54.062368012062507 39.303713080764282 60.501064988886355 187.21363837830722 186.94310938737908 38.102124242606806 394.13778135440953 570.7730969859258 35.96394112984126 219.37626026193902 247.66824722990714
leaf_count=11632 321434 117 126 1281 588 5051 1515 15479 7637 4940 34873 2495 76474 8274
internal_value=-5.93933e-05 0.000539779 0.0309226 0.000257387 -0.0152689 0.00103317 -0.00543416 -0.00204864 0.00288538 0.00927751 0.000331725 -0.00572002 -0.0144214 0.00265182
internal_weight=2103.09 2069.44 14.0613 2055.38 93.3661 1962.02 434.658 374.157 1527.36 432.24 1095.12 524.345 255.34 269.005
internal_count=491916 170482 243 170239 1869 168370 22045 16994 146325 12577 133748 98875 78969 19906
is_linear=0
shrinkage=0.04


Tree=131
num_leaves=15
num_cat=0
split_feature=43 9 50 7 12 9 14 3 0 9 7 1 5 4
split_gain=24.4143 10.9769 19.726 14.2946 31.8329 24.2828 25.1685 26.6638 24.3707 22.1917 21.1974 19.8052 18.5552 18.0268
threshold=1.8133508700000001 4.2925328600000006 4.5000000000000009 2441.5000000000005 1.0000000180025095e-35 2.0455095400000003 52.500000000000007 0.84968350000000015 643.19900000000018 3.1425681900000004 3928.5000000000005 1.2039665000000002 1307.9247945000002 1212.5000000000002
decision_type=2 2 2 2 2 2 2 2 2 2 2 2 2 2
left_child=1 3 -3 9 13 6 -6 -8 -7 -1 -10 -12 -13 -5
right_child=-2 2 -4 4 5 8 7 -9 10 -11 11 12 -14 -15
leaf_value=0.00030687988462486194 -0.028173124949115169 -0.039613853242683218 0.0056137139931784728 -0.031916428792797394 0.047409318548285569 0.026690012131721001 0.030722955053793133 -0.027035470397479663 0.0094143737981980339 -0.023161629554331726 0.031293475760759311 -0.043346299457690959 -0.0042352769715922724 0.0064706014437450081
leaf_weight=1500.5176444568715 43.292220828549034 24.524594253547548 30.072990121087059 41.371901428807178 49.718356354991556 64.023461342891096 23.752320199579117 18.164776955673005 128.62662482853921 62.356326154702401 8.1891482392165909 32.12929706362047 43.215584594989195 31.391988382762065
leaf_count=132949 341059 1380 303 4395 955 1195 416 219 4523 2017 661 1126 360 358
internal_value=-5.94625e-05 0.000598769 -0.016321 0.00109934 0.00741961 0.0122059 0.0295052 0.00547957 0.00604358 -0.000700356 -0.00065794 -0.0158232 -0.022573 -0.0160042
internal_weight=2101.35 2058.06 54.5976 2003.46 440.583 367.82 91.6355 41.9171 276.184 1562.87 212.161 83.534 75.3449 72.7639
internal_count=491916 150857 1683 149174 14208 9455 1590 635 7865 134966 6670 2147 1486 4753
is_linear=0
shrinkage=0.04


Tree=132
num_leaves=15
num_cat=0
split_feature=44 0 24 0 53 9 47 1 14 29 2 12 9 6
split_gain=23.6807 10.8849 19.521 15.5458 33.7209 21.3499 20.8304 18.7446 15.3911 13.8561 15.8699 23.4093 32.5625 26.8211
threshold=0.82074279216700041 439.78550000000001 790.50000000000011 533.98000000000013 0.77596399750000011 0.22593126500000002 0.44864941250000007 1.1449010000000002 90.500000000000014 0.021799374999999989 2.3724420000000008 1.0000000180025095e-35 1.0269605700000002 1.5186766100000002
decision_type=2 2 2 2 2 2 2 2 2 2 2 2 2 2
left_child=1 2 -1 4 5 6 -3 -7 -6 -5 11 12 -11 -14
right_child=-2 3 -4 9 8 7 -8 -9 -10 10 -12 -13 13 -15
leaf_value=-0.034093818027704045 -0.030853184012131801 0.052471081557394071 0.017265673976729259 -0.015130108723228919 -0.030008729988215722 -0.0074365808261575876 -0.026026968574882226 0.031643276539412922 0.039037944496132314 0.00472247047033108 -0.0031353762583672348 0.013645559502920514 -0.032509345120428808 0.0056513778936139692
leaf_weight=30.820569574570982 34.219327901220822 1.8472574423940411 13.956584550905971 89.162569029147562 32.725956346213934 21.504920599836623 23.452514426149719 114.00095535640139 1.6104138359369233 446.29845148605091 880.76014320296235 289.17520904581761 73.907313367919414 44.956600689329207
leaf_count=1773 364609 361 121 56323 1655 642 1534 3374 65 22243 29226 4452 5297 241
internal_value=-6.18919e-05 0.000521877 -0.0179593 0.000975014 0.0115577 0.0192227 -0.0125826 0.0253973 -0.0222199 -0.000185514 0.000623721 0.00449477 -0.000265991 -0.0184307
internal_weight=2098.4 2064.18 44.7772 2019.4 195.142 160.806 25.2998 135.506 34.3364 1824.26 1735.1 854.338 565.162 118.864
internal_count=491916 127307 1894 125413 7631 5911 1895 4016 1720 117782 61459 32233 27781 5538
is_linear=0
shrinkage=0.04


Tree=133
num_leaves=15
num_cat=0
split_feature=42 1 10 1 17 48 36 45 52 0 17 36 25 2
split_gain=22.8137 10.5676 14.7778 14.254 20.8198 12.6233 23.1245 15.9185 13.6517 14.1479 20.4979 16.4761 15.7035 13.1973
threshold=1.1063708000000003 2.3608935000000004 3356.5000000000005 2.1543170000000003 3648.5000000000005 0.14668396750000004 0.24615346506907174 0.081413010000000022 -0.0093458249999999968 668.75350000000014 1976.5000000000002 0.015948328650475217 341.50000000000006 2.3724420000000008
decision_type=2 2 2 2 2 2 2 2 2 2 2 2 2 2
left_child=1 3 -3 5 -5 7 -7 8 -1 11 12 -10 -11 -9
right_child=-2 2 -4 4 -6 6 -8 13 9 10 -12 -13 -14 -15
leaf_value=-0.015664551601923121 -0.031635687328327611 0.054688263996628718 -0.012734725001544361 -0.029919288543879805 0.0070246113147773527 0.0011738447041478631 0.025410751501986861 -0.0031167559401753296 0.055280218435023169 0.014737950821697193 0.00089841727880807698 0.0060397141460838567 -0.0286752781029787 -0.022316529072511401
leaf_weight=67.232234775132383 30.98986008675638 8.0941148566780594 6.0409240136505096 53.367323413607664 39.225847482855897 209.180748116225 85.444672636687756 178.12799019568774 6.199770268307474 13.3533407431496 712.15078274324333 542.48766616825014 61.391935177714913 80.879439272634045
leaf_count=14647 321434 117 126 1281 588 1148 519 16158 3890 34178 40494 20443 29707 7186
internal_value=-6.24215e-05 0.000487159 0.0300753 0.000210336 -0.0147104 0.000952194 0.00850957 -0.000409163 0.00128234 0.00219067 -0.00124892 0.00709027 -0.0204817 -0.00942131
internal_weight=2094.17 2063.18 14.135 2049.04 92.5932 1956.45 294.625 1661.82 1402.82 1335.58 786.896 548.687 74.7453 259.007
internal_count=491916 170482 243 170239 1869 168370 1667 166703 143359 128712 104379 24333 63885 23344
is_linear=0
shrinkage=0.04


Tree=134
num_leaves=15
num_cat=0
split_feature=44 9 50 2 36 52 3 18 33 45 27 23 14 40
split_gain=21.9898 10.5974 18.678 12.6348 11.7515 15.4119 14.0676 16.5185 15.9334 19.4735 15.1262 13.5356 13.307 13.136
threshold=0.82074279216700041 4.2925328600000006 4.5000000000000009 2.6788675000000004 0.16884731649510068 -0.0093458249999999968 0.68480200000000013 0.86208240000000014 -0.0018951503999999994 0.036684385000000048 0.032168809999999999 0.52229246000000018 15.500000000000002 11.108541800000005
decision_type=2 2 2 2 2 2 2 2 2 2 2 2 2 2
left_child=1 4 -3 -4 5 -1 12 -8 9 11 -11 -9 -7 -6
right_child=-2 2 3 -5 13 6 7 8 -10 10 -12 -13 -14 -15
leaf_value=-0.018127034956367916 -0.03042636224259216 -0.039001466910975044 0.020658139492132483 -0.027010949981569131 -0.0077453037208972961 0.042189250688577672 0.032000931663442457 -0.018288999357813342 -0.004643896258567125 -0.025995724173484586 0.0078436354949049623 0.011186676708314976 0.0067586427423325414 0.0093031837462782957
leaf_weight=72.607155979181698 32.472184716178162 24.227727009361843 21.461832340282857 8.5201319986954314 83.771679997145839 16.109433993478888 18.808080395923753 22.569915929649142 888.03866099195875 46.937267152694403 32.50900436937809 315.20337354338699 101.6057867806885 405.7667629201751
leaf_count=9495 364609 1302 220 83 2797 1054 1010 4835 76374 6415 530 14429 5155 3608
internal_value=-5.9109e-05 0.000492586 -0.0161876 0.00518726 0.000982981 -0.000762898 0.000171172 -0.00102587 -0.00162207 0.00478861 -0.0125043 0.00897907 0.0131288 0.00633697
internal_weight=2090.61 2058.14 54.2097 29.982 2003.93 1514.39 1441.78 1324.07 1305.26 417.22 79.4463 337.773 117.715 489.538
internal_count=491916 127307 1605 303 125702 119297 109802 103593 102583 26209 6945 19264 6209 6405
is_linear=0
shrinkage=0.04


Tree=135
num_leaves=15
num_cat=0
split_feature=42 43 39 3 0 23 40 37 9 26 9 33 3 13
split_gain=21.1693 10.306 14.1612 12.7106 12.7811 12.5208 21.9751 18.6986 22.2582 21.6946 15.5534 13.7371 15.0644 13.3602
threshold=1.1063708000000003 1.0000000180025095e-35 0.21156294496593567 1.8357250000000003 1589.9925000000003 0.21948727000000004 11.108541800000005 0.44535626928571431 0.68337823000000009 332.50000000000006 4.2925328600000006 -0.0029100848000000006 0.68480200000000013 163.50000000000003
decision_type=2 2 2 2 2 2 2 2 2 2 2 2 2 2
left_child=1 2 -1 4 5 6 -3 8 9 -7 11 -9 -13 -14
right_child=-2 3 -4 -5 -6 7 -8 10 -10 -11 -12 12 13 -15
leaf_value=-0.00057085822997850709 -0.031223455278613806 -0.030996514200698454 0.021209392147769467 -0.030670699994195416 -0.029963955539471523 0.071560414672058162 0.0029558621185346154 0.0072519753201408963 -0.015099365380031853 -0.005313153671780535 -0.02374969324371326 0.012647400564821547 -0.0030275858868892775 0.030299103299846763
leaf_weight=105.24997314554639 29.309791712530568 49.549189760247828 82.062765758950263 17.004650480696 17.634998055134929 14.189351207656733 67.410283969660668 429.12357210506525 10.031616236214175 7.5256564538503872 36.174589397189266 111.76394705127314 1095.813952627519 14.616758788695732
leaf_count=1117 321434 28816 593 1408 20706 16895 1693 15032 11724 10964 986 3497 56666 385
internal_value=-6.17552e-05 0.000456607 0.00927454 -0.000448632 -8.96601e-05 0.000277847 -0.0121089 0.00115319 0.0293817 0.0489106 0.000536895 0.00113902 -0.0010281 -0.00245505
internal_weight=2087.46 2058.15 187.313 1870.84 1853.83 1836.2 116.959 1719.24 31.7466 21.715 1687.49 1651.32 1222.19 1110.43
internal_count=491916 170482 1710 168772 167364 146658 30509 116149 39583 27859 76566 75580 60548 57051
is_linear=0
shrinkage=0.04


Tree=136
num_leaves=15
num_cat=0
split_feature=44 0 24 0 11 51 2 8 15 45 14 2 16 43
split_gain=20.3392 10.2122 18.4981 14.0969 31.282 16.899 14.7706 13.0983 16.4762 17.7105 14.6128 13.3385 13.2007 12.9396
threshold=0.82074279216700041 439.78550000000001 790.50000000000011 533.98000000000013 2130.3565160000003 0.0068507900000000519 1.6645210000000004 0.32149437000000008 16.500000000000004 0.0093924699999999878 12.500000000000002 1.8166065000000002 2158.5000000000005 0.61904502000000006
decision_type=2 2 2 2 2 2 2 2 2 2 2 2 2 2
left_child=1 2 -1 4 6 -6 -3 8 9 11 -9 -8 -10 -5
right_child=-2 3 -4 13 5 -7 7 10 12 -11 -12 -13 -14 -15
leaf_value=-0.033433661735264124 -0.029968944458570866 -0.024838286172637582 0.016679332063676347 0.0029311009398700662 -0.016177542893483169 0.026370294870678872 0.0030668575974786968 0.0034714435637261459 -0.017756700801036494 -0.0016332732406957534 0.056510262612308043 0.083960153489881964 0.023637512330768259 -0.0038209367868088802
leaf_weight=30.311830311933591 30.764668530846393 5.4955184264690606 13.97175935236737 970.21274141303729 67.225809630814183 14.076854259772515 4.8960780948109477 11.679933704843277 25.994334921117115 10.854113363886425 31.182795114465989 7.847794450361107 15.480495542346032 844.88965989404824
leaf_count=1773 364609 344 121 8356 1963 260 316 406 1690 531 796 1103 222 109426
internal_value=-6.29111e-05 0.000456677 -0.0175346 0.000895616 0.0109819 -0.00770977 0.0241391 0.0276221 0.0145122 0.0378753 0.0439299 0.0625034 -0.00142548 -0.000213685
internal_weight=2084.88 2054.12 44.2836 2009.84 194.734 81.3027 113.431 107.936 65.0728 23.598 42.8627 12.7439 41.4748 1815.1
internal_count=491916 127307 1894 125413 7631 2223 5408 5064 3862 1950 1202 1419 1912 117782
is_linear=0
shrinkage=0.04


Tree=137
num_leaves=15
num_cat=0
split_feature=42 1 10 1 14 23 7 8 7 43 1 0 8 2
split_gain=19.6626 10.0317 13.9258 13.3545 19.756 19.1364 14.0346 12.6393 17.3588 17.8399 15.9429 25.4032 24.9057 24.5996
threshold=1.1063708000000003 2.3608935000000004 3356.5000000000005 2.1543170000000003 65.500000000000014 2.1015936850000005 589.50000000000011 0.97356475000000009 1749.5000000000002 1.3211734100000003 1.7093310000000002 915.8130000000001 0.46325701500000005 2.4721455000000003
decision_type=2 2 2 2 2 2 2 2 2 2 2 2 2 2
left_child=1 3 -3 7 5 -5 -7 10 -9 -10 12 -12 13 -1
right_child=-2 2 -4 4 -6 6 -8 8 9 -11 11 -13 -14 -15
leaf_value=-0.0018565772886296717 -0.030802913830689536 0.052876306969336699 -0.012560885712285495 -0.038989171260831353 0.021780377463390593 -0.034143135363112295 0.015246524481659567 -0.024242054840562025 0.00033881236684264976 -0.031360097769694041 0.014410879317233673 -0.011977075293525159 0.006407339149225014 -0.024434882417892677
leaf_weight=437.95119158579473 27.750720262585673 8.2109508698340488 5.9743285448639645 42.557114895520499 15.713346907461526 8.1903759883716685 25.474058495194186 57.511404408411181 431.67067202049657 25.400532941257552 318.15688748810499 67.237416695723368 521.64471838641111 88.997765186468314
leaf_count=88447 321434 117 126 1241 156 173 299 4584 7797 12687 7920 3473 32674 10788
internal_value=-5.30637e-05 0.000436012 0.0292255 0.000164923 -0.0143272 -0.0226535 0.000368884 0.000883591 -0.0044667 -0.00174305 0.00281238 0.0097127 0.000242213 -0.00586372
internal_weight=2082.44 2054.69 14.1853 2040.51 91.9349 76.2215 33.6644 1948.57 514.583 457.071 1433.99 385.394 1048.59 526.949
internal_count=491916 170482 243 170239 1869 1713 472 168370 25068 20484 143302 11393 131909 99235
is_linear=0
shrinkage=0.04


Tree=138
num_leaves=15
num_cat=0
split_feature=42 29 33 27 11 3 19 14 15 14 1 2 34 22
split_gain=18.8369 9.94025 10.1553 10.7839 14.2757 12.8769 12.2766 12.0851 11.4595 11.2275 15.7464 13.9715 30.27 17.8477
threshold=1.1063708000000003 -0.19921346500000003 -0.0025795526000000025 0.24751057000000004 2237.3505585000007 0.68480200000000013 0.11185215000000001 17.500000000000004 61.500000000000007 57.500000000000007 1.4222740000000003 2.2615805000000004 1.4572876325000002 1.9484083250000002
decision_type=2 2 2 2 2 2 2 2 2 2 2 2 2 2
left_child=1 -1 -3 5 -5 7 9 -4 -9 11 -11 12 -7 -14
right_child=-2 2 3 4 -6 6 -8 8 -10 10 -12 -13 13 -15
leaf_value=-0.021627669853534755 -0.030558559282018255 0.0052617715183144002 0.035199789828312893 0.027899592396822666 0.0019491123771800004 -0.0041007507783704777 0.024144171774066019 -0.014134450446939123 0.013920394378366998 -0.030690460739039697 -0.0040681021737902128 -0.0072393056581642511 0.023478677826742615 -0.016821312532983523
leaf_weight=27.237416549971385 26.910720034091355 569.96153581857288 19.803541660054179 38.408438249287428 159.18332735203148 340.21955273592903 20.004142438308918 32.77738295961899 56.241702514533245 53.363082157593453 95.653267127490835 505.87049485131138 117.41281636687927 16.856932543916628
leaf_count=8986 321434 23184 3234 1068 1361 83314 2133 4106 2171 2979 1966 34941 873 166
internal_value=-6.18091e-05 0.000411216 0.000760062 -0.00101439 0.00755751 -0.00238513 -0.00364224 0.0104691 0.0033881 -0.00423866 -0.0142885 -0.00264632 0.00227486 0.0179969
internal_weight=2079.9 2052.99 2025.76 1455.79 197.592 1258.2 1149.38 108.823 89.0191 1129.38 149.016 980.36 474.489 134.27
internal_count=491916 170482 161496 138312 2429 135883 126372 9511 6277 124239 4945 119294 84353 1039
is_linear=0
shrinkage=0.04


Tree=139
num_leaves=15
num_cat=0
split_feature=44 1 0 1 7 23 18 0 2 44 26 2 3 7
split_gain=18.2303 9.80324 20.1659 19.2568 20.2698 20.6266 20.1183 17.5122 17.0597 18.7732 27.9087 18.1148 17.3883 16.5337
threshold=0.87090685137003565 1.27173 1235.4215000000002 1.1328890000000003 2974.5000000000005 1.3902820300000001 0.94985373000000017 1286.7405000000001 1.6423180000000002 0.27371725090554838 332.50000000000006 2.1183410000000005 1.1561985000000001 975.50000000000011
decision_type=2 2 2 2 2 2 2 2 2 2 2 2 2 2
left_child=1 3 -3 4 5 6 -1 -8 -5 -10 12 -12 -11 -14
right_child=-2 2 -4 8 -6 -7 7 -9 9 10 11 -13 13 -15
leaf_value=0.013016344516725918 -0.032632232820821859 -0.00048522086189775073 -0.027921932175310298 0.057830334585810564 0.024399385827671118 0.021210200471268609 -0.018523572189557518 0.020829558241982984 0.024123569930986188 -0.0060924673717429869 -0.023363680882247998 0.017054286519750342 0.063000444375316267 -0.0015219865867421964
leaf_weight=47.552912806640961 22.134943495846528 1474.8553729444102 39.152063352707046 8.5807210052516876 37.700240286903863 36.245014704763889 182.33874118699896 15.891364545626855 90.505921661038883 16.142046956330887 61.319563015960739 20.137569282756886 16.065143695392184 8.7678527532552817
leaf_count=3769 302248 111217 32008 1054 2039 733 13506 4033 786 3189 9297 3265 3382 1390
internal_value=-5.99011e-05 0.000369244 -0.0012843 0.00496406 -0.00133744 -0.00514292 -0.00937455 -0.0149339 0.0138881 0.0108312 0.000444047 -0.0129633 0.0256085 0.0437824
internal_weight=2077.39 2055.25 1514.01 541.247 319.728 282.028 245.783 198.23 221.519 212.938 122.432 81.4571 40.975 24.833
internal_count=491916 189668 143225 46443 24080 22041 21308 17539 22363 21309 20523 12562 7961 4772
is_linear=0
shrinkage=0.04


Tree=140
num_leaves=15
num_cat=0
split_feature=43 1 16 1 17 15 8 17 1 16 1 2 1 17
split_gain=17.5667 9.65823 13.1691 12.3557 18.8044 11.6145 11.5386 15.2669 22.5676 16.9307 19.231 34.8327 16.8756 20.9896
threshold=1.8133508700000001 2.3608935000000004 3382.5000000000005 2.1543170000000003 3648.5000000000005 109.50000000000001 1.0585352750000003 4103.5000000000009 1.5637545000000002 4787.5000000000009 2.0122000000000004 2.3104760000000004 1.1911315000000002 3373.5000000000005
decision_type=2 2 2 2 2 2 2 2 2 2 2 2 2 2
left_child=1 3 -3 6 -5 -6 -1 8 12 10 11 -9 -8 -14
right_child=-2 2 -4 4 5 -7 7 9 -10 -11 -12 -13 13 -15
leaf_value=0.0025360145480328223 -0.026016583686464971 0.051571888679640882 -0.012185488613245983 -0.028529348396990253 0.022898206898358715 -0.016832769043693029 -0.017489970761174374 0.029824998659788781 -0.028856640979781831 -0.0061764934371226158 0.053416873193853638 -0.021634726351027176 -0.0060640804017664789 0.040891490185916299
leaf_weight=1509.7201354050922 35.855774120420392 8.2628454735968244 5.9180872658616854 51.914240365469595 23.24384330707835 15.581675301073117 47.068681621531141 40.09659723436198 79.11203329716227 156.19229757801077 12.328516791108994 34.69589328969596 34.379478030325117 20.886716155357135
leaf_count=129755 341059 111 123 1189 364 190 3023 2406 2731 4854 65 857 3381 1808
internal_value=-4.61305e-05 0.000472982 0.0287237 0.000204912 -0.0138233 0.00685187 0.000896867 -0.00489086 -0.0135059 0.00167622 0.0153258 0.00609326 -0.000847196 0.0136021
internal_weight=2075.26 2039.4 14.1809 2025.22 90.7398 38.8255 1934.48 424.76 181.447 243.313 87.121 74.7925 102.335 55.2662
internal_count=491916 150857 234 150623 1743 554 148880 19125 10943 8182 3328 3263 8212 5189
is_linear=0
shrinkage=0.04


Tree=141
num_leaves=15
num_cat=0
split_feature=44 5 8 44 45 51 1 29 1 1 2 2 0 14
split_gain=17.1396 12.8379 12.2136 10.3032 18.4467 18.0886 14.0866 17.7945 15.7492 13.4969 13.9631 28.8932 17.2357 16.9329
threshold=0.87090685137003565 222.46344300000001 0.13551601500000002 0.10170858139604214 -0.054144424999999934 -0.0092398399999999974 1.2804375000000003 0.6316416600000001 1.1328890000000003 2.3608935000000004 2.7513640000000001 2.7395230000000006 439.78550000000001 33.500000000000007
decision_type=2 2 2 2 2 2 2 2 2 2 2 2 2 2
left_child=1 2 -1 4 -3 -6 8 -8 -7 10 11 12 -5 -12
right_child=-2 3 -4 9 5 6 7 -9 -10 -11 13 -13 -14 -15
leaf_value=0.081180194000818773 -0.032311882615520184 0.01919636295527942 -0.011335252525187444 -0.032587283848000866 0.044947740104896397 0.00028912378097072187 -0.014910952089936485 0.0068256976595493755 0.037315288324780704 0.033759381435636733 -0.0170541064378672 0.046696911067815532 0.00029447892405478449 -0.00021529749630438331
leaf_weight=0.97910265044265488 21.005189766881813 112.04398052813485 1.9745392394943335 21.065222917866777 9.1342615964822453 52.968845217255875 141.80486229201779 98.312795494683087 23.212792434729636 12.380655754997859 179.95996782180009 16.195917944616667 1184.9069953347644 197.92886698827351
leaf_count=2094 302248 652 7141 938 90 458 1609 546 239 1469 31928 1343 131606 9555
internal_value=-4.16491e-05 0.00036625 0.0510869 0.000169042 0.0055773 0.000668859 -0.00128942 -0.00605349 0.0131745 -0.001311 -0.00168668 0.000399938 -0.000412059 -0.00835234
internal_weight=2073.87 2052.87 2.95364 2049.92 437.478 325.434 316.299 240.118 76.1816 1612.44 1600.06 1222.17 1205.97 377.889
internal_count=491916 189668 9235 180433 3594 2942 2852 2155 697 176839 175370 133887 132544 41483
is_linear=0
shrinkage=0.04


Tree=142
num_leaves=15
num_cat=0
split_feature=43 8 43 23 4 53 0 3 23 40 37 53 26 3
split_gain=16.2028 9.31328 9.84869 13.3369 16.1553 12.0752 12.7748 11.7679 11.727 19.8288 16.2768 20.6077 18.3985 13.5497
threshold=1.8133508700000001 2.0953895900000004 1.0000000180025095e-35 1.7348539100000002 1212.5000000000002 0.38525693750000006 1122.5740000000003 1.6905570000000003 0.21948727000000004 11.108541800000005 0.44535626928571431 0.63351066500000008 332.50000000000006 1.5370215
decision_type=2 2 2 2 2 2 2 2 2 2 2 2 2 2
left_child=1 2 3 -1 7 -6 -7 -5 9 -4 11 12 -10 -12
right_child=-2 -3 8 4 5 6 -8 -9 10 -11 13 -13 -14 -15
leaf_value=0.024926819083253254 -0.025460326331898282 -0.021750908854799217 -0.030271673705614035 -0.035712246869406938 -0.015737176307591721 0.023887734285335797 -0.018800277041782842 0.010474458632107449 0.06294371749497564 0.002285672127244513 0.0012777284043254283 -0.022435985560406352 -0.0025332648715390492 -0.011323780726261659
leaf_weight=55.920413224026561 34.314145909807849 24.758493992172589 48.657266957394313 20.817888572812084 18.257937682792544 64.03517084941268 9.5359121514484269 10.59228752623312 15.983567263130682 66.230459606442309 1540.0027100421139 7.2000367555992844 9.6497996759135258 144.75653051052359
leaf_count=413 341059 3623 37825 250 166 553 150 83 15016 2001 58875 12815 11998 7089
internal_value=-2.49634e-05 0.000464943 0.000791618 0.00960937 0.00195811 0.0104287 0.0175104 -0.0208374 -9.42867e-05 -0.0121905 0.000747847 0.0266947 0.0419044 0.000164688
internal_weight=2070.71 2036.4 2011.64 179.16 123.239 91.829 73.5711 31.4102 1832.48 114.888 1717.59 32.8334 25.6334 1684.76
internal_count=491916 150857 147234 1615 1202 869 703 333 145619 39826 105793 39829 27014 65964
is_linear=0
shrinkage=0.04


Tree=143
num_leaves=15
num_cat=0
split_feature=44 5 8 11 0 43 3 7 49 53 16 53 25 2
split_gain=16.0273 12.2689 9.66205 27.6857 28.5328 19.8385 18.5495 20.4351 19.9915 25.7014 19.0249 14.9664 14.602 20.5532
threshold=0.87090685137003565 252.75149550000003 0.2868699500000001 2169.4599125000004 883.84900000000005 1.1844826500000003 0.81723200000000007 407.50000000000006 2.5000000000000004 0.19324408500000004 1391.5000000000002 0.67913807000000015 1061.5000000000002 2.5130025000000002
decision_type=2 2 2 2 2 2 2 2 2 2 2 2 2 2
left_child=1 -1 6 4 11 -5 12 8 -8 -10 -11 -4 13 -3
right_child=-2 2 3 5 -6 -7 7 -9 9 10 -12 -13 -14 -15
leaf_value=0.042393475020044757 -0.031956658647325817 0.0050249791945141146 0.025748013229800946 0.00097502769380373143 -0.022925114316038549 -0.014126013940939578 0.026555060846651858 -0.021705980112184681 -0.028795831855888982 -0.025262833596406419 0.030547020802857996 -0.0081483131771536987 -0.013434508481565051 0.064492001791051107
leaf_weight=6.0487311198921807 19.85757665955316 27.008591410445661 145.59376741174128 1407.324366496905 22.90495796210962 149.4171847118414 30.551040218077105 130.26786454340254 42.79969833026189 9.7370300470320199 26.808044820856594 21.794377584672475 18.142537928935781 9.9924424449345661
leaf_count=15734 302248 5785 12780 20109 26959 49604 15788 26713 3134 2603 404 5800 1413 2842
internal_value=-3.04369e-05 0.000356124 0.000128395 0.00126435 0.0154611 -0.000514966 -0.00650109 -0.0112951 0.00145323 -0.00921326 0.0144263 0.0212263 0.0135813 0.0268502
internal_weight=2068.25 2048.39 2042.34 1747.03 190.293 1556.74 295.307 240.164 109.896 79.3448 36.5451 167.388 55.1436 37.001
internal_count=491916 189668 173934 115252 45539 69713 58682 48642 21929 6141 3007 18580 10040 8627
is_linear=0
shrinkage=0.04


Tree=144
num_leaves=15
num_cat=0
split_feature=42 29 43 0 2 1 29 14 12 9 14 7 39 21
split_gain=15.4538 9.35895 10.1841 11.5698 12.8001 18.2795 23.05 23.6265 17.7826 34.2556 23.4451 21.5903 21.5214 18.9527
threshold=1.1063708000000003 -0.19921346500000003 1.0000000180025095e-35 1589.9925000000003 2.3724420000000008 1.7620820000000001 0.12691419000000001 67.500000000000014 1.0000000180025095e-35 1.0269605700000002 70.500000000000014 1467.5000000000002 0.47742872255299512 0.9447718300000002
decision_type=2 2 2 2 2 2 2 2 2 2 2 2 2 2
left_child=1 -1 -3 4 8 -6 -7 -8 9 -4 11 -10 -11 -12
right_child=-2 2 3 -5 5 6 7 -9 10 12 13 -13 -14 -15
leaf_value=-0.021231269063372776 -0.029365330275266721 0.009658174599288992 0.0040406387637871941 -0.029286741482170538 -0.0097002227601875879 0.035294875402161238 -0.0040834179981908874 0.021029747843839004 -0.012096528729634029 -0.025017009939822765 0.029036544479270194 0.021820529180602746 0.027788287838495875 -0.027259547714900897
leaf_weight=26.578501570787921 23.336324402578612 180.06676937197335 551.72008814236324 16.603270391809929 390.06368007550191 25.899725745068281 400.61229259418906 65.334996880614199 31.954510454834235 104.88763078675402 8.2259782080873247 197.44415185979233 9.7532871104776842 33.747310257633217
leaf_count=8986 321434 1344 79322 20503 25678 4476 5539 511 4558 10804 1276 7009 74 402
internal_value=-2.79869e-05 0.000378017 0.000714679 -0.000186188 0.000158865 -0.00329093 0.00183848 -0.000376172 0.00340354 -0.00013344 0.011934 0.0169387 -0.0195509 -0.0143102
internal_weight=2066.23 2042.89 2016.31 1836.25 1819.64 881.911 491.847 465.947 937.733 666.361 271.372 229.399 114.641 41.9733
internal_count=491916 170482 161496 160152 139649 36204 10526 6050 103445 90200 13245 11567 10878 1678
is_linear=0
shrinkage=0.04


Tree=145
num_leaves=15
num_cat=0
split_feature=44 5 8 8 7 1 3 26 8 3 25 3 31 8
split_gain=14.9855 11.7549 11.9649 9.64646 14.8605 28.8182 26.5792 38.4223 15.4576 45.5161 18.849 22.9352 16.8814 16.6504
threshold=0.87090685137003565 222.46344300000001 0.13551601500000002 0.18084778500000001 665.50000000000011 1.1389130000000003 1.4673025000000002 368.50000000000006 0.41558532000000009 0.98921500000000007 1742.5000000000002 1.2905315000000004 0.00049564933333333383 0.69749067000000009
decision_type=2 2 2 2 2 2 2 2 2 2 2 2 2 2
left_child=1 2 -1 -3 5 -5 -7 -8 9 -6 11 -11 -10 -14
right_child=-2 3 -4 4 8 6 7 -9 12 10 -12 -13 13 -15
leaf_value=0.077709945430473854 -0.031594611534351863 -0.011124543240997571 -0.011731185315245782 -0.017378162120422855 0.004227403610274595 0.021795053542877106 0.030664112058429484 -0.032756124366050521 -0.016030140917141972 -0.043161417703507156 0.019473934763529401 0.00037335105129559994 0.0082438682090557342 -0.0012088705829141106
leaf_weight=1.1549793826889065 18.787592515756842 109.74369759580804 2.0718511698069051 50.121488078206312 164.98756434172174 187.28363358979186 19.979084742826672 35.015470619542612 81.470880295168172 78.339990070959175 8.8899074830405862 25.11061156211872 463.41654387928065 817.3049430013416
leaf_count=2094 302248 26025 7141 4800 20072 26924 4685 3285 37319 10091 195 4371 20247 22419
internal_value=-2.89687e-05 0.0003374 0.0480552 0.000144768 0.000811991 0.00903878 0.0147447 -0.00908066 -0.000678234 -0.00919757 -0.028254 -0.0330642 0.00108351 0.00223027
internal_weight=2063.68 2044.89 3.22683 2041.66 1931.92 292.4 242.278 54.9946 1639.52 277.328 112.341 103.451 1362.19 1280.72
internal_count=491916 189668 9235 180433 154408 39694 34894 7970 114714 34729 14657 14462 79985 42666
is_linear=0
shrinkage=0.04


Tree=146
num_leaves=15
num_cat=0
split_feature=44 9 50 7 12 53 0 10 50 11 15 1 9 1
split_gain=14.4175 9.25431 17.0812 12.5993 27.7135 24.4393 21.6777 19.526 25.6916 22.8783 19.2628 20.9879 18.9175 16.894
threshold=0.87090685137003565 4.2925328600000006 4.5000000000000009 2441.5000000000005 1.0000000180025095e-35 1.7035763575 614.41050000000007 4999.5000000000009 6.5000000000000009 4084.2059110000005 53.500000000000007 1.6146640000000001 3.1425681900000004 1.1985440000000003
decision_type=2 2 2 2 2 2 2 2 2 2 2 2 2 2
left_child=1 3 -3 12 -5 -6 -7 9 13 -8 -11 -12 -1 -9
right_child=-2 2 -4 4 5 6 7 8 -10 10 11 -13 -14 -15
leaf_value=1.6833276254179495e-05 -0.03138282943714639 -0.037631892262799824 0.0050591671447809588 -0.015314020788941136 0.036357076412102944 0.028517453764434566 -0.010315340894153537 0.025695367893403515 0.017377825032359479 0.0012806653531063103 0.059662899422825676 0.0052976995550060562 -0.021913534819510892 -0.02399841946711892
leaf_weight=1493.8066949239292 18.203369402628596 23.419893572088768 29.567177978344262 71.364161514633452 48.297291549119109 55.204449899196334 40.621955157381308 8.2297582763567316 40.164012442284729 33.407862909840333 28.094611644413817 18.910110967008222 60.702846579235484 91.407729875318182
leaf_count=165959 302248 1674 303 7475 1191 1390 1560 506 589 1658 971 648 2733 3011
internal_value=-2.96409e-05 0.000325621 -0.0154278 0.000782649 0.0067531 0.0112243 0.00687705 0.00184675 -0.00821012 0.0133279 0.0251763 0.0404038 -0.000907049 -0.0188622
internal_weight=2061.4 2043.2 52.9871 1990.21 435.702 364.338 316.04 260.836 139.802 121.035 80.4126 47.0047 1554.51 99.6375
internal_count=491916 189668 1977 187691 18999 11524 10333 8943 4106 4837 3277 1619 168692 3517
is_linear=0
shrinkage=0.04


Tree=147
num_leaves=15
num_cat=0
split_feature=42 0 1 15 1 21 8 22 44 45 28 48 9 8
split_gain=13.9878 9.12907 15.7985 14.9557 18.6111 14.8413 14.7102 12.1847 21.4964 16.7544 19.2668 33.3516 19.2372 34.1735
threshold=1.1063708000000003 1088.3250000000003 0.92387950000000008 89.500000000000014 1.7093310000000002 1.4016767250000002 0.6130567400000001 0.78727159000000013 0.42050185613730934 0.11020290500000009 0.1671931449999999 0.061354135000000039 1.3955267100000002 0.42867038500000004
decision_type=2 2 2 2 2 2 2 2 2 2 2 2 2 2
left_child=1 7 -3 5 -5 -4 -7 9 -9 10 -1 -12 13 -13
right_child=-2 2 3 4 -6 6 -8 8 -10 -11 11 12 -14 -15
leaf_value=-0.0028292693108582872 -0.028746782422219029 0.032755500967415231 -0.030102388207189752 0.036761322989374769 -0.021277074213328979 0.018352746073580048 -0.017456243426812141 0.0014248954543144979 -0.012809450596336742 -0.0023630758739728057 0.064894859227188406 0.0043547749726195739 -0.011220012404706629 0.057326085029029965
leaf_weight=62.75054110342171 21.779339962249651 9.0642318939717352 65.002334911430808 16.057505869404853 10.953793478045553 25.525724572595209 41.311598662490724 1337.6059624788468 189.32279773970367 145.37229716951697 20.989851553204062 55.225098324146529 32.439179818815319 25.908078116190154
leaf_count=64895 321434 2223 54241 2419 405 452 1068 14046 19998 8571 903 641 380 240
internal_value=-2.53817e-05 0.000351243 -0.00844403 -0.0117227 0.0135781 -0.0172131 -0.00345497 0.00116159 -0.000376059 0.00791987 0.0153671 0.02365 0.0136123 0.0236158
internal_weight=2059.31 2037.53 167.915 158.851 27.0113 131.84 66.8373 1869.61 1526.93 342.685 197.313 134.562 113.572 81.1332
internal_count=491916 170482 60808 58585 2824 55761 1520 109674 34044 75630 67059 2164 1261 881
is_linear=0
shrinkage=0.04


Tree=148
num_leaves=15
num_cat=0
split_feature=44 5 13 9 1 36 52 13 48 2 1 1 0 0
split_gain=13.463 11.5324 9.29546 10.9629 13.1844 11.3466 16.5888 13.459 13.2208 16.8383 17.7961 16.696 13.8986 12.8559
threshold=0.87090685137003565 222.46344300000001 129.50000000000003 4.2925328600000006 1.0384250000000004 0.19855643393868755 -0.0093458249999999968 92.500000000000014 0.11395655750000007 1.6755875000000002 2.0678425000000007 2.1543170000000003 533.98000000000013 961.57450000000006
decision_type=2 2 2 2 2 2 2 2 2 2 2 2 2 2
left_child=1 -1 3 5 -5 6 -3 -8 9 -7 12 13 -11 -10
right_child=-2 2 -4 4 -6 8 7 -9 11 10 -12 -13 -14 -15
leaf_value=0.047409808744559793 -0.030995356337668936 -0.018677860370703233 0.012164098918388157 0.021712934549100324 -0.027445429989797578 0.035688303363669051 0.00071575679780410393 -0.013100967131931389 0.021975357463700156 0.018277962885362261 0.040232315206500939 -0.020645935040235243 -0.017293877997539037 -0.0077111496433309914
leaf_weight=3.2872489593610217 17.205504743647907 79.02288062916341 92.742674359524244 6.9064076466456745 39.427579605067876 11.37171281132032 1379.8253281118523 117.81204435020481 143.459398859879 16.833244946406921 6.6955356553880838 16.360667205997743 100.50711989026968 25.093370913527906
leaf_count=9235 302248 16271 2911 77 1664 154 149252 4831 906 177 421 78 3573 118
internal_value=-1.73249e-05 0.000319198 0.000127216 -0.000476975 -0.0187169 1.6569e-05 -0.0013828 -0.000411116 0.00681985 -0.00264048 -0.00740121 0.0136345 -0.0116524 0.0174609
internal_weight=2056.55 2039.35 2036.06 1943.32 46.334 1896.98 1576.66 1497.64 320.321 135.408 124.036 184.913 117.34 168.553
internal_count=491916 189668 180433 177522 1741 175781 170354 154083 5427 4325 4171 1102 3750 1024
is_linear=0
shrinkage=0.04


Tree=149
num_leaves=15
num_cat=0
split_feature=42 0 24 0 15 19 53 2 44 10 17 49 43 7
split_gain=13.0531 9.04175 17.2937 13.6898 17.3854 17.596 15.6122 15.6447 12.886 12.0627 13.167 11.3441 17.9908 16.0519
threshold=1.1063708000000003 439.78550000000001 790.50000000000011 500.88500000000005 15.500000000000002 0.050238495000000008 0.38853883500000003 1.7961265000000002 0.27371725090554838 1043.5000000000002 1177.5000000000002 3.5000000000000004 1.0000000180025095e-35 3145.5000000000005
decision_type=2 2 2 2 2 2 2 2 2 2 2 2 2 2
left_child=1 2 -1 4 6 8 7 -3 -6 -5 -11 13 -13 -12
right_child=-2 3 -4 9 5 -7 -8 -9 -10 10 11 12 -14 -15
leaf_value=-0.032625486235128391 -0.028302043130818091 0.0010100070860296676 0.016080012190936244 -0.026127702919586392 0.011919390602227799 0.031691320782359325 0.0020100673467116094 0.07441973306440948 -0.021480607317849967 0.040395082931511068 -0.0050873833314265581 0.024409887585531146 0.0016921210430809078 0.010397649953038157
leaf_weight=29.122512316724169 20.767899349986692 6.4467747437593088 13.994862898252903 23.05877347713249 28.655202084686607 20.506791176441766 14.3660961795249 13.009940185424055 37.04634036875359 8.0106967127758235 814.22267885117253 54.771372256800532 851.69958699669223 118.47781855345966
leaf_count=1768 321434 473 121 40253 266 918 411 1280 2035 5793 97160 437 11281 8286
internal_value=-1.10366e-05 0.000346626 -0.0167887 0.000758986 0.0135734 0.00335838 0.0358239 0.0552755 -0.00710071 -9.74338e-05 0.000297163 1.34647e-05 0.00319116 -0.00307542
internal_weight=2054.16 2033.39 43.1174 1990.27 120.031 86.2083 33.8228 19.4567 65.7015 1870.24 1847.18 1839.17 906.471 932.7
internal_count=491916 170482 1889 168593 5383 3219 2164 1753 2301 163210 122957 117164 11718 105446
is_linear=0
shrinkage=0.04


Tree=150
num_leaves=15
num_cat=0
split_feature=44 29 33 1 15 40 34 14 11 3 1 8 27 2
split_gain=12.5841 8.76268 9.43009 10.0194 14.8225 17.662 15.0217 16.4437 13.8299 17.4115 25.6174 17.4747 14.0414 13.3328
threshold=0.87090685137003565 -0.19921346500000003 -0.0025795526000000025 1.27173 4.5000000000000009 17.088193999999998 1.4572876325000002 44.500000000000007 2262.3710370000003 0.85765550000000002 1.5940085000000002 0.18613093500000003 -0.020985084999999997 2.4041635000000006
decision_type=2 2 2 2 2 2 2 2 2 2 2 2 2 2
left_child=1 -1 -3 4 -4 6 -6 -8 9 10 -5 -12 -11 -13
right_child=-2 2 3 8 5 -7 7 -9 -10 12 11 13 -14 -15
leaf_value=-0.02081632621369138 -0.030603098729801756 0.0049932505624854916 0.049803721276604505 -0.00053485981558831558 -0.010438117745444795 0.012311913904713218 0.02680267703174876 -0.019860515872877803 -0.0054354381449034719 0.042933607055063015 -0.012005850141575767 0.007414860512737328 -0.0038109072560172097 0.084031768508014651
leaf_weight=25.91942737408317 16.2790675136348 565.97178659285782 6.1717284851911236 30.27812945425103 164.54155076259121 172.93872986490896 36.177477722754702 12.916750322096048 835.69299802015303 5.9858305944180747 3.9608469792001442 5.9030335446186681 155.82076404974941 12.508784094494329
leaf_count=10586 302248 29419 1699 8334 33228 2352 294 148 39954 8496 1830 924 47821 4583
internal_value=-1.74722e-06 0.00031749 0.000641175 -0.00107726 0.00433768 0.00298513 -0.00467382 0.0138246 -0.00311336 0.00585296 0.0247297 0.0527737 -0.000846559 0.0662972
internal_weight=2051.07 2034.79 2008.87 1442.9 392.746 386.575 213.636 49.0942 1050.15 214.457 52.6508 22.3727 161.807 18.4118
internal_count=491916 189668 179082 149663 37721 36022 33670 442 111942 71988 15671 7337 56317 5507
is_linear=0
shrinkage=0.04


Tree=151
num_leaves=15
num_cat=0
split_feature=42 0 0 0 10 0 24 15 2 1 3 17 2 43
split_gain=12.2212 8.56042 13.412 12.7742 9.14011 9.03124 16.3003 12.2255 16.9941 24.452 10.2035 14.7499 11.989 11.8709
threshold=1.1063708000000003 1561.7795000000003 1450.4200000000003 1235.4215000000002 2856.5000000000005 439.78550000000001 790.50000000000011 5.5000000000000009 1.7961265000000002 1.3317330000000001 1.6434930000000003 3111.5000000000005 2.3012655000000004 0.4016431299999999
decision_type=2 2 2 2 2 2 2 2 2 2 2 2 2 2
left_child=1 2 3 5 -4 6 -1 8 -7 -10 13 12 -12 -9
right_child=-2 -3 4 -5 -6 7 -8 10 9 -11 11 -13 -14 -15
leaf_value=-0.031940481720662314 -0.02786991241629699 -0.022375900523044029 -0.014607532798156436 -0.020644250722313053 0.046069241877865583 -0.023920931718389132 0.015437430108900536 0.00634656531006462 0.078469855037246183 -0.00075402388000752197 -0.00094578834767143204 0.012496257618987348 -0.032361319404198501 -0.00066041018626260663
leaf_weight=28.673145763546927 19.853941903011219 21.182655643682665 2.6168175944221721 40.437644365436427 11.530998712052677 4.8907700031850281 14.033678567502646 560.52281845908146 8.2879733636182227 11.563731977184942 32.866437909389788 27.512353601377981 43.685485716363473 1221.8910876498485
leaf_count=1768 321434 22123 4901 18262 1333 2790 121 4557 5011 2707 3154 561 1955 101239
internal_value=9.47974e-06 0.000350005 0.000644652 0.000323956 0.0339625 0.00080949 -0.0163856 0.00123547 0.026683 0.0414545 0.000832058 -0.0110491 -0.0197585 0.00155469
internal_weight=2049.55 2029.7 2008.51 1994.37 14.1478 1953.93 42.7068 1911.22 24.7425 19.8517 1886.48 104.064 76.5519 1782.41
internal_count=491916 170482 148359 142125 6234 123863 1889 121974 10508 7718 111466 5670 5109 105796
is_linear=0
shrinkage=0.04


Tree=152
num_leaves=15
num_cat=0
split_feature=37 5 8 36 45 52 0 2 48 2 2 13 2 2
split_gain=11.9602 9.87504 12.4094 9.02798 22.0692 17.4154 16.9678 16.1193 15.9501 12.9273 20.8966 11.6428 13.1134 16.3326
threshold=0.24157423285714288 222.46344300000001 0.13551601500000002 0.24615346506907174 0.20389316499999996 -0.0093458249999999968 906.61700000000008 1.7075790000000002 0.14668396750000004 2.8554625000000002 2.6928410000000005 12.500000000000002 2.3654035000000007 2.3413125000000004
decision_type=2 2 2 2 2 2 2 2 2 2 2 2 2 2
left_child=-1 2 -2 4 5 -3 8 -8 9 10 -5 -7 13 -13
right_child=1 3 -4 6 -6 11 7 -9 -10 -11 -12 12 -14 -15
leaf_value=-0.027194410798820519 0.073707818425840274 -0.017048728731595839 -0.012924787849075138 0.006854037879843732 -0.033394658064192631 -0.010875330873686835 0.040321466959280121 -0.019216040425313677 0.027114143392538627 0.036773669965451429 -0.037843322847405644 0.0042296944946497951 -0.0019615875918964527 0.035965012918867674
leaf_weight=20.542209265500787 1.3711639276298222 87.880948617515969 2.3835887083605485 73.803485532480408 27.610695296820268 122.67465805499523 3.6823614806635296 47.734016511833033 73.070676511561032 10.382209226536359 16.277243203086982 754.96876324453478 782.65879437243893 22.01597655830119
leaf_count=255969 5005 18176 16231 1164 6597 42037 36 1286 486 426 233 62272 80043 1955
internal_value=6.67109e-06 0.000348654 0.0427394 0.000164774 -0.000787673 -0.000186459 0.00762838 -0.0117564 0.0135403 0.00285011 -0.00278794 0.000742302 0.00168793 0.00535313
internal_weight=2047.06 2026.51 3.75475 2022.76 1797.81 1770.2 224.95 51.4164 173.534 100.463 90.0807 1682.32 1559.64 776.985
internal_count=491916 235947 21236 214711 211080 204483 3631 1322 2309 1823 1397 186307 144270 64227
is_linear=0
shrinkage=0.04


Tree=153
num_leaves=15
num_cat=0
split_feature=42 9 50 2 7 12 53 45 7 9 4 18 28 50
split_gain=11.4489 8.49179 15.9013 11.8046 11.0686 25.0326 21.4357 19.2039 21.8644 17.4445 16.1644 17.6129 15.5768 15.5555
threshold=1.1063708000000003 4.2925328600000006 4.5000000000000009 2.6788675000000004 2441.5000000000005 1.0000000180025095e-35 1.7035763575 0.015474229999999952 3928.5000000000005 3.1425681900000004 1212.5000000000002 0.8916597500000002 0.051231705000000037 6.5000000000000009
decision_type=2 2 2 2 2 2 2 2 2 2 2 2 2 2
left_child=1 4 -3 -4 9 10 -7 8 -8 -1 11 -6 -9 -10
right_child=-2 2 3 -5 5 6 7 12 13 -11 -12 -13 -14 -15
leaf_value=7.3051611149850551e-05 -0.027444117438649572 -0.036619138140490601 0.019985222919749995 -0.02639337230490937 0.037400713616940584 0.034246883442704795 0.010328817331951764 -0.01590290778876443 -0.020690601203157688 -0.021128531538084465 0.006584302551917518 -0.037375048853224457 0.035814914794654984 0.019007672316953043
leaf_weight=1481.3981785457217 19.015618697521859 22.781032331662573 21.03144612303004 8.3604513171594572 1.6843453758410749 47.974971956937225 167.89676157667054 8.380053810476964 76.610404543469485 59.807715921746421 30.62585455358203 37.635539899187279 45.717742031032685 15.422455784631891
leaf_count=149661 321434 1565 220 83 109 1132 3305 3912 1466 2335 378 5571 657 88
internal_value=1.21506e-05 0.000336886 -0.0148619 0.00487373 0.000775313 0.00639526 0.0106357 0.00654835 0.00183231 -0.000815356 -0.0147965 -0.0303138 0.0271359 -0.0134015
internal_weight=2044.34 2025.33 52.1729 29.3919 1973.15 431.948 362.002 314.027 259.93 1541.21 69.9457 39.3199 54.0978 92.0329
internal_count=491916 170482 1868 303 168614 16618 10560 9428 4859 151996 6058 5680 4569 1554
is_linear=0
shrinkage=0.04


Tree=154
num_leaves=15
num_cat=0
split_feature=44 5 8 11 0 42 5 12 43 0 39 8 1 1
split_gain=11.1656 10.9124 8.84764 24.7123 25.3913 18.2553 17.8979 19.0793 17.1608 16.5848 14.7028 14.5358 22.6631 18.6907
threshold=0.87090685137003565 252.75149550000003 0.2868699500000001 2169.4599125000004 883.84900000000005 0.91298754000000015 697.20048500000019 1.0000000180025095e-35 1.3211734100000003 610.15200000000016 0.051403503511546468 0.41997411500000004 1.7620820000000001 1.27173
decision_type=2 2 2 2 2 2 2 2 2 2 2 2 2 2
left_child=1 -1 5 4 10 -3 7 -5 11 -9 -4 12 -8 -13
right_child=-2 2 3 6 -6 -7 8 9 -10 -11 -12 13 -14 -15
leaf_value=0.039157243967148384 -0.029894029067356442 -0.0084405623409237011 -0.012180702902798825 -0.030779136117874088 -0.022247214967308727 0.037290335498081313 -0.016149888384893226 0.032880368035144873 -0.019058506475216556 -0.017315536727062819 0.023879389694912004 0.011866363001556768 0.016210473499527363 0.00029474634147806092
leaf_weight=6.4981183513336864 14.786719945184812 281.9477423094977 17.382890643708379 55.854499685825431 22.108351360377128 9.7844510477661952 144.05744616329321 14.46016685696304 63.014075020888413 18.283746676599549 150.89463756913392 290.91204288262816 40.715247646323405 911.67590295024274
leaf_count=15734 302248 25189 11640 22272 26959 33493 2299 1250 15805 10979 6940 4658 480 11970
internal_value=8.68104e-06 0.000299755 7.84977e-05 0.0011703 0.0145709 -0.00630428 -0.000529295 -0.0174828 0.000562841 0.00627086 0.0199104 0.00151928 -0.00877995 0.00313152
internal_weight=2042.38 2027.59 2021.09 1729.36 190.386 291.732 1538.97 88.5984 1450.37 32.7439 168.278 1387.36 184.773 1202.59
internal_count=491916 189668 173934 115252 45539 58682 69713 34501 35212 12229 18580 19407 2779 16628
is_linear=0
shrinkage=0.04


Tree=155
num_leaves=15
num_cat=0
split_feature=0 2 47 12 4 24 22 40 39 15 18 45 8 11
split_gain=10.9697 20.3653 17.6218 20.58 14.6842 11.5767 10.8463 17.858 22.1704 16.3605 18.1138 16.3351 12.588 18.3521
threshold=1088.3250000000003 1.7075790000000002 1.1271449450000002 1.0000000180025095e-35 1133.5000000000002 2717.5000000000005 0.78727159000000013 16.388770500000007 0.12760019927775554 5.5000000000000009 0.95583340000000006 0.19057143500000004 0.28432923000000004 2169.4599125000004
decision_type=2 2 2 2 2 2 2 2 2 2 2 2 2 2
left_child=5 4 -3 -4 -2 6 7 9 -9 -1 -11 12 -8 -14
right_child=1 2 3 -5 -6 -7 11 8 -10 10 -12 -13 13 -15
leaf_value=0.040208140787459358 -0.017931503557984629 -0.033073306806171592 0.0066175232106415061 -0.030523571878100061 0.043825766272003318 0.023144174190710125 -0.0096353499406283214 0.048950705384478425 0.0092329191595871135 0.010846116764059489 -0.016582055252923073 -0.029858248562517727 0.015894683556370037 -0.00049548599160723452
leaf_weight=8.092471262887555 5.9091595182362679 49.030968368133472 75.340706753049744 29.112511710060062 13.377408948144874 31.731618298217654 199.27176702931683 21.877678182505406 163.91401348064755 57.595226752759118 96.951845379497172 25.802737845122465 115.79581905322266 1146.3447804250427
leaf_count=42937 9478 211948 1160 2134 203 264 8252 2316 2684 67475 115194 1461 5436 20974
internal_value=7.3131e-06 -0.00948849 -0.0144908 -0.00465568 0.025108 0.000908861 0.000462668 0.00676233 0.0150701 -0.0028945 -0.0063408 -0.00103096 -0.00042191 0.00106502
internal_weight=2040.15 172.771 153.484 104.453 19.2866 1867.38 1835.65 348.431 185.792 162.64 154.547 1487.22 1461.41 1262.14
internal_count=491916 224923 215242 3294 9681 266993 266729 230606 5000 225606 182669 36123 34662 26410
is_linear=0
shrinkage=0.04


Tree=156
num_leaves=15
num_cat=0
split_feature=37 5 9 44 3 45 1 6 53 28 52 23 29 48
split_gain=10.7351 9.34852 9.08371 8.81254 15.4243 14.7665 16.0871 16.2415 14.6801 16.6094 15.5284 14.3281 14.0525 12.9026
threshold=0.24157423285714288 222.46344300000001 0.21852776500000001 0.17563164833302702 0.76367250000000009 -0.073144659999999959 1.2804375000000003 1.5186766100000002 4.2432694375000013 0.34359744500000006 0.0092960200000000003 0.27007147500000001 0.48730375000000009 -0.019218412499999993
decision_type=2 2 2 2 2 2 2 2 2 2 2 2 2 2
left_child=-1 2 -2 4 -3 -6 7 -7 9 10 -8 -9 -11 -5
right_child=1 3 -4 13 5 6 8 11 -10 12 -12 -13 -14 -15
leaf_value=-0.026425597448815709 0.064382735298619098 0.028053602569912472 -0.011363734145716299 -0.024455866834734233 0.015602375160820685 -0.01470928581612773 -0.011253733007139015 -0.019550482328166717 -0.035251517516665415 -0.020971399558958336 0.034973166111583132 0.023240985356791165 0.012447637255594628 -0.0010513704114612551
leaf_weight=19.284087507561708 1.9393525342256901 34.724908605683595 1.982276147993616 33.832436345999668 106.17191136116162 26.295756494277157 226.7948552222224 10.460896689444779 18.287046333076432 18.959259285591543 7.4504590339492998 95.325983897433616 131.85655013285577 1305.4289824586376
leaf_count=255969 6931 255 14305 28788 581 208 2481 59 164 105 91 895 705 180379
internal_value=1.14369e-05 0.000328522 0.0411842 0.000147317 0.00385291 0.00233631 -0.000414261 0.0114462 -0.00439073 -0.00249203 -0.00908325 0.0183181 0.00770834 -0.00173138
internal_weight=2038.79 2019.51 3.92163 2015.59 676.328 641.603 535.431 132.083 403.348 385.061 234.245 105.787 150.816 1339.26
internal_count=491916 235947 21236 214711 5544 5289 4708 1162 3546 3382 2572 954 810 209167
is_linear=0
shrinkage=0.04


Tree=157
num_leaves=15
num_cat=0
split_feature=0 0 0 10 13 8 33 27 26 26 3 14 2 2
split_gain=10.388 11.1534 13.1355 9.80567 9.16301 11.1474 9.50961 10.0636 11.1507 11.2235 10.9736 13.1569 11.0826 13.4244
threshold=1561.7795000000003 1450.4200000000003 1235.4215000000002 2856.5000000000005 129.50000000000003 2.2199730800000004 -0.0025795526000000025 0.24751057000000004 667.50000000000011 872.50000000000011 0.68480200000000013 15.500000000000002 2.7513640000000001 2.0118795000000005
decision_type=2 2 2 2 2 2 2 2 2 2 2 2 2 2
left_child=1 2 4 -3 5 6 -1 10 -9 -10 11 -8 13 -13
right_child=-2 3 -4 -5 -6 -7 7 8 9 -11 -12 12 -14 -15
leaf_value=0.0047672590147485724 -0.023918675986848908 -0.01599087835584417 -0.020957163938952209 0.043719241178943859 0.012720122845296776 -0.032311939999094846 0.041795715499007027 0.014111796976442256 -0.023464694640517574 0.0083400535408644644 -0.0040625282169006764 -0.010836316411239189 -0.022065407455630345 0.026487517432899566
leaf_weight=524.98686512775384 23.616524553697673 3.0694787798674943 41.493542961097774 11.592380820704419 89.295690759177887 11.991255987733892 12.41416333028428 118.15323231502043 27.312214057939855 35.293992924518534 1064.6429886390888 22.627712665489526 16.475414865757557 32.202593494666871
leaf_count=36129 93475 17584 65893 3330 2890 4191 6163 2208 252 317 250056 2036 3035 4357
internal_value=1.21827e-05 0.000351751 5.64247e-05 0.0303312 0.000554647 -5.99241e-05 0.000235003 -0.00156634 0.0070832 -0.00624413 -0.00295263 0.0105951 0.00278037 0.0114661
internal_weight=2035.17 2011.55 1996.89 14.6619 1955.4 1866.1 1854.11 1329.12 180.759 62.6062 1148.36 83.7199 71.3057 54.8303
internal_count=491916 398441 377527 20914 311634 308744 304553 268424 2777 569 265647 15591 9428 6393
is_linear=0
shrinkage=0.04


Tree=158
num_leaves=15
num_cat=0
split_feature=37 5 8 43 9 7 1 12 0 1 2 1 26 7
split_gain=10.2421 9.03797 11.4547 8.20484 11.6816 11.8257 27.8925 20.9746 15.7347 16.571 25.1973 16.9748 13.1878 12.4341
threshold=0.24157423285714288 222.46344300000001 0.13551601500000002 1.0000000180025095e-35 0.14967609500000004 665.50000000000011 1.1029820000000001 1.0000000180025095e-35 439.78550000000001 1.7816040000000004 2.2766680000000004 1.9427590000000003 417.50000000000006 2441.5000000000005
decision_type=2 2 2 2 2 2 2 2 2 2 2 2 2 2
left_child=-1 2 -2 -3 -5 6 -6 8 -8 10 -10 12 -11 -7
right_child=1 3 -4 4 5 13 7 -9 9 11 -12 -13 -14 -15
leaf_value=-0.026093272061490775 0.069126758758195336 0.0081554574342329305 -0.012935175039980356 -0.021712199063762046 -0.020746971109889923 -0.0041073978272384978 -0.017279411265192567 -0.02560900814339092 0.022728249973341962 0.0033221952156403784 -0.0071902564700862294 0.011787326627431807 0.067181048815920491 0.0038938467048126178
leaf_weight=18.768688336307605 1.6376745107318118 180.4975021367427 2.3861170784475689 36.271253085589706 45.869024593164795 1031.8914757129223 18.988746173352411 18.079870567697071 105.19690068533055 7.0587756126351477 72.942060460394714 32.667114541711271 22.161381624327987 439.21128659751048
leaf_count=255969 5005 1710 16231 11714 4850 111861 934 3623 20243 4779 18605 11103 2481 22808
internal_value=1.10824e-05 0.000318238 0.0402603 0.00013865 -0.000671986 -0.000187448 0.00668367 0.0115117 0.0145387 0.0173571 0.0106158 0.0345176 0.054494 -0.00171345
internal_weight=2033.63 2014.86 4.02379 2010.84 1830.34 1794.07 322.964 277.095 259.015 240.026 178.139 61.8873 29.2202 1471.1
internal_count=491916 235947 21236 214711 213001 201287 66618 61768 58145 57211 38848 18363 7260 134669
is_linear=0
shrinkage=0.04


Tree=159
num_leaves=15
num_cat=0
split_feature=43 3 18 5 52 26 23 45 53 39 3 13 48 1
split_gain=9.96244 9.28499 8.76466 14.4763 19.7459 16.8114 12.761 21.2627 21.0357 18.2718 11.9036 11.4837 11.0616 11.9267
threshold=1.8133508700000001 0.75564350000000002 0.95108816500000015 416.81890950000007 0.0067773300000000024 187.50000000000003 1.9063086650000003 -0.0022158350000000128 2.2332609500000005 0.096539658888591687 1.3269635000000004 73.500000000000014 -0.01605858499999999 0.94236650000000011
decision_type=2 2 2 2 2 2 2 2 2 2 2 2 2 2
left_child=2 -2 3 4 5 -1 8 10 9 -5 11 -8 -7 -14
right_child=1 -3 -4 6 -6 12 7 -9 -10 -11 -12 -13 13 -15
leaf_value=-0.01576789486570282 0.021254596382650384 -0.030505069642398956 -0.00091219526228808446 -0.01655012761743678 -0.019326240260153147 -0.008006227077056444 -0.012292278316305907 -0.01537157909096154 -0.01851990672444729 0.011189965443156818 0.062651340656966772 0.033692469385551552 -0.0074290110940936002 0.10343493563375873
leaf_weight=2.0000785452193659 3.1181801046222999 23.862069891183637 1626.8513806328465 41.961095294183906 4.2252137373234282 1.2359028512619223 11.407101982738824 15.517763753072357 66.163048313726904 200.70136956867645 11.928563957684672 15.854485559859311 1.0648666439119567 6.1904401293468254
leaf_count=4031 31919 309140 122194 8519 5807 783 124 570 1847 2515 100 137 362 3868
internal_value=1.48196e-05 -0.0221352 0.000367185 0.00580991 0.0392481 0.0614619 0.00394214 0.020871 0.000658474 0.00615587 0.0353372 0.015528 0.078755 0.090771
internal_weight=2032.08 26.9802 2005.1 378.25 14.7165 10.4913 363.533 54.7079 308.826 242.662 39.1902 27.2616 8.49121 7.25531
internal_count=491916 341059 150857 28663 14851 9044 13812 931 12881 11034 361 261 5013 4230
is_linear=0
shrinkage=0.04


Tree=160
num_leaves=15
num_cat=0
split_feature=0 0 0 4 1 3 1 14 50 53 53 7 8 7
split_gain=9.70396 10.6008 12.1366 9.41721 8.5612 18.9209 11.2416 18.7178 12.1659 15.7199 11.7504 14.6285 10.6632 13.3837
threshold=1561.7795000000003 1450.4200000000003 1235.4215000000002 1548.5000000000002 2.3608935000000004 1.1022950000000002 2.1543170000000003 65.500000000000014 3.5000000000000004 2.6410319675000005 1.0179726250000003 495.50000000000006 1.0585352750000003 1946.5000000000002
decision_type=2 2 2 2 2 2 2 2 2 2 2 2 2 2
left_child=1 2 4 -3 6 -6 12 8 -8 10 11 -10 -1 -14
right_child=-2 3 -4 -5 5 -7 7 -9 9 -11 -12 -13 13 -15
leaf_value=0.0025827044352276221 -0.023342525595121111 -0.015702561694984431 -0.020274962502320925 0.042797633668274465 -0.027347793574500047 0.04963556815977279 -0.037117616971506222 0.022821078331840092 -0.032213040248291233 0.034710796368199508 -0.042228016939610057 0.024265774949103151 -0.022026896328599103 -0.0016945254855184914
leaf_weight=1437.1019800638896 23.051453787633363 3.0735286488343254 40.888245216530777 11.528321096157013 3.8227200554556466 10.339193790669013 34.510639377242114 14.711989485143929 7.1689077272312742 7.3390261241001999 11.883251019171437 13.522872118046505 55.829742113379325 356.14488000383244
leaf_count=264151 93475 20631 65893 283 1585 1812 16683 337 126 77 108 132 5822 20801
internal_value=2.17634e-05 0.000347316 5.93027e-05 0.0296195 0.000535863 0.0271417 0.000272125 -0.0132134 -0.0213248 -0.00505798 -0.0174443 0.00223707 0.00095609 -0.004681
internal_weight=2030.92 2007.87 1993.26 14.6018 1952.38 14.1619 1938.21 89.1367 74.4247 39.9141 32.575 20.6918 1849.08 411.975
internal_count=491916 398441 377527 20914 311634 3397 308237 17463 17126 443 366 258 290774 26623
is_linear=0
shrinkage=0.04


Tree=161
num_leaves=15
num_cat=0
split_feature=37 5 8 44 3 45 1 6 18 0 50 23 8 48
split_gain=9.54517 8.80581 10.9302 8.15047 14.2379 13.5692 15.2665 14.9846 13.9823 16.8251 15.0833 13.4726 14.3716 12.1122
threshold=0.24157423285714288 222.46344300000001 0.13551601500000002 0.17563164833302702 0.76367250000000009 -0.073144659999999959 1.2804375000000003 1.5186766100000002 0.96229578500000013 910.58600000000013 3.5000000000000004 0.27007147500000001 0.62346512000000009 -0.019218412499999993
decision_type=2 2 2 2 2 2 2 2 2 2 2 2 2 2
left_child=-1 2 -2 4 -3 -6 7 -7 9 -8 -10 -9 -13 -5
right_child=1 3 -4 13 5 6 8 11 10 -11 -12 12 -14 -15
leaf_value=-0.025574021769614749 0.067234495403950781 0.027093338411172958 -0.012794291266210596 -0.024002627890228067 0.014988383500788856 -0.013992711596450401 0.0091456975776584917 -0.019004621284214214 0.014432633053629034 -0.016139675706417389 -0.016511020667711703 0.03793648281174207 0.0067530003228492598 -0.0010262640096601096
leaf_weight=18.058680516562163 1.7542720437741071 34.275288232136518 2.347902047140451 32.798459151210409 105.73744388436899 26.204299320001155 160.35491375974379 10.399014810100196 25.666785188019276 51.594992972561158 163.42732865328435 44.60721396189183 50.272262726793997 1302.1068868611201
leaf_count=255969 5005 255 16231 28788 581 208 1228 59 128 587 1603 377 518 180379
internal_value=1.5742e-05 0.000308315 0.039563 0.000130003 0.00370506 0.00224826 -0.000397286 0.0111801 -0.00428388 0.00276037 -0.0120473 0.0177961 0.022579 -0.00167825
internal_weight=2029.61 2011.55 4.10217 2007.44 672.54 638.264 532.527 131.483 401.044 211.95 189.094 105.278 94.8795 1334.91
internal_count=491916 235947 21236 214711 5544 5289 4708 1162 3546 1815 1731 954 895 209167
is_linear=0
shrinkage=0.04


Tree=162
num_leaves=15
num_cat=0
split_feature=42 1 10 2 14 38 53 15 45 2 1 2 2 29
split_gain=9.32185 7.96209 12.0781 10.3072 19.8451 12.8547 12.2158 11.158 17.4356 10.8289 23.7 25.9562 22.6668 14.7983
threshold=1.1063708000000003 2.3608935000000004 3356.5000000000005 2.9992215000000004 67.500000000000014 2.6622268350000002 3.1877044650000004 91.500000000000014 -0.012230899999999998 2.7513640000000001 1.8892025000000003 2.9750300000000007 2.7395230000000006 0.43817111000000014
decision_type=2 2 2 2 2 2 2 2 2 2 2 2 2 2
left_child=1 3 -3 5 7 9 -6 -5 -9 12 11 -11 -1 -12
right_child=-2 2 -4 4 6 -7 -8 8 -10 10 13 -13 -14 -15
leaf_value=0.00080916621301581467 -0.026078589839078466 0.047371410491441744 -0.013191827652652912 -0.017002390613435458 0.033113251276270711 0.014049805744521698 -0.01997194081773377 0.033972909793019493 -0.029069561272947714 -0.027030975683000488 -0.015840385101624447 0.028351229084060119 0.041596375111118238 0.013818119867126786
leaf_weight=1437.5587858398812 16.664729864936817 8.5327887855237332 5.7580343581503248 155.4686311235746 21.766719037419538 108.64555200200994 5.6176185558288116 13.996812716570277 6.5288507193035903 101.57873253757498 34.229512202800834 11.378046750185602 17.141154526219907 82.052326523291413
leaf_count=151895 321434 117 126 5463 361 1201 88 161 343 7041 1979 365 713 629
internal_value=1.9779e-05 0.000300297 0.025875 5.29874e-05 -0.00836858 0.00102908 0.0208211 -0.0133602 0.012154 0.000149894 -0.00783432 -0.0204871 0.00143061 0.00479453
internal_weight=2026.92 2010.25 14.2908 1995.96 203.379 1792.58 27.3843 175.994 20.5257 1683.94 229.239 112.957 1454.7 116.282
internal_count=491916 170482 243 170239 6416 163823 449 5967 504 162622 10014 7406 152608 2608
is_linear=0
shrinkage=0.04


Tree=163
num_leaves=15
num_cat=0
split_feature=13 3 27 3 39 26 3 7 48 45 51 36 53 51
split_gain=9.33895 20.7241 15.6414 13.9766 15.6547 14.5671 12.2176 10.9475 11.5238 11.5681 18.7035 17.3113 17.2959 15.7582
threshold=12.500000000000002 0.92702800000000007 0.030586779999999956 1.1022950000000002 0.21156294496593567 1104.5000000000002 1.1723585000000003 193.50000000000003 -0.030902294999999965 0.15695614000000005 0.17474366500000002 0.24615346506907174 0.16698577000000003 0.027019529999999962
decision_type=2 2 2 2 2 2 2 2 2 2 2 2 2 2
left_child=1 2 -1 -3 5 6 -5 -2 -9 11 -11 12 -10 -14
right_child=7 3 -4 4 -6 -7 -8 8 9 10 -12 -13 13 -15
leaf_value=-0.015442679596392426 0.031982200546702269 -0.036589539985412534 0.05383734397273026 0.010068046576735649 0.015024357353705615 0.02791688480444882 -0.028617442682743327 -0.021512444222805457 -0.026729879990866706 -0.027915428836296167 0.0002102691672716548 0.019276719590548975 0.0021011720016540494 -0.033929102096222435
leaf_weight=5.4778506732072847 12.86994321525526 29.161467083469688 8.8859978289710835 13.564321135176213 32.470880664051947 6.5321783424515152 61.324414836284632 32.228583836307735 30.147692608066791 50.902276926475679 116.78886126326142 82.812356440579606 1527.1987049912477 14.681941517910671
leaf_count=38993 3554 42958 2513 17583 851 302 94994 13686 16377 11393 8833 710 237245 1924
internal_value=2.47256e-05 -0.00917627 0.0302512 -0.0140231 -0.00694926 -0.0160747 -0.0214189 0.000822681 0.000521066 0.000968484 -0.00888828 0.00199107 0.00102226 0.00164953
internal_weight=2025.05 157.417 14.3638 143.053 113.892 81.4209 74.8887 1867.63 1854.76 1822.53 167.691 1654.84 1572.03 1541.88
internal_count=491916 198194 41506 156688 113730 112879 112577 293722 290168 276482 20226 256256 255546 239169
is_linear=0
shrinkage=0.04


Tree=164
num_leaves=15
num_cat=0
split_feature=0 43 3 11 9 1 7 7 3 14 26 3 9 0
split_gain=9.06452 17.6107 12.7381 11.8719 19.5488 15.0967 15.1754 12.7378 9.16431 15.4601 18.9351 14.6703 13.2643 12.8172
threshold=1070.5350000000003 1.0914833700000004 0.61126550000000013 2693.4398445000002 0.96158483500000014 1.2666040000000003 1285.5000000000002 3243.5000000000005 1.5720745000000003 24.500000000000004 395.50000000000006 1.7849060000000001 0.5108069300000001 902.1450000000001
decision_type=2 2 2 2 2 2 2 2 2 2 2 2 2 2
left_child=8 2 -2 -4 5 -5 -7 -6 -1 10 12 -12 -10 -11
right_child=1 -3 3 4 7 6 -8 -9 9 13 11 -13 -14 -15
leaf_value=0.0017832778014731001 0.039177949294385887 -0.03278854226673257 -0.035454342413348598 0.035188267840742714 -0.021681171610259533 0.027146523490583167 -0.019123433299672688 0.021970822495888737 -0.02786059006850472 0.011400458161408477 -0.044454987719449134 0.0051168852284175625 0.020084197388244233 -0.023812208035783509
leaf_weight=1668.557806237146 6.1503675032290621 32.674459214818853 13.20111258982797 25.858263170433929 60.925706637703115 13.091556888772173 25.462617264740402 8.5824327240115945 9.0470331113101583 70.317265290832438 38.938859636295092 10.979054637093212 22.239218321710723 16.28581671315078
leaf_count=242590 75 226777 1018 282 1703 302 221 446 8013 2120 1629 232 5298 1210
internal_value=1.97948e-05 -0.00827592 -0.00217959 -0.00513941 -0.00098263 0.0143263 -0.00209915 -0.0151786 0.000879993 -0.00789336 -0.0199041 -0.0340788 0.00429141 0.00384036
internal_weight=2022.31 185.947 153.272 147.122 133.921 64.4124 38.5542 69.5081 1836.37 167.807 81.2042 49.9179 31.2863 86.6031
internal_count=491916 230824 4047 3972 2954 805 523 2149 261092 18502 15172 1861 13311 3330
is_linear=0
shrinkage=0.04


Tree=165
num_leaves=15
num_cat=0
split_feature=37 3 13 45 53 0 36 32 2 1 15 9 8 8
split_gain=8.81434 7.60224 11.9771 13.375 11.8865 10.9792 17.2293 17.1902 16.2844 18.0288 12.8977 12.3207 15.7033 16.4059
threshold=0.20677449285714289 1.5370215 26.500000000000004 0.14750021500000005 0.15111964000000003 668.75350000000014 0.015948328650475217 -0.00020386733333333328 1.6291940000000003 1.0104975000000003 22.500000000000004 3.8373327750000006 0.41997411500000004 0.69749067000000009
decision_type=2 2 2 2 2 2 2 2 2 2 2 2 2 2
left_child=-1 5 4 -4 -3 6 10 -7 9 -9 -2 12 -10 -14
right_child=1 2 3 -5 -6 7 -8 8 11 -11 -12 -13 13 -15
leaf_value=-0.027315914879378459 0.082565328528460227 0.018829932684462071 0.0046171824299938843 -0.028558366172831563 -0.025696956952413873 -0.025233580121422669 0.004097356373950191 -0.0062548936235041017 -0.0085636199330550444 0.063287780261325685 -0.0017869239659247622 -0.020618158881231707 0.0097548720036217135 -0.0024012576553275331
leaf_weight=13.707825704657806 2.8859945186140967 7.5144309156603404 130.36645296577444 17.705027507601699 61.261617391875916 41.477061386915011 712.82258290093341 9.342347623358366 253.60093999000674 8.2895849328342575 4.2600408389662334 44.273250089932844 311.05316805797702 402.10740531827832
leaf_count=223099 4606 1368 6464 1688 15898 88907 37765 687 62507 697 2751 1462 23747 20270
internal_value=1.37307e-05 0.000267816 -0.0067185 -0.000152915 -0.0198855 0.00113047 0.00493227 -0.00143834 -0.000361468 0.033199 0.0522444 -0.00110724 -0.000112241 0.00293178
internal_weight=2020.67 2006.96 216.848 148.071 68.776 1790.11 719.969 1070.14 1028.67 17.6319 7.14604 1011.03 966.762 713.161
internal_count=491916 268817 25418 8152 17266 243399 45122 198277 109370 1384 7357 107986 106524 44017
is_linear=0
shrinkage=0.04


Tree=166
num_leaves=15
num_cat=0
split_feature=0 0 0 4 23 30 1 2 1 29 14 8 8 35
split_gain=8.67664 9.87466 10.8856 8.43913 8.43684 16.3662 17.1994 10.2388 17.1858 17.9114 20.0515 17.2996 30.9301 16.209
threshold=1561.7795000000003 1450.4200000000003 1235.4215000000002 1548.5000000000002 0.21948727000000004 0.010094532000000002 1.0384250000000004 2.2766680000000004 1.7093310000000002 0.18279224000000002 78.500000000000014 0.52888747000000014 0.67013319000000016 1.4881528950000003
decision_type=2 2 2 2 2 2 2 2 2 2 2 2 2 2
left_child=1 2 4 -3 5 -1 -7 13 11 -10 -11 -9 -13 -6
right_child=-2 3 -4 -5 7 6 -8 8 9 10 -12 12 -14 -15
leaf_value=-0.02847532372281298 -0.022467416794960764 -0.015099233632171114 -0.019470679475864287 0.041008010804811604 -5.6802827411112989e-05 -0.041865081755802419 0.0085729983078510017 -0.016824951397627196 0.022261234413615352 -0.002047699111529272 0.023480587010254041 0.024279851804194962 -0.0083151410390730172 0.01163111599584586
leaf_weight=41.187796026011711 22.096747526004037 2.8844346466139532 39.716825781106309 11.475450196157906 476.32407753738698 7.623563501656462 70.787008430270362 179.2051004539826 62.833477758051231 496.42545013357812 49.590646926542831 55.974689735594438 192.34134874244955 310.60162256727926
leaf_count=124192 93475 20631 65893 283 67295 277 4527 29963 60237 7088 336 3790 10795 3134
internal_value=1.58095e-05 0.000320081 4.23709e-05 0.028749 0.000490213 -0.00958261 0.00145348 0.00117534 -0.00143522 0.00287547 0.000462876 -0.00753653 -0.000633457 0.00460076
internal_weight=2019.07 1996.97 1982.61 14.3599 1942.89 119.598 78.4106 1823.3 1036.37 608.85 546.016 427.521 248.316 786.926
internal_count=491916 398441 377527 20914 311634 128996 4804 182638 112209 67661 7424 44548 14585 70429
is_linear=0
shrinkage=0.04


Tree=167
num_leaves=15
num_cat=0
split_feature=42 33 1 3 14 53 49 1 1 0 17 9 8 43
split_gain=8.32323 7.44571 8.42487 9.0272 13.1158 11.2196 10.5668 10.3645 17.9258 21.0909 18.1624 13.2783 11.1828 18.7662
threshold=1.1527895450000003 -0.0025795526000000025 2.3608935000000004 0.68480200000000013 17.500000000000004 2.4903600125000005 3.5000000000000004 2.0678425000000007 2.0186950000000006 743.75650000000007 2864.5000000000005 0.94169304500000017 1.0882040450000001 0.61904502000000006
decision_type=2 2 2 2 2 2 2 2 2 2 2 2 2 2
left_child=1 -1 3 4 -3 6 -6 8 12 10 -10 -11 -5 -14
right_child=-2 2 -4 7 5 -7 -8 -9 9 11 -12 -13 13 -15
leaf_value=0.0041202599765984239 -0.026678986049488495 0.034220521142765137 0.029159075459270482 -0.00051288472738978351 -0.019447409795883549 0.029776919214327961 0.0079229310405424108 -0.015046265003669393 0.005088085343224631 0.023147782925701327 0.071714551922345202 -0.032116075771581813 -0.0016934774390740671 -0.02502444149441535
leaf_weight=566.76916686868208 13.522266893058257 20.736061364386842 9.4221878550888487 940.58158270241438 35.098679338983857 13.950959868034259 47.20769428659878 93.122043875708187 12.215429349467742 7.9011768680866252 11.502167551370801 10.572484867800084 152.87931724605733 82.010570283646302
leaf_count=27264 301962 3809 169 131150 5807 691 809 2071 314 287 128 249 1598 15608
internal_value=1.21089e-05 0.000258165 -0.00127388 -0.00157577 0.00884331 0.00195664 -0.00419417 -0.00253579 -0.00152142 0.0226641 0.0442599 -0.00858381 -0.00248183 -0.0101912
internal_weight=2017.49 2003.97 1437.2 1427.78 116.993 96.2573 82.3064 1310.78 1217.66 42.1913 23.7176 18.4737 1175.47 234.89
internal_count=491916 189954 162690 162521 11116 7307 6616 151405 149334 978 442 536 148356 17206
is_linear=0
shrinkage=0.04


Tree=168
num_leaves=15
num_cat=0
split_feature=13 3 27 3 39 25 3 2 40 17 23 45 13 25
split_gain=8.26874 19.5157 14.4425 13.3931 14.3959 13.5156 11.8451 11.2808 16.4003 19.8506 17.2437 16.2775 21.6431 15.9929
threshold=12.500000000000002 0.92702800000000007 0.030586779999999956 1.1022950000000002 0.21156294496593567 1212.5000000000002 1.1723585000000003 2.3724420000000008 17.088193999999998 1177.5000000000002 0.44166534500000004 0.023212814999999987 75.500000000000014 476.50000000000006
decision_type=2 2 2 2 2 2 2 2 2 2 2 2 2 2
left_child=1 2 -1 -3 5 6 -5 8 9 -2 -11 12 13 -12
right_child=7 3 -4 4 -6 -7 -8 -9 -10 10 11 -13 -14 -15
leaf_value=-0.015043651813441994 0.036118019243785028 -0.035790877166125952 0.05182110904826473 0.010463277204759425 0.014523190034011178 0.026917805122726405 -0.027807686442635794 -0.0023492804752540046 0.01048353305193093 -0.020127225226849205 -0.014269842752345961 -0.0088019506182009273 -0.016724292769259536 0.014516346349082337
leaf_weight=5.3189867757191669 17.93493691371259 28.490783642488168 9.0195467383437045 13.332773499863832 32.35786711691253 6.5350164663541355 60.14308975046697 927.73023905633454 360.48295684893856 66.981354101846591 31.444411682590726 174.49814929910281 50.120418306021747 231.62690010621372
leaf_count=38993 33147 42958 2513 17622 851 196 95061 162545 5224 58514 5828 12521 1878 14065
internal_value=1.93017e-05 -0.00870171 0.0295407 -0.0134737 -0.00653159 -0.0153999 -0.0206389 0.00076803 0.00386344 -0.000358899 -0.00185049 0.000838495 0.00626368 0.0108736
internal_weight=2016.02 155.198 14.3385 140.86 112.369 80.0109 73.4759 1860.82 933.089 572.606 554.671 487.69 313.192 263.071
internal_count=491916 198194 41506 156688 113730 112879 112683 293722 131177 125953 92806 34292 21771 19893
is_linear=0
shrinkage=0.04


Tree=169
num_leaves=15
num_cat=0
split_feature=0 43 3 11 9 1 13 22 44 0 40 39 18 36
split_gain=8.28304 16.4076 11.8463 11.3648 17.2992 13.8695 15.1975 10.0686 17.843 16.0715 15.6662 16.776 15.6334 14.8007
threshold=1070.5350000000003 1.0914833700000004 0.61126550000000013 2693.4398445000002 0.96158483500000014 1.2666040000000003 35.500000000000007 0.78727159000000013 0.42050185613730934 480.35300000000007 12.936408999999996 0.14967282093457498 0.95567675500000016 0.075208517329831429
decision_type=2 2 2 2 2 2 2 2 2 2 2 2 2 2
left_child=7 2 -2 -4 5 -5 -7 10 -9 -10 12 13 -1 -12
right_child=1 -3 3 4 -6 6 -8 8 9 -11 11 -13 -14 -15
leaf_value=0.0137865880584522 0.037600822342697481 -0.032365328660227621 -0.035008386573738087 0.033370497489371341 -0.014448304381753561 -0.02721350249282219 0.017895225879205962 0.0010652159720228916 0.018597426851571185 -0.01626149333338139 -0.0061191153258924724 0.0073764339921534227 -0.013583804645759064 0.045812408570377681
leaf_weight=47.861459676170853 6.204376437352038 30.772997178719379 12.871242475463076 25.868430082424311 68.734203498257557 16.489919988409383 21.981158257898642 1302.1440355931991 19.959700177070772 163.96214544121176 9.9804972468064062 167.64763400770607 86.289048498241755 33.41434384830427
leaf_count=69289 75 226777 1018 282 2149 248 275 13876 1375 20711 3243 2588 148516 1494
internal_value=1.98402e-05 -0.0079787 -0.00217354 -0.00505393 -0.000993827 0.0133851 -0.00234598 0.000838355 -0.000597559 -0.0120864 0.00694028 0.0136164 -0.00367425 0.0344703
internal_weight=2014.18 182.922 152.149 145.945 133.074 64.3395 38.4711 1831.26 1486.07 183.922 345.193 211.042 134.151 43.3948
internal_count=491916 230824 4047 3972 2954 805 523 261092 35962 22086 225130 7325 217805 4737
is_linear=0
shrinkage=0.04


Tree=170
num_leaves=15
num_cat=0
split_feature=0 0 0 10 12 33 52 51 45 48 3 14 2 11
split_gain=8.03576 9.2303 10.054 7.94647 8.31793 7.93528 8.70533 12.9573 8.90732 8.71102 8.56154 11.7752 11.7654 14.0743
threshold=1561.7795000000003 1450.4200000000003 1235.4215000000002 2856.5000000000005 1.0000000180025095e-35 -0.0025795526000000025 -0.0089728149999999968 0.17474366500000002 0.13111237499999998 0.14668396750000004 0.68480200000000013 15.500000000000002 2.7513640000000001 3553.3006025000009
decision_type=2 2 2 2 2 2 2 2 2 2 2 2 2 2
left_child=1 2 5 -3 -5 6 7 -1 -8 -10 11 -7 13 -13
right_child=-2 3 -4 4 -6 10 8 -9 9 -11 -12 12 -14 -15
leaf_value=-0.029892017714151439 -0.021876332010503877 -0.01503393837273702 -0.018910441077183655 0.0512150006338635 -0.01302622106406796 0.037309576576387643 0.0077271006963063925 0.0034236747906520003 -0.029966916546168041 0.019433645971501469 -0.0020756641625757468 0.00022834121357677875 -0.018310142051114978 0.038161763753346699
leaf_weight=22.723645456611848 21.46427089377903 2.7654667776350825 38.794498668054075 9.5063584273739217 1.9299619058856485 14.953941611032858 454.28927717053557 54.607798273103981 14.854125332030891 4.0778733709594226 1277.5373081737125 52.560480107551484 24.510075220727231 17.321550690219738
leaf_count=3387 93475 17584 65893 1180 2150 6226 28323 3440 2075 24 257980 6183 3307 689
internal_value=2.06226e-05 0.000310978 4.2705e-05 0.0279102 0.0397091 0.000469916 0.00451044 -0.00758687 0.00654597 -0.0174892 -0.0011445 0.0093498 0.00326625 0.0115511
internal_weight=2011.9 1990.43 1976.23 14.2018 11.4363 1937.44 550.553 77.3314 473.221 18.932 1386.88 109.346 94.3921 69.882
internal_count=491916 398441 377527 20914 3330 311634 37249 6827 30422 2099 274385 16405 10179 6872
is_linear=0
shrinkage=0.04


Tree=171
num_leaves=15
num_cat=0
split_feature=37 0 24 0 15 25 23 42 26 39 9 9 29 43
split_gain=7.96533 7.44114 15.098 12.282 27.253 16.4184 24.7025 14.6008 12.5333 14.6255 12.0115 11.5105 11.1973 16.756
threshold=0.20677449285714289 439.78550000000001 790.50000000000011 533.98000000000013 17.500000000000004 506.50000000000006 0.90406484500000006 0.57253192000000019 536.50000000000011 0.23305456246843628 0.79273684000000011 0.44649735500000004 0.021799374999999989 0.4016431299999999
decision_type=2 2 2 2 2 2 2 2 2 2 2 2 2 2
left_child=-1 2 -2 4 7 6 -6 8 9 -3 -7 -8 13 -5
right_child=1 3 -4 12 5 10 11 -9 -10 -11 -12 -13 -14 -15
leaf_value=-0.026661214114193536 -0.030882783628724333 -0.012620636130565644 0.014927557075594462 0.013299787288059346 -0.0047567042050158806 -0.0024625103419482468 -0.001117289158516514 0.071810839017441661 0.041561175955804781 0.040749683298535837 -0.03746696416022173 0.062987046677087072 0.00031162679932804648 -0.024293475093387491
leaf_weight=12.744914695538681 27.681343698061028 24.588535520248119 14.036566653288899 22.656332993588876 34.267114954431236 65.690409382306825 5.7051626945758498 7.7555287374907484 18.808472936507314 6.3921566391363731 15.944083091253558 13.323900343544663 1678.2242983728393 62.761721802307875
leaf_count=223099 3140 709 121 1690 4565 888 243 4949 217 38 568 337 100506 150846
internal_value=2.02937e-05 0.000256638 -0.0155213 0.000631847 0.0100921 -2.40228e-05 0.0163892 0.0319179 0.0197176 0.00252359 -0.011067 0.0475344 -0.000426206 -0.0141382
internal_weight=2010.58 1997.84 41.7179 1956.12 192.475 134.931 53.2962 57.5447 49.7892 30.9807 81.6345 19.0291 1763.64 85.4181
internal_count=491916 268817 3261 265556 12514 6601 5145 5913 964 747 1456 580 253042 152536
is_linear=0
shrinkage=0.04


Tree=172
num_leaves=15
num_cat=0
split_feature=44 53 18 45 7 0 1 2 2 0 39 0 7 1
split_gain=7.68153 15.6671 14.3619 17.4682 13.0818 11.5488 10.8112 12.6537 24.0819 15.8205 29.4139 14.8683 17.2 20.3233
threshold=0.10170858139604214 0.42598456250000005 0.96217514500000012 0.22002740500000001 238.50000000000003 1561.7795000000003 2.3608935000000004 2.7513640000000001 2.7395230000000006 720.25400000000013 0.35596371538418697 439.78550000000001 653.50000000000011 1.7816040000000004
decision_type=2 2 2 2 2 2 2 2 2 2 2 2 2 2
left_child=1 4 3 -3 -1 6 7 8 11 10 -9 -2 13 -13
right_child=5 2 -4 -5 -6 -7 -8 9 -10 -11 -12 12 -14 -15
leaf_value=0.020038223750716191 -0.0306430524252841 0.019230530105947274 -0.0002174443509588327 -0.025230964025005801 -0.018946244994582702 -0.031031311465360981 0.030376807843057751 -0.0066425445783997276 0.043431386335768575 -0.016509978754910264 0.033700518165791941 0.0055334447699261725 -0.001752664695046331 0.03997509129050679
leaf_weight=12.992769029922782 19.730657893327589 171.57403221726418 166.03573959425557 11.110321252024731 61.688336186110973 15.570816833398565 12.539465686699257 169.98994772684637 15.834315084408443 167.65641629843958 29.639770934874832 203.92327432301317 923.74498755633431 27.138282280333442
leaf_count=99 2784 1413 1427 87 568 93405 4067 27852 2961 86623 392 119371 134258 16609
internal_value=2.8771e-05 0.00478288 0.00834542 0.0159264 -0.0113321 -0.00125162 -0.000858752 -0.0012066 0.000803146 -0.00764346 2.44329e-05 4.67936e-05 0.000700994 0.0103397
internal_weight=2009.17 423.401 348.72 182.684 74.6811 1585.77 1570.2 1557.66 1190.37 367.286 199.63 1174.54 1154.81 231.062
internal_count=491916 3594 2927 1500 667 488322 394917 390850 275983 114867 28244 273022 270238 135980
is_linear=0
shrinkage=0.04


Tree=173
num_leaves=15
num_cat=0
split_feature=44 5 8 7 1 3 2 28 3 53 3 8 3 25
split_gain=7.40541 9.59354 7.34062 12.8392 22.7804 22.1572 32.3284 14.4157 12.914 16.2121 19.0951 12.2564 41.2984 17.8292
threshold=0.87090685137003565 252.75149550000003 0.18613093500000003 665.50000000000011 1.1389130000000003 1.4673025000000002 1.8851135000000003 0.56783068000000003 1.3238260000000002 0.25273271500000005 1.2008170000000002 0.41558532000000009 0.98921500000000007 1742.5000000000002
decision_type=2 2 2 2 2 2 2 2 2 2 2 2 2 2
left_child=1 -1 -3 4 -4 8 -7 -8 9 -6 -11 12 -5 -14
right_child=-2 2 3 11 5 6 7 -9 -10 10 -12 -13 13 -15
leaf_value=0.03593242043281409 -0.02729555163933382 -0.0096145206467455543 -0.015661038549055227 0.0044072867087609317 -0.012643531977055358 0.053894066084370494 -0.030552745443813773 0.020277936333534065 0.041327401632734823 0.032683584211184773 0.00049799471666032405 0.00083503711067478515 -0.031918298018450253 0.01934394002326896
leaf_weight=6.9821724742832876 10.740883158270661 113.69720859771951 47.399267851516925 161.08596538990241 26.057900006862837 6.2221574108807536 39.213325541859376 7.4649349191604406 33.488147850253881 71.481925096826672 48.259495624884948 1327.0856858155803 98.846366230030981 8.8097525522462075
leaf_count=15734 302248 25696 4489 19100 2825 953 6539 117 5803 10676 5650 78004 13887 195
internal_value=3.32066e-05 0.000248095 3.30542e-05 0.000641949 0.00846934 0.0136217 -0.00851924 -0.0212483 0.0202084 0.0141482 0.0202517 -0.00075157 -0.0084586 -0.027051
internal_weight=2006.84 1996.09 1989.11 1875.41 279.587 232.188 52.9004 46.6783 179.287 145.799 119.741 1595.83 268.742 107.656
internal_count=491916 189668 173934 148238 37052 32563 7609 6656 24954 19151 16326 111186 33182 14082
is_linear=0
shrinkage=0.04


Tree=174
num_leaves=15
num_cat=0
split_feature=13 3 43 39 0 0 48 3 3 8 11 14 15 1
split_gain=7.63671 9.48715 7.85436 11.0766 10.4453 20.1379 21.9944 24.4409 23.9166 32.8063 22.8675 20.5594 15.4705 21.3727
threshold=196.50000000000003 0.85154450000000015 1.0000000180025095e-35 0.21156294496593567 787.58500000000015 807.14650000000017 0.023249267500000021 1.4571805000000004 1.0538730000000001 0.46852035500000005 3617.3477665000005 23.500000000000004 78.500000000000014 1.2217280000000004
decision_type=2 2 2 2 2 2 2 2 2 2 2 2 2 2
left_child=2 -2 3 -1 -4 -6 -7 8 12 -10 -11 -12 13 -8
right_child=1 -3 4 -5 5 6 7 -9 9 10 11 -13 -14 -15
leaf_value=-0.0010119792724007418 -0.0045396442522087381 0.046096214367808773 0.0011542147303534368 0.018761976591002597 -0.025505979983358591 -0.020913792864608233 0.0093346190978593827 -0.020902739684450052 -0.0092883210701689527 0.045741434669394794 -0.024600070070911126 0.022856540787577703 0.011617627348117094 -0.020599257038257119
leaf_weight=102.3399831833085 9.5667077982725477 7.7082187177984443 1198.8685590099558 75.676410379353911 64.718446134142141 83.50972153872317 54.476237677376048 65.469245359223351 54.042879337710474 52.946184332320627 15.876620321918379 45.864274821455183 68.330301334253818 106.27024520843588
leaf_count=1117 466 518 124518 591 9749 336672 1013 3269 4378 2137 371 849 1047 5221
internal_value=3.88343e-05 0.02333 -0.000221527 0.00767703 -0.00101721 -0.00524917 -0.00264215 0.000839622 0.00463293 0.0158358 0.0275682 0.0097244 -0.00378069 -0.0104792
internal_weight=2005.66 17.2749 1988.39 178.016 1810.37 611.504 546.786 463.276 397.807 168.73 114.687 61.7409 229.077 160.746
internal_count=491916 984 490932 1708 489224 364706 354957 18285 15016 7735 3357 1220 7281 6234
is_linear=0
shrinkage=0.04


Tree=175
num_leaves=15
num_cat=0
split_feature=9 50 2 7 12 8 0 3 14 0 8 9 3 4
split_gain=7.35265 14.242 10.7574 10.1173 22.6004 21.0709 20.4357 17.3956 18.6721 16.4581 16.2846 15.4072 14.6963 14.6646
threshold=4.2925328600000006 4.5000000000000009 2.6788675000000004 2441.5000000000005 1.0000000180025095e-35 0.7415485850000002 614.41050000000007 1.0502990000000001 61.500000000000007 546.69600000000014 0.94776938000000011 3.1425681900000004 0.84968350000000015 1212.5000000000002
decision_type=2 2 2 2 2 2 2 2 2 2 2 2 2 2
left_child=3 -2 -3 11 13 -6 9 8 -8 -7 -9 -1 -10 -5
right_child=1 2 -4 4 5 6 7 10 12 -11 -12 -13 -14 -15
leaf_value=-0.0002401280061476251 -0.035179835421277908 0.019081148324069756 -0.025425086779479963 -0.029580519181306456 0.041163884759943155 -0.023497583202506233 0.005701626891262206 0.057148344895085038 -0.002288568007594844 0.034208758011885283 0.0086671150886167125 -0.020369294601061422 -0.036510355008899056 0.006042382467353803
leaf_weight=1468.6126065738772 22.041607794632 20.681196030345749 8.2361333703156543 38.028567231651323 26.699627505448007 5.5807683960065324 108.71970902725297 8.5145846684354165 41.174303131401757 52.759675287730715 77.962529208578417 58.476011857535923 35.565248726468781 29.904345328752242
leaf_count=447530 3572 220 83 12116 644 1136 7677 159 2994 898 8395 4739 1299 454
internal_value=3.91677e-05 -0.0142573 0.00452562 0.000447864 0.00586935 0.00990448 0.00680127 0.00199701 -0.00492671 0.0272695 0.0163033 -0.00107488 -0.019412 -0.01456
internal_weight=2002.96 50.9589 28.9173 1952 424.909 356.976 330.277 271.936 185.459 58.3404 86.4771 1527.09 76.7396 67.9329
internal_count=491916 3875 303 488041 35772 23202 22558 20524 11970 2034 8554 452269 4293 12570
is_linear=0
shrinkage=0.04


Tree=176
num_leaves=15
num_cat=0
split_feature=13 8 13 1 1 1 34 17 16 22 27 2 53 14
split_gain=7.32886 10.0118 9.11637 11.3475 12.1808 18.1968 22.9533 18.7051 17.8733 18.8663 11.3829 10.099 21.9641 18.5246
threshold=129.50000000000003 2.2199730800000004 92.500000000000014 2.3608935000000004 2.0820405000000006 2.0186950000000006 1.6742739537500004 5214.0000000000009 3497.5000000000005 0.89738150500000013 0.096699109999999991 2.3654035000000007 2.9992986950000007 70.500000000000014
decision_type=2 2 2 2 2 2 2 2 2 2 2 2 2 2
left_child=1 2 3 4 5 11 -7 10 9 -6 -8 -1 -13 -14
right_child=-2 -3 -4 -5 8 6 7 -9 -10 -11 -12 12 13 -15
leaf_value=0.0028667069704376123 0.010818380979651583 -0.031327307483914504 -0.0096309109659268883 0.032353546404350793 0.026931481467382664 -0.015426510001814626 0.063949746624985468 -0.010900191298950706 0.016038857281736766 -0.028097820076813777 0.018352300109478678 -0.00084652824874821456 -0.031559755966352396 0.015844939233234653
leaf_weight=919.55455658409483 91.062746019006227 11.713426489086485 146.94577681129158 12.804287761824524 7.4381470144999176 18.220825988320939 19.264584443008061 10.483577104751019 22.560571935786356 71.342764045857621 22.723368416074663 570.41690335064413 63.71976026559787 13.058730126591398
leaf_count=209627 4816 6886 7572 5012 36822 16099 296 71 1776 2360 131 195204 4895 349
internal_value=3.71115e-05 -0.00050374 -0.000231779 0.00058191 0.000255849 0.00110457 0.0202598 0.0329159 -0.0128647 -0.021605 0.0438517 0.000178579 -0.00363349 -0.0230212
internal_weight=2001.31 1910.25 1898.53 1751.59 1738.78 1637.44 70.6924 52.4715 101.341 78.7809 41.988 1566.75 647.195 76.7785
internal_count=491916 487100 480214 472642 467630 426672 16597 498 40958 39182 427 410075 200448 5244
is_linear=0
shrinkage=0.04


Tree=177
num_leaves=15
num_cat=0
split_feature=44 53 19 45 22 15 7 4 7 14 0 0 22 40
split_gain=7.38988 14.1447 13.1522 16.3126 12.4421 12.5331 12.3774 11.5673 11.6788 13.2105 10.877 9.84491 9.77516 18.0321
threshold=0.10170858139604214 0.42598456250000005 0.037816135000000008 0.22002740500000001 1.7904204950000002 42.500000000000007 238.50000000000003 1978.5000000000002 1153.5000000000002 10.500000000000002 1561.7795000000003 1003.3975000000002 0.78727159000000013 8.7891707000000014
decision_type=2 2 2 2 2 2 2 2 2 2 2 2 2 2
left_child=1 6 4 11 5 -3 -1 8 9 -6 12 -4 13 -2
right_child=10 2 3 -5 7 -7 -8 -9 -10 -11 -12 -13 -14 -15
leaf_value=0.019831854939690464 -0.0087042812909234931 0.026909915138593248 0.023454737854727944 -0.024507323410993584 -0.024194785685525983 -0.013395801161750407 -0.018082561955012424 0.015241146281416484 -0.025232739626945212 0.018909705986760356 -0.030552318352648308 7.9838108353942711e-05 -0.0025443267485503918 0.010786200793160656
leaf_weight=12.978815915063022 104.16946795973672 36.556096444372088 133.92771975498181 11.004244011943227 13.327693391591309 13.975990953156723 61.362470447318628 23.999083998030983 52.412233168492094 25.1355775014963 14.971922873244692 36.421273408574052 1212.4763250247688 248.09443268504401
leaf_count=99 332389 234 1028 87 114 87 568 258 511 223 93405 385 37638 24890
internal_value=4.07777e-05 0.00471708 0.00811179 0.0153987 -9.50428e-05 0.0155599 -0.0106307 -0.00734324 -0.0137913 0.00290867 -0.00121673 0.0186019 -0.000839612 0.00498143
internal_weight=2000.81 421.101 346.76 181.353 165.407 50.5321 74.3413 114.875 90.8755 38.4633 1579.71 170.349 1564.74 352.264
internal_count=491916 3594 2927 1500 1427 321 667 1106 848 337 488322 1413 394917 357279
is_linear=0
shrinkage=0.04


Tree=178
num_leaves=15
num_cat=0
split_feature=37 29 43 3 0 36 11 12 15 2 48 53 26 40
split_gain=7.23306 7.10407 7.92847 10.8883 10.2724 18.3029 17.5213 14.1097 13.6056 13.7023 15.2833 23.2843 15.115 17.8385
threshold=0.20677449285714289 -0.19921346500000003 1.0000000180025095e-35 1.6905570000000003 634.07350000000008 0.015948328650475217 4258.8470835000016 1.0000000180025095e-35 74.500000000000014 1.6645210000000004 0.012879357500000002 0.70690250500000018 287.50000000000006 13.274877600000003
decision_type=2 2 2 2 2 2 2 2 2 2 2 2 2 2
left_child=-1 -2 -3 4 5 -4 8 -8 9 -7 11 -11 13 -12
right_child=1 2 3 -5 -6 6 7 -9 -10 10 12 -13 -14 -15
leaf_value=-0.025945012035615958 -0.019442259163425218 0.0085913796362331735 0.055340249699843719 -0.017189265543290838 -0.0018184499415606562 -0.029184265475675004 -0.012714005268800543 0.031476158914775475 -0.01912196518701904 0.034531045223995187 -0.039787988017321134 -0.024952919104426936 0.0048600289872445593 0.0042769628243899118
leaf_weight=11.999829340857103 23.868087770539205 173.23332672170363 6.2317719725233465 53.760140031014089 1171.2914976767715 15.098060351956518 11.649961173276095 50.466171001589828 43.357016100511828 46.30485497513655 23.576219042177399 9.3870446139335382 330.14390966575229 28.481050789643632
leaf_count=223099 11552 1344 6014 9210 210415 729 345 800 1162 13414 4886 3727 4804 415
internal_value=3.5941e-05 0.00025759 0.000545911 -0.000254592 0.000317702 0.00472558 0.00367472 0.0228585 0.00106991 0.00319019 0.0046233 0.0232751 0.00164002 -0.0174175
internal_weight=1998.85 1986.85 1962.98 1789.75 1735.99 564.696 558.464 62.1161 496.348 452.991 437.893 55.6919 382.201 52.0573
internal_count=491916 268817 257265 255921 246711 36296 30282 1145 29137 27975 27246 17141 10105 5301
is_linear=0
shrinkage=0.04


Tree=179
num_leaves=15
num_cat=0
split_feature=13 3 43 45 3 7 26 9 39 1 3 17 8 30
split_gain=7.21706 8.92669 7.73877 19.7328 14.1422 15.7365 17.2612 18.0523 16.4413 15.253 15.1006 14.651 13.7943 12.7977
threshold=196.50000000000003 0.85154450000000015 0.61904502000000006 -0.059069999999999921 0.79843150000000007 1543.5000000000002 667.50000000000011 3.2338090350000006 0.065865437791672032 1.6347595000000001 1.4857955000000003 3197.5000000000005 0.7415485850000002 0.0066085020000000005
decision_type=2 2 2 2 2 2 2 2 2 2 2 2 2 2
left_child=2 -2 4 -4 11 8 -7 9 -6 12 -11 -1 -8 -5
right_child=1 -3 3 13 5 6 7 -9 -10 10 -12 -13 -14 -15
leaf_value=0.047521661375314113 -0.0044572264863448324 0.044545544062522514 -0.019170391061419476 -0.0097563759101699545 0.02070475262713229 0.019403712867311209 0.01958262496816647 -0.014117879590062464 -0.0056828806913153751 0.028388746478172685 -0.0097438096464799069 0.0085180561961519363 -0.012750643459998717 0.001876540846300366
leaf_weight=14.131696707801892 9.5635602739585028 7.8208663953355417 100.20642987239989 191.37221018371474 35.86351921025198 113.99740696232766 25.168890604516491 81.263726767385378 514.13105816079769 65.98336781328544 18.927791838301346 98.257538182195276 65.857712630124297 654.85850827223203
leaf_count=117 466 518 18210 406819 949 712 180 925 4158 563 142 820 707 56630
internal_value=2.83511e-05 0.0226139 -0.00022641 -0.00283201 0.00216165 0.000492689 0.00680602 0.000958899 -0.00379119 0.00812039 0.0198194 0.0152375 -0.00325634 -0.000796059
internal_weight=1997.4 17.3844 1980.02 946.437 1033.58 921.193 371.199 257.201 549.995 175.938 84.9112 112.389 91.0266 846.231
internal_count=491916 984 490932 481659 9273 8336 3229 2517 5107 1592 705 937 887 463449
is_linear=0
shrinkage=0.04


Tree=180
num_leaves=15
num_cat=0
split_feature=33 3 14 15 53 54 0 0 29 36 40 14 48 15
split_gain=7.39329 8.00694 12.2913 11.2427 10.3537 11.0122 10.0265 14.7552 14.3047 14.2452 14.2333 11.8095 13.3804 12.2501
threshold=-0.0025795526000000025 0.68480200000000013 17.500000000000004 36.500000000000007 2.4903600125000005 1.0000000180025095e-35 689.40950000000009 717.78350000000012 0.019955405000000013 0.030741640152779848 30.106476900000008 21.500000000000004 0.093803340000000054 13.500000000000002
decision_type=2 2 2 2 2 2 2 2 2 2 2 2 2 2
left_child=-1 2 3 -2 5 -4 9 -8 -9 -3 11 -11 13 -13
right_child=1 6 4 -5 -6 -7 7 8 -10 10 -12 12 -14 -15
leaf_value=0.0039053722283546154 0.056788419489408368 0.024739939283397312 0.0077034469134375236 0.0029560210259155324 0.028410851935627719 -0.02044254867031587 -0.020425664084612966 -0.02636960945455967 -0.0017507209393828468 -0.01005687575439866 0.01396983459467474 0.035771464265763803 -0.0080998731781691934 0.0050002895719052478
leaf_weight=562.26988337742841 9.1742308665216132 34.241165290026402 48.383479603102387 12.079729497791048 13.834535012765626 33.453966012904857 88.216852392004512 35.401055968432047 595.24227521862667 206.46199994891685 89.872821518059936 19.847458037997058 107.72497016886336 139.13273838762325
leaf_count=44653 8570 42074 1348 1398 1569 12459 10566 246812 102841 12057 929 731 751 5158
internal_value=3.84157e-05 -0.0014871 0.00833018 0.0325825 0.00159175 -0.0043168 -0.0023875 -0.00555388 -0.00332925 0.00143789 -0.000184515 -0.00299094 0.00256336 0.00981543
internal_weight=1995.34 1433.07 116.926 21.254 95.672 81.8374 1316.14 718.86 630.643 597.281 563.04 473.167 266.705 158.98
internal_count=491916 447263 25344 9968 15376 13807 421919 360219 349653 61700 19626 18697 6640 5889
is_linear=0
shrinkage=0.04


Tree=181
num_leaves=15
num_cat=0
split_feature=13 15 9 50 7 8 22 7 14 12 39 0 43 36
split_gain=6.97658 11.4878 10.085 14.3987 9.59607 11.551 17.9695 14.812 16.2782 14.1504 13.9781 14.9667 11.7001 15.2827
threshold=12.500000000000002 27.500000000000004 4.2925328600000006 5.5000000000000009 193.50000000000003 0.18084778500000001 0.30930284500000005 665.50000000000011 14.500000000000002 1.0000000180025095e-35 0.47742872255299512 1022.4180000000001 0.22937083999999999 0.030315313725301007
decision_type=2 2 2 2 2 2 2 2 2 2 2 2 2 2
left_child=1 -1 4 -4 -2 6 -6 8 -7 10 11 -10 13 -9
right_child=2 -3 3 -5 5 7 -8 12 9 -11 -12 -13 -14 -15
leaf_value=-0.017063603678089973 0.030336999545700547 0.0046782570105710335 -0.034752059302856166 0.0060175885715501856 0.029326276273517686 -0.0038229229680487469 -0.021524423461021725 0.043414079123417361 0.028525348765821423 -0.020773672925614686 -0.011010080680731161 -0.021160216435437935 -0.0017089796365150989 0.0047880454380901574
leaf_weight=87.896329053862246 12.958227613977213 63.8673651049412 25.120159936335767 23.332370152638759 8.7245798408148385 80.592851743153005 65.084208755555665 12.552233884111045 127.09702033145004 10.155701205510921 16.489326681301463 6.9399646275069236 1167.3070234979241 286.49652957078069
leaf_count=180822 3554 17372 3536 269 27857 30805 13557 156 10261 1283 123 8133 191760 2428
internal_value=4.53222e-05 -0.0080565 0.000732524 -0.016393 0.00123921 0.000943239 -0.0140344 0.0016297 0.0107068 0.0178898 0.0210824 0.0252844 0.000104845 0.0070966
internal_weight=1994.61 151.764 1842.85 48.4525 1794.4 1781.44 73.8088 1707.63 241.275 160.682 150.526 134.037 1466.36 299.049
internal_count=491916 198194 293722 3805 289917 286363 41414 244949 50605 19800 18517 18394 194344 2584
is_linear=0
shrinkage=0.04


Tree=182
num_leaves=15
num_cat=0
split_feature=13 3 2 2 0 49 11 48 4 11 50 0 2 53
split_gain=6.8293 8.33101 7.32553 22.4651 17.1365 22.6258 16.2196 15.5728 15.1779 17.7582 19.8651 12.0105 23.5579 28.9473
threshold=196.50000000000003 0.85154450000000015 2.7513640000000001 2.7395230000000006 720.25400000000013 3.5000000000000004 3270.2017260000007 0.069394682500000013 1170.5000000000002 2728.8325830000003 6.5000000000000009 910.58600000000013 3.0581260000000001 2.2332609500000005
decision_type=2 2 2 2 2 2 2 2 2 2 2 2 2 2
left_child=2 -2 3 -1 5 8 -6 -7 -4 -10 -11 12 13 -8
right_child=1 -3 4 -5 6 7 11 -9 9 10 -12 -13 -14 -15
leaf_value=0.00057953905654259809 -0.0043049063711423727 0.042949658390684098 -0.023756213064436874 0.039555946357109788 -0.031185584776130263 -0.018050227348118508 0.016954434549915538 0.019021600095478004 -0.027947329950452311 -0.013968622555965614 0.030146331086341668 -0.017510070040020979 0.035388827439893925 -0.028535403225153817
leaf_weight=1456.5356029874156 9.5407395850361372 7.960516357308733 56.841632877647498 19.054834944026879 50.638669817612026 17.203640481406183 37.476627486787038 117.667030529763 17.660843914665747 23.143958151689731 36.372844935394824 78.240301621159233 21.875463227142973 42.900682035116915
leaf_count=337899 466 518 27089 3823 106618 942 967 930 411 239 384 9600 993 1037
internal_value=4.43036e-05 0.0219567 -0.00020475 0.00121474 -0.00436428 0.00249814 -0.0122316 0.0138166 -0.00897952 0.00268683 0.0132385 -0.00621668 0.00283809 -0.00757459
internal_weight=1993.11 17.5013 1975.61 1475.59 500.022 268.89 231.132 134.871 134.019 77.1776 59.5168 180.493 102.253 80.3773
internal_count=491916 984 490932 341722 149210 29995 119215 1872 28123 1034 623 12597 2997 2004
is_linear=0
shrinkage=0.04


Tree=183
num_leaves=15
num_cat=0
split_feature=33 3 23 7 44 47 26 27 45 27 24 3 18 0
split_gain=6.78861 7.89851 8.48654 13.8385 7.97345 10.8922 10.5856 12.2697 17.1172 11.1831 9.42102 8.90839 8.13183 7.88203
threshold=-0.0025795526000000025 1.5720745000000003 0.21553785000000003 3048.5000000000005 0.42050185613730934 0.93258322000000016 744.50000000000011 -0.018930214999999969 -0.0094614249999999938 0.025484855000000018 1293.5000000000002 1.3826585000000002 0.96729817000000018 705.23750000000007
decision_type=2 2 2 2 2 2 2 2 2 2 2 2 2 2
left_child=1 2 3 -1 6 12 11 8 10 -9 -8 -4 -6 -10
right_child=-2 -3 4 -5 5 -7 7 9 13 -11 -12 -13 -14 -15
leaf_value=-0.026359121393272976 -0.0014208247223461855 -0.0093404216756818263 0.024180567589580652 0.029617630987268818 0.019914672435620184 -0.016957200004770051 0.00094923796827638205 -0.014768890949028186 0.014743314402833878 0.0059894426904836401 0.03973281480243436 0.0015658168205294263 -0.01550232567113272 -0.018421421359916441
leaf_weight=24.133781431442006 1429.2384692192481 60.923845885252376 97.0599841165822 4.8142347415996474 30.414718526434626 44.468216955763637 13.600583533465395 64.248602798033971 15.364317933795972 99.111128370044753 35.926726310135564 39.339185446035117 10.423505991979253 21.684410647721961
leaf_count=6646 447263 4952 668 225 17199 3812 321 504 460 525 472 296 7605 968
internal_value=4.3646e-05 0.00375085 0.00542073 -0.0140587 0.00675126 -0.00412673 0.00917526 0.00413165 0.0158607 -0.00237086 0.0301462 0.0179442 0.0101699 -0.00455013
internal_weight=1990.75 561.513 500.589 28.948 471.641 85.3064 386.335 249.936 86.576 163.36 49.5273 136.399 40.8382 37.0487
internal_count=491916 44653 39701 6871 32830 28616 4214 3250 2221 1029 793 964 24804 1428
is_linear=0
shrinkage=0.04


Tree=184
num_leaves=15
num_cat=0
split_feature=37 22 44 0 40 11 19 14 53 48 36 45 7 12
split_gain=6.71395 7.16732 19.8428 15.7597 14.4496 17.344 13.1543 12.9233 12.2082 15.9538 11.9733 12.3472 12.1224 15.7799
threshold=0.20677449285714289 0.78727159000000013 0.42050185613730934 480.35300000000007 11.108541800000005 1958.0011605000002 0.11185215000000001 14.500000000000002 0.36370390500000005 0.0077084650000000124 0.034971840058605215 0.24069597000000006 1675.5000000000002 1.0000000180025095e-35
decision_type=2 2 2 2 2 2 2 2 2 2 2 2 2 2
left_child=-1 4 6 -4 5 7 10 -2 9 -9 -3 12 13 -12
right_child=1 2 3 -5 -6 -7 -8 8 -10 -11 11 -13 -14 -15
leaf_value=-0.025372544430139393 -0.0082511186122621299 0.016216673413426804 0.017538354383435869 -0.016796949162642679 0.010769849254736071 -0.018865442179279397 0.03067693437721172 0.077409508575626465 -0.00043304182046657196 0.0013557808533745525 -0.00037379393819564506 -0.031059178297759182 0.0043967308901107964 -0.014338190118944345
leaf_weight=11.490838436601733 29.28476595938173 66.326949739508564 20.226154921405396 171.28576344710564 246.52484739464489 67.392683647576632 18.111077386536635 6.6120538852364934 14.505975711466816 7.4112178410505294 605.99313027219614 15.965093903389059 548.85321823968843 159.75048789326684
leaf_count=223099 92834 2439 1375 25231 16028 65458 147 14841 30871 5947 5394 254 4983 3015
internal_value=4.48815e-05 0.000256116 -0.000905733 -0.0128167 0.00522266 -0.0056936 0.000745802 0.00994007 0.0270589 0.0481363 0.000249707 -0.000603959 -0.000117813 -0.00336118
internal_weight=1989.73 1978.24 1606.51 191.512 371.732 125.207 1415 57.814 28.5292 14.0233 1396.89 1330.56 1314.6 765.744
internal_count=491916 268817 42838 26606 225979 209951 16232 144493 51659 20788 16085 13646 13392 8409
is_linear=0
shrinkage=0.04


Tree=185
num_leaves=15
num_cat=0
split_feature=18 2 19 1 26 25 15 49 53 7 7 7 2 0
split_gain=6.5696 11.4958 16.9679 17.6907 13.1029 10.4251 10.0016 9.87882 17.5346 15.2898 14.761 13.3566 13.5412 24.63
threshold=0.95108816500000015 1.7660510000000003 0.050894735000000003 1.9082905000000003 187.50000000000003 290.50000000000006 54.500000000000007 3.5000000000000004 0.27593119500000002 759.50000000000011 230.50000000000003 3145.5000000000005 2.3595700000000002 787.58500000000015
decision_type=2 2 2 2 2 2 2 2 2 2 2 2 2 2
left_child=1 4 -3 -4 -1 -6 -5 10 -9 -10 -2 -12 13 -13
right_child=7 2 3 6 5 -7 -8 8 9 -11 11 12 -14 -15
leaf_value=-0.022525220747371413 0.030270074083686361 0.018390213915277107 -0.0088248379944390262 -0.014091245837501829 0.060487833752899088 0.01497043560969127 0.022313433676210543 -0.01837031584491193 0.017139436211521249 0.0013566296521431199 -0.0066667084912805296 0.039614647533467461 -0.0066560514016713495 -0.013814005103837438
leaf_weight=5.3493683393317033 14.719818090079569 72.594796959315318 195.07270391419843 11.732145807865889 8.5666917436792556 32.942821796423232 50.485405456409353 55.98127299387852 113.02017550656274 591.51649451196045 736.0736584259721 34.620061627625546 47.127839052502168 18.030406177480472
leaf_count=2433 40861 17036 59851 14657 1041 2748 3365 3714 3305 10918 315191 1631 9663 5502
internal_value=4.60745e-05 0.00476547 0.00198178 -0.0029102 0.022282 0.0298571 0.0149112 -0.00106886 0.00223614 0.00399141 -0.00401974 -0.00480001 0.00863182 0.0217065
internal_weight=1987.83 376.744 329.885 257.29 46.8589 41.5095 62.2176 1611.09 760.518 704.537 850.572 835.852 99.7783 52.6505
internal_count=491916 101131 94909 77873 6222 3789 18022 390785 17937 14223 372848 331987 16796 7133
is_linear=0
shrinkage=0.04


Tree=186
num_leaves=15
num_cat=0
split_feature=33 3 14 15 53 54 32 8 0 0 32 36 0 40
split_gain=6.55673 7.79702 11.5888 10.5495 9.60647 10.25 9.34827 9.85691 8.86725 14.0837 13.5087 12.8662 13.1857 11.2809
threshold=-0.0025795526000000025 0.68480200000000013 17.500000000000004 36.500000000000007 2.4903600125000005 1.0000000180025095e-35 0.013231654000000001 0.47416739500000005 689.40950000000009 717.78350000000012 0.00066518016666666715 0.030741640152779848 685.89150000000006 30.106476900000008
decision_type=2 2 2 2 2 2 2 2 2 2 2 2 2 2
left_child=-1 2 3 -2 5 6 -4 -8 11 -10 -11 -3 13 -13
right_child=1 8 4 -5 -6 -7 7 -9 9 10 -12 12 -14 -15
leaf_value=0.0037050530297669795 0.055192685017634517 0.023266018021402927 0.027997371616730177 0.0029893415208956204 0.027545170831180306 -0.019687316616421764 0.021000646273875385 -0.019597944612592164 -0.0198461959266613 -0.025884433732936311 -0.0015732843560020446 -0.0038665709030426005 0.032274419440489241 0.011576496241293699
leaf_weight=559.67479006778376 9.2402378336737474 34.91614782328179 16.569321782921179 12.03867304178493 13.83206059635995 33.00936709047528 10.170628065476196 21.506575976440217 87.553225931127599 34.043314377589013 592.81250574717251 461.20677727064867 14.289150481938121 85.405599487974541
leaf_count=44653 8570 42074 1033 1398 1569 12459 129 186 10566 246812 102841 18340 389 897
internal_value=5.50885e-05 -0.00138479 0.00832455 0.0318465 0.0017328 -0.0040032 0.00756862 -0.00547701 -0.00227548 -0.00526539 -0.00308796 0.00132352 -0.000235899 -0.0013706
internal_weight=1986.27 1426.59 116.367 21.2789 95.088 81.2559 48.2465 31.6772 1310.23 714.409 626.856 595.818 560.902 546.612
internal_count=491916 447263 25344 9968 15376 13807 1348 315 421919 360219 349653 61700 19626 19237
is_linear=0
shrinkage=0.04


Tree=187
num_leaves=15
num_cat=0
split_feature=9 50 8 7 12 8 45 43 33 37 9 2 27 36
split_gain=6.65979 12.7167 9.7769 8.39747 20.9638 20.4493 19.4682 19.5036 17.17 13.9863 13.2664 12.3344 12.1634 14.5658
threshold=4.2925328600000006 4.5000000000000009 1.7297377250000003 2441.5000000000005 1.0000000180025095e-35 0.7415485850000002 0.0067750300000000161 0.61904502000000006 -0.0012479314000000007 0.53689567142857142 3.1425681900000004 1.8732025000000003 0.07282404000000002 0.095561586564990295
decision_type=2 2 2 2 2 2 2 2 2 2 2 2 2 2
left_child=3 -2 -3 10 9 -6 7 -7 -9 -5 -1 -12 -8 -14
right_child=1 2 -4 4 5 6 12 8 -10 -11 11 -13 13 -15
leaf_value=-0.00016906244029551084 -0.033791103671153865 -0.022596787210011685 0.019148483370554355 0.027984976032582504 0.04017141909308794 0.011553977811122084 -0.0027824158613690103 0.0077162627439109569 -0.021874279501786456 -0.020841304294651586 0.017424261449468268 -0.02678031544982562 0.069173958369604993 0.019071074597947931
leaf_weight=1457.8849377979113 21.310875941518134 9.3783944821334462 19.196036012290278 6.5294253576084875 26.51821057874804 123.10661284427624 21.503603265954553 48.093633142305407 75.426495522786354 60.13732345401877 8.8139740671467717 48.078842720600733 8.8804215050276962 50.456809286977659
leaf_count=447530 3572 57 246 8892 644 749 11541 1865 7669 3678 399 4340 294 440
internal_value=6.38487e-05 -0.0136769 0.00412254 0.000452343 0.00541716 0.00930601 0.00623999 0.000518839 -0.010501 -0.0144404 -0.000939669 -0.0190777 0.022647 0.0313626
internal_weight=1985.32 49.8853 28.5744 1935.43 420.653 353.986 327.468 246.627 123.52 66.6667 1514.78 56.8928 80.8408 59.3372
internal_count=491916 3875 303 488041 35772 23202 22558 10283 9534 12570 452269 4739 12275 734
is_linear=0
shrinkage=0.04


Tree=188
num_leaves=15
num_cat=0
split_feature=43 39 2 4 10 53 16 3 23 30 8 21 53 1
split_gain=6.53651 10.1841 10.3166 10.559 12.3413 17.1284 11.0964 9.92614 10.1867 19.2978 12.7168 12.2824 10.9955 11.5785
threshold=1.0000000180025095e-35 0.21156294496593567 1.7660510000000003 1133.5000000000002 2579.5000000000005 1.7668748300000003 3931.5000000000005 1.8357250000000003 0.24908577500000004 0.010094532000000002 0.46325701500000005 1.2594803750000001 4.2432694375000013 2.3608935000000004
decision_type=2 2 2 2 2 2 2 2 2 2 2 2 2 2
left_child=1 2 -1 -4 -5 -6 -7 8 9 -2 11 -11 13 -10
right_child=7 -3 3 4 5 6 -8 -9 12 10 -12 -13 -14 -15
leaf_value=0.023099849003873435 -0.032069132722237027 0.018066426943978548 -0.030932063813458588 0.024396003182173935 -0.030730584990077765 0.035653759194770276 -0.011670396239679744 -0.028213438578066508 0.00065860609457459116 0.0029916148362737417 0.012603210042800779 -0.04379114649715514 -0.019677783292493457 0.033945172784218464
leaf_weight=17.71802262251731 40.659545279567283 74.278586199507117 17.304999890853651 19.185741610359401 24.479787112213671 11.04589612549171 12.033362477086483 15.673964610195069 1622.6960350657855 18.746571272534315 49.408685150299789 11.253111961996181 37.192464927420588 11.898110018169062
leaf_count=161 255873 593 215 175 242 128 196 3801 218416 5484 2009 57 2170 2396
internal_value=6.90851e-05 0.00731602 -0.00100912 -0.00710305 0.000800264 -0.0101338 0.0132949 -0.000654973 -0.000336073 -0.0113478 0.000533386 -0.0183059 0.000486267 0.00100368
internal_weight=1983.57 176.046 101.768 84.0498 66.7448 47.559 23.0793 1807.53 1791.85 120.068 79.4084 29.9997 1671.79 1634.59
internal_count=491916 1710 1117 956 741 566 324 490206 486405 263423 7550 5541 222982 220812
is_linear=0
shrinkage=0.04


Tree=189
num_leaves=15
num_cat=0
split_feature=13 3 2 2 1 0 8 0 2 3 0 8 26 17
split_gain=6.45693 7.64514 6.96612 20.8477 17.2382 17.1553 20.5011 21.4208 16.5448 16.4805 23.4115 16.7861 15.3188 13.7868
threshold=196.50000000000003 0.85154450000000015 2.7513640000000001 2.7395230000000006 1.8892025000000003 857.54450000000008 0.30224213500000002 822.65150000000006 3.1361645000000005 1.1318275000000002 668.75350000000014 1.4149254400000004 1298.5000000000002 3582.5000000000005
decision_type=2 2 2 2 2 2 2 2 2 2 2 2 2 2
left_child=2 -2 3 -1 -4 6 8 9 -6 10 -8 12 -12 -11
right_child=1 -3 4 -5 5 -7 7 -9 -10 13 11 -13 -14 -15
leaf_value=0.00058849453127782182 -0.0040218806687339331 0.041321234841182081 -0.012823465760646477 0.038200907008583085 -0.030543564757176674 -0.014143153168134128 0.044749338266922088 0.065291049275610219 0.027686891953769548 -0.01020283633180427 -0.0089292730986657819 -0.02262993986195139 0.040367250552279875 0.029346800772143328
leaf_weight=1450.3617160709173 9.4607060517864756 8.0437749747707112 209.80439214692615 18.971989571461563 28.975022511192947 71.89700146006362 33.890730317305497 7.0221230317310974 5.9013612677881602 72.351127531117527 15.149791383857517 19.550695729771178 18.260001987204305 12.291814843367318
leaf_count=337899 466 518 61553 3823 13346 59345 2440 1141 3163 5006 2252 437 168 359
internal_value=6.14123e-05 0.0213658 -0.000182187 0.00120205 -0.00426125 0.00214789 0.00783486 0.0133338 -0.0184544 0.00941692 0.0211622 0.00350995 0.0197611 -0.00314293
internal_weight=1981.93 17.5045 1964.43 1469.33 495.094 285.29 213.393 178.516 34.8764 171.494 86.8512 52.9605 33.4098 84.6429
internal_count=491916 984 490932 341722 149210 87657 28312 11803 16509 10662 5297 2857 2420 5365
is_linear=0
shrinkage=0.04


Tree=190
num_leaves=15
num_cat=0
split_feature=44 3 51 45 23 0 0 7 39 0 50 22 45 28
split_gain=6.61497 12.6253 12.4605 11.0484 11.289 10.4164 12.1923 9.64969 9.43944 9.2053 14.786 12.6731 17.2091 19.3843
threshold=0.17563164833302702 0.76367250000000009 -0.0092398399999999974 -0.065218574999999904 1.7348539100000002 1534.1190000000004 1450.4200000000003 213.50000000000003 0.11029998264640127 1070.5350000000003 5.5000000000000009 0.80653819500000001 0.11020290500000009 0.1671931449999999
decision_type=2 2 2 2 2 2 2 2 2 2 2 2 2 2
left_child=1 -1 -3 8 -5 6 9 -6 -4 11 -11 12 13 -2
right_child=5 2 3 4 7 -7 -8 -9 -10 10 -12 -13 -14 -15
leaf_value=0.025641352032364933 -0.0044504122895023214 0.030259214962853363 -0.0086515165361308148 0.0035570027482722802 0.027926829637732593 -0.03020367564465317 0.036190254869488347 -0.010299913138007466 0.017342110942698066 -0.019338060097618282 0.026318486864245087 -0.0030286397114588472 -0.0064973653163227273 0.020944786091187738
leaf_weight=33.303546270821244 69.093669661957392 18.94635032559745 25.655313446884975 271.77823002636433 6.3837265139445654 15.004850371362407 8.8805729893165317 209.99473322363338 92.162382709328085 79.112457551787884 8.6890080381854187 889.62609006308594 109.48094976137145 142.52113621526769
leaf_count=255 207602 174 178 1586 54 99084 15181 2805 496 115391 488 29741 15875 3006
internal_value=7.70907e-05 0.00333903 0.00195639 0.000831084 -0.00184934 -0.00155299 -0.00111035 -0.00856685 0.0115601 -0.00150329 -0.0136452 -0.000570257 0.00618293 0.0127417
internal_weight=1980.63 658.224 624.921 605.974 488.157 1322.41 1307.4 216.378 117.818 1298.52 87.8015 1210.72 321.096 211.615
internal_count=491916 5548 5293 5119 4445 486368 387284 2859 674 372103 115879 256224 226483 210608
is_linear=0
shrinkage=0.04


Tree=191
num_leaves=15
num_cat=0
split_feature=0 37 3 0 15 25 23 10 42 26 39 9 27 9
split_gain=6.42324 14.3605 13.5434 10.3398 24.2488 15.0981 23.0592 12.2688 11.3153 11.7613 12.9121 11.1923 10.8281 10.679
threshold=439.78550000000001 1.508634578571429 1.3468545000000003 533.98000000000013 17.500000000000004 506.50000000000006 0.90406484500000006 1043.5000000000002 0.57253192000000019 536.50000000000011 0.23305456246843628 0.79273684000000011 0.15516773000000003 0.41936909000000006
decision_type=2 2 2 2 2 2 2 2 2 2 2 2 2 2
left_child=1 -1 -3 4 8 6 -6 -5 9 10 -2 12 -7 -8
right_child=3 2 -4 7 5 11 13 -9 -10 -11 -12 -13 -14 -15
leaf_value=-0.033399316203641533 -0.012530918484726854 0.029417856671505961 -0.028324327885168369 -0.026405026902155421 -0.005227315501767125 -0.012327130469832002 -0.0027556952949406239 -0.0001127346425490619 0.063128154573960246 0.039419163932107273 0.037330126159215167 -0.036898763286578373 0.021283164123858979 0.059245693756893647
leaf_weight=22.340924703281416 24.439766237570442 13.141111455624925 5.4370597194065331 23.873971472437006 34.209009330985282 48.330048895426444 5.2520521486294482 1720.1074442556883 8.7673863705604145 18.86851738684345 6.5886695561930528 15.646888974541069 16.592584386467934 13.87876988013886
leaf_count=3649 710 167 115 207622 5672 777 232 262936 8753 217 39 568 111 348
internal_value=8.43663e-05 -0.0147023 0.0100962 0.000433865 0.00910683 -0.000535718 0.0151745 -0.000547117 0.0294307 0.0182993 0.00176803 -0.0112154 -0.00282953 0.0451802
internal_weight=1977.47 40.9191 18.5782 1936.56 192.574 133.909 53.3398 1743.98 58.6643 49.897 31.0284 80.5695 64.9226 19.1308
internal_count=491916 3931 282 487985 17427 7708 6252 470558 9719 966 749 1456 888 580
is_linear=0
shrinkage=0.04


Tree=192
num_leaves=15
num_cat=0
split_feature=43 3 23 30 37 1 9 1 8 21 53 1 1 14
split_gain=6.27652 9.39354 9.53977 18.1048 11.9951 19.926 18.8321 12.4516 11.9788 11.4821 9.67322 11.0026 12.5411 21.2759
threshold=1.0000000180025095e-35 1.8357250000000003 0.24908577500000004 0.010094532000000002 0.44535626928571431 1.2303075000000001 0.84356564500000009 0.98151100000000013 0.46325701500000005 1.2594803750000001 4.2432694375000013 2.3608935000000004 2.1077430000000006 64.500000000000014
decision_type=2 2 2 2 2 2 2 2 2 2 2 2 2 2
left_child=-1 2 3 -2 5 6 7 -4 9 -5 11 12 -6 -14
right_child=1 -3 4 8 10 -7 -8 -9 -10 -11 -12 -13 13 -15
leaf_value=0.0072218485430202949 -0.03141343963782163 -0.027579311873200622 -0.0019558843250905649 0.0027610988233906443 0.00097139390649488445 -0.011475927519831284 -0.018326882228921763 0.075125595497266676 0.012149485635690174 -0.042539984991895409 -0.019016240236425137 0.032535871164894925 -0.024365259661793003 0.021665593641634121
leaf_weight=174.56016309536062 39.585191685558129 15.444886968266472 3.8667910700805832 18.720582153729087 1501.6936758274314 14.451352245033375 3.8094936589022828 12.00294609105549 49.327769273722879 11.219837341690434 36.885490618275071 11.925477280257835 66.789766402514942 16.488557828623016
leaf_count=1710 255873 3801 2580 5484 99056 96837 4485 10114 2009 57 1326 1177 7083 324
internal_value=8.95081e-05 -0.000619391 -0.000310038 -0.0110212 0.000483887 0.0223697 0.0445137 0.0603752 0.000421959 -0.0178732 -4.01763e-05 0.000456124 0.000113196 -0.0145405
internal_weight=1976.77 1802.21 1786.77 118.853 1667.91 34.1306 19.6792 15.8697 79.2682 29.9404 1633.78 1596.9 1584.97 83.2783
internal_count=491916 490206 486405 263423 222982 114016 17179 12694 7550 5541 108966 107640 106463 7407
is_linear=0
shrinkage=0.04


Tree=193
num_leaves=15
num_cat=0
split_feature=13 3 3 27 39 26 3 7 54 48 1 2 14 0
split_gain=6.22921 18.3416 12.4731 12.3722 12.0213 12.9635 10.5898 8.91219 10.0091 9.6707 11.6459 9.61273 15.1929 19.6466
threshold=12.500000000000002 0.92702800000000007 1.1022950000000002 0.030586779999999956 0.21156294496593567 1104.5000000000002 1.1723585000000003 193.50000000000003 1.5000000000000002 -0.030902294999999965 1.7179875000000002 2.3724420000000008 57.500000000000007 623.0205000000002
decision_type=2 2 2 2 2 2 2 2 2 2 2 2 2 2
left_child=1 3 -3 -1 5 6 -4 8 -2 10 -9 12 -11 -14
right_child=7 2 4 -5 -6 -7 -8 9 -10 11 -12 -13 13 -15
leaf_value=-0.013740451797091765 6.5684313956396366e-05 -0.034376056475290316 0.0098916931615395751 0.049662719772013642 0.013724693894864215 0.027210208085293335 -0.026464280950366428 -0.033951360525157431 0.059681672936720595 0.0058751604075336526 0.013738704609994962 -0.0020888235879369384 0.018384762676539403 -0.017267569191814207
leaf_weight=4.857502075341471 9.4040692353546529 27.132629527925019 13.348089972562773 9.0627974381659424 31.647466925223853 6.5260647050599792 56.777250308407019 21.539251194124521 3.6706996804041401 771.32006879495566 8.5919781228776611 886.33686347412004 28.115098527257942 97.517080581248592
leaf_count=38993 987 42958 17583 2513 851 302 94994 8915 2567 116089 4771 152858 687 6848
internal_value=8.25074e-05 -0.00763475 -0.0124003 0.0297538 -0.00562049 -0.013959 -0.0193463 0.000732665 0.0286824 0.000452835 -0.0203326 0.000859901 0.00376915 -0.00889067
internal_weight=1975.85 149.352 135.432 13.9203 108.299 76.6514 70.1253 1826.5 13.0748 1813.42 30.1312 1783.29 896.952 125.632
internal_count=491916 198194 156688 41506 113730 112879 112577 293722 3554 290168 13686 276482 123624 7535
is_linear=0
shrinkage=0.04


Tree=194
num_leaves=15
num_cat=0
split_feature=44 3 51 45 23 0 0 15 27 9 39 7 0 29
split_gain=6.24509 11.98 11.647 10.269 10.4009 9.94227 11.3592 9.78775 11.2708 8.97153 11.4041 8.83432 8.56242 24.6221
threshold=0.17563164833302702 0.76367250000000009 -0.0092398399999999974 -0.065218574999999904 1.7348539100000002 1534.1190000000004 1450.4200000000003 6.5000000000000009 0.10630494500000005 2.3598120150000006 0.12760019927775554 213.50000000000003 589.80750000000012 0.021799374999999989
decision_type=2 2 2 2 2 2 2 2 2 2 2 2 2 2
left_child=1 -1 -3 9 -5 6 7 8 -2 -4 -11 -6 -9 -14
right_child=5 2 3 4 11 -7 -8 12 -10 10 -12 -13 13 -15
leaf_value=0.025083809760503582 0.035334158830322294 0.029285599272767828 0.022436322598348997 0.0034366592420838897 0.026554066162711602 -0.029833166603478928 0.034819266778986259 0.0039298669337750223 -0.0065493257704680565 -0.024459588703138843 0.010568335276102321 -0.0098857200982467898 -0.031280298287315066 -0.0023724023106807359
leaf_weight=32.973369090352207 19.172571084804986 18.932021182496101 53.884931583423167 270.98104561155196 6.4766527125611892 14.530566512302356 8.9668503115790354 289.4857552085241 15.559413675398899 15.761136319721116 47.443422149866819 209.36128621554235 44.753815658486019 926.50684588273452
leaf_count=255 75584 174 349 1586 54 99084 15181 30106 707 97 228 2805 174042 91664
internal_value=8.54899e-05 0.00326122 0.00191537 0.000823902 -0.00176063 -0.00149988 -0.00107156 -0.0014529 0.018108 0.0112016 0.000680758 -0.00821582 -0.00206118 -0.0038578
internal_weight=1974.79 655.814 622.84 603.908 486.819 1318.98 1304.45 1295.48 34.732 117.089 63.2046 215.838 1260.75 971.261
internal_count=491916 5548 5293 5119 4445 486368 387284 372103 76291 674 325 2859 295812 265706
is_linear=0
shrinkage=0.04


Tree=195
num_leaves=15
num_cat=0
split_feature=13 3 3 14 53 7 50 18 53 8 33 27 44 36
split_gain=6.15108 7.29947 6.72701 10.3107 11.9288 10.6191 14.1971 11.8619 9.65843 9.35876 8.51958 8.57124 9.27395 14.6653
threshold=196.50000000000003 0.85154450000000015 0.68480200000000013 23.500000000000004 2.4903600125000005 809.50000000000011 6.5000000000000009 0.94578388000000013 3.3845408550000005 1.4611492350000004 -0.0029100848000000006 0.24751057000000004 0.27371725090554838 0.033844065225568883
decision_type=2 2 2 2 2 2 2 2 2 2 2 2 2 2
left_child=2 -2 3 9 5 -5 7 -7 -6 -1 -4 12 13 -12
right_child=1 -3 10 4 8 6 -8 -9 -10 -11 11 -13 -14 -15
leaf_value=0.031779633769630056 -0.0040391726039963622 0.040244451920667092 0.0036777979955000422 0.028118088832574811 0.042140134955628301 0.018533583010736664 0.025321182807657109 -0.023878905911028731 -0.018356235969843954 -0.012328239997629551 0.022104183949803177 0.0055080683200284565 -0.0075491212097309971 -0.0020438077115651778
leaf_weight=33.829761957315895 9.3922470334346162 8.125812713227786 489.07410504681684 8.4559717954462013 11.686894476750238 8.8286440334868512 10.505817473866044 57.824216274750142 2.4834008367979541 6.7480767126689889 38.284295590594411 181.07728140817562 538.52739814785127 567.16252763010561
leaf_count=13520 466 518 35536 1266 1343 2060 160 7903 166 444 781 3404 419452 4897
internal_value=9.02603e-05 0.0208769 -0.000148847 0.00813197 0.000886802 -0.00521877 -0.0103611 -0.0173598 0.0295155 0.0238968 -0.000810142 -0.00247423 -0.0037562 -0.000348312
internal_weight=1972.01 17.5181 1954.49 140.363 99.7849 85.6146 77.1587 66.6529 14.1703 40.5778 1814.13 1325.05 1143.97 605.447
internal_count=491916 984 490932 26862 12898 11389 10123 9963 1509 13964 464070 428534 425130 5678
is_linear=0
shrinkage=0.04


Tree=196
num_leaves=15
num_cat=0
split_feature=3 13 45 53 0 28 2 17 17 3 0 23 2 7
split_gain=6.20155 10.4821 11.7071 9.84107 9.60228 8.35775 10.0272 12.6508 17.0212 9.68106 8.06977 9.88432 15.9796 12.8904
threshold=1.5370215 26.500000000000004 0.14750021500000005 0.15111964000000003 1561.7795000000003 0.18241813999999992 2.2388075000000005 2229.5000000000005 2864.5000000000005 1.6331695000000004 1450.4200000000003 0.20967550500000001 2.2453390000000004 665.50000000000011
decision_type=2 2 2 2 2 2 2 2 2 2 2 2 2 2
left_child=4 3 5 -2 10 -3 -7 -8 -9 -10 11 12 -1 -13
right_child=1 2 -4 -5 -6 6 7 8 9 -11 -12 13 -14 -15
leaf_value=-0.026179200649398379 0.015893276274334171 -0.012305035949365111 -0.027090695462431855 -0.024366149273256844 -0.028874434599496169 0.027906240331549488 0.030856443327449492 -0.034666180212432708 -0.01372444053500641 0.023830852860631545 0.027437628113168581 0.0088332933518439592 0.0041366629326251248 -9.5075037710510828e-05
leaf_weight=49.294854560176645 7.9102763714790845 31.007466341386134 16.975607774807941 58.707931785060282 12.189820175341991 29.00292958386126 12.543170471148185 18.255022195837228 14.796400070903472 20.838862367760157 13.522850043899778 317.15095581409059 54.653091693702663 1313.6531523107151
leaf_count=53607 4349 6639 1933 25963 86288 181 154 146 116 134 19233 78707 96649 117817
internal_value=0.000101295 -0.00631247 -6.93243e-05 -0.0188099 0.00088222 0.00445092 0.0102365 0.00110907 -0.00784671 0.00846722 0.00117145 0.000888432 -0.0107816 0.00166296
internal_weight=1970.5 210.038 143.419 66.6182 1760.46 126.444 95.4364 66.4335 53.8903 35.6353 1748.27 1734.75 103.948 1630.8
internal_count=491916 39615 9303 30312 452301 7370 731 550 396 250 366013 346780 150256 196524
is_linear=0
shrinkage=0.04


Tree=197
num_leaves=15
num_cat=0
split_feature=0 37 3 0 11 51 10 2 8 15 42 16 14 43
split_gain=6.23524 13.6974 12.6298 8.97977 22.5865 14.2062 11.3782 11.3605 9.41288 16.0234 14.2844 14.2377 11.3822 9.3468
threshold=439.78550000000001 1.508634578571429 1.3468545000000003 533.98000000000013 2130.3565160000003 0.0068507900000000519 1043.5000000000002 1.6645210000000004 0.32149437000000008 14.500000000000002 0.57253192000000019 2158.5000000000005 12.500000000000002 1.4687532700000003
decision_type=2 2 2 2 2 2 2 2 2 2 2 2 2 2
left_child=1 -1 -3 4 7 -6 -5 -2 9 10 -9 -11 -10 -8
right_child=3 2 -4 6 5 -7 13 8 12 11 -12 -13 -14 -15
leaf_value=-0.032906226104805016 -0.024112910900405918 0.028315235130555529 -0.027691608533339233 -0.025759271515911487 -0.01633443950078645 0.023315704847329078 0.00058426729530286796 0.0089363471024978287 0.0011189021283761009 -0.018452718623508259 0.07176566573999632 0.023324177579428642 0.046584115058475907 -0.013402145132805045
leaf_weight=22.063060042748475 5.1211042674767659 13.147118949855214 5.2920716564985915 23.030564371770197 62.167086853431101 13.748573093776939 1638.1986347776474 16.126590918807782 11.849663193883314 29.341896514288237 5.8363537429740964 16.107892548841846 32.433445740676689 75.179152072941179
leaf_count=3649 626 167 115 207622 2578 320 50463 424 782 4147 6814 266 1470 212473
internal_value=9.39123e-05 -0.0145423 0.00976296 0.000437998 0.00851505 -0.00815665 -0.000480388 0.0192396 0.0221752 0.0113943 0.0358445 -0.00280233 0.0357659 -6.66358e-05
internal_weight=1969.64 40.5023 18.4392 1929.14 192.733 75.9157 1736.41 116.817 111.696 67.4127 21.9629 45.4498 44.2831 1713.38
internal_count=491916 3931 282 487985 17427 2898 470558 14529 13903 11651 7238 4413 2252 262936
is_linear=0
shrinkage=0.04


Tree=198
num_leaves=15
num_cat=0
split_feature=44 53 18 0 22 15 4 16 32 0 0 14 53 0
split_gain=5.98114 12.9341 11.9879 10.9397 10.687 11.7609 9.87884 10.244 9.78738 11.3775 9.03003 8.95035 8.62478 16.2893
threshold=0.10170858139604214 0.42598456250000005 0.96217514500000012 795.24950000000013 1.7904204950000002 42.500000000000007 1978.5000000000002 2853.5000000000005 0.0022165611666666667 773.6930000000001 1561.7795000000003 10.500000000000002 0.14676505250000002 569.74850000000004
decision_type=2 2 2 2 2 2 2 2 2 2 2 2 2 2
left_child=1 3 8 12 5 -4 7 11 9 -3 -2 -6 -1 -14
right_child=10 2 4 -5 6 -7 -8 -9 -10 -11 -12 -13 13 -15
leaf_value=0.0056789935720662514 -0.00071313787924197597 0.060436958306757486 0.025515313195274572 0.016769152739762105 -0.020546844805367469 -0.013590124818857154 0.014107270026269287 -0.024204705797271516 0.011247517564816458 -0.0090933499470550669 -0.029135546020514904 0.014822172516482142 0.0062709901259876402 -0.042424786674671894
leaf_weight=16.238247030880302 1542.1584298252119 8.9376693969825265 35.863165809307247 14.542831759899853 12.984398725209756 13.898200167110188 23.368586288532242 49.89995498477947 164.89758019335568 3.5565217576222485 13.101006446105201 26.630337830982171 14.809862412977962 27.728766412241384
leaf_count=127 394917 245 234 124 117 87 258 506 958 297 93405 225 131 285
internal_value=9.38761e-05 0.00434079 0.00762804 -0.0104183 -0.000259589 0.0143497 -0.00703515 -0.0130089 0.0146688 0.0437027 -0.00104516 0.00222589 -0.0179324 -0.0265949
internal_weight=1968.62 413.356 340.036 73.3197 162.645 49.7614 112.883 89.5147 177.392 12.4942 1555.26 39.6147 58.7769 42.5386
internal_count=491916 3594 2927 667 1427 321 1106 848 1500 542 488322 342 543 416
is_linear=0
shrinkage=0.04


Tree=199
num_leaves=15
num_cat=0
split_feature=18 2 19 26 26 45 39 25 16 39 3 1 45 51
split_gain=5.96403 10.5835 15.4992 16.6583 12.0105 11.3901 10.4667 9.30351 9.1358 11.2792 9.95546 7.75103 7.14618 14.7617
threshold=0.95108816500000015 1.7660510000000003 0.050894735000000003 1186.5000000000002 187.50000000000003 -0.017194459999999977 0.29616828215433172 323.50000000000006 3279.5000000000005 0.096539658888591687 1.2528015000000001 1.6886275000000002 0.15695614000000005 0.96578712000000011
decision_type=2 2 2 2 2 2 2 2 2 2 2 2 2 2
left_child=1 4 -3 6 -1 11 8 -6 9 -4 -11 -5 -2 -14
right_child=12 2 3 5 7 -7 -8 -9 -10 10 -12 -13 13 -15
leaf_value=-0.021855208519078642 -0.00013093967229838401 0.017622574059288385 -0.025927023246280389 0.0037174072930436664 0.054515487641004133 -0.0042261923491593006 0.0074369416241131135 0.013264186517789147 -0.028626409701407694 0.015042816421170301 -0.012280737218279242 0.041928554377728661 -0.017581547395266843 0.0097363621540102682
leaf_weight=5.2022451697739589 1452.9989035083199 72.242466612768112 29.072960399092153 14.49839538809101 10.703896904320571 28.468705600811518 45.898766007030645 30.837366606268915 41.540933034187219 38.407223197129497 37.030715180100742 19.891041729413701 98.942226111795208 41.703870257760173
leaf_count=2433 370156 17036 68734 226 1315 1103 556 2474 4227 1717 1103 207 16543 4086
internal_value=9.1436e-05 0.00460408 0.0019139 -0.0027932 0.0214227 0.0143635 -0.00863354 0.0286081 -0.0137629 -0.00681769 0.00170067 0.0283357 -0.000978109 -0.00942517
internal_weight=1967.44 373.795 327.051 254.809 46.7435 62.8581 191.951 41.5413 146.052 104.511 75.4379 34.3894 1593.64 140.646
internal_count=491916 101131 94909 77873 6222 1536 76337 3789 75781 71554 2820 433 390785 20629
is_linear=0
shrinkage=0.04


Tree=200
num_leaves=15
num_cat=0
split_feature=13 25 0 3 2 50 18 14 2 2 3 3 51 39
split_gain=5.97383 7.06431 6.50039 6.47313 10.391 11.3804 10.432 11.2292 9.64174 16.6613 9.79328 8.39824 9.80022 11.6963
threshold=196.50000000000003 1212.5000000000002 488.34000000000009 0.68480200000000013 2.7513640000000001 6.5000000000000009 0.95454885000000012 12.500000000000002 1.9973075000000002 1.7023345000000003 0.61126550000000013 0.55576850000000011 0.0039911649999999641 0.19302272526998246
decision_type=2 2 2 2 2 2 2 2 2 2 2 2 2 2
left_child=3 2 -2 4 8 6 -6 -8 9 -1 -11 -10 13 -13
right_child=1 -3 -4 -5 5 -7 7 -9 11 10 -12 12 -14 -15
leaf_value=0.036918579724113984 0.03182654638743334 0.039639780872946014 -0.018426855011821435 -0.00079321907914228773 0.011759742775573326 0.023079185492787677 0.022710489356109413 -0.0434343012429649 -0.010696354228926935 0.015180274806628574 -0.025336969303770735 0.052799216809249615 -0.0032248137309628996 0.0075637547839010775
leaf_weight=9.4143086816784471 0.98972086254798597 8.1196107626165013 8.4175350035038701 1809.2316683135559 8.4679499855492413 8.4584119356004503 1.7390417543183527 18.323562243665947 7.0467449597654186 10.063294690669862 24.92365023698585 24.685608421320467 10.770487546195907 15.97916517172416
leaf_count=1556 22 95 867 464070 2728 110 1595 4309 941 1066 3907 7492 2951 207
internal_value=9.24863e-05 0.0205731 -0.00392933 -0.000143851 0.00799314 -0.00931213 -0.0209247 -0.0343139 0.014358 5.35644e-05 -0.0132421 0.0243588 0.0296836 0.0377985
internal_weight=1966.63 17.5269 9.40726 1949.1 139.872 36.989 28.5306 20.0626 102.883 44.4013 34.9869 58.482 51.4353 40.6648
internal_count=491916 984 889 490932 26862 8742 8632 5904 18120 6529 4973 11591 10650 7699
is_linear=0
shrinkage=0.04


Tree=201
num_leaves=15
num_cat=0
split_feature=0 37 3 0 53 14 15 9 36 3 16 17 7 8
split_gain=5.97429 12.9192 12.0308 8.3469 22.0903 14.4254 13.047 21.1245 18.396 16.1927 15.2802 10.8759 12.0655 14.4222
threshold=439.78550000000001 1.508634578571429 1.3468545000000003 533.98000000000013 0.77596399750000011 173.50000000000003 17.500000000000004 0.41177011500000005 0.14900802952691564 0.82332150000000015 2181.5000000000005 1501.5000000000002 403.50000000000006 0.25105796500000005
decision_type=2 2 2 2 2 2 2 2 2 2 2 2 2 2
left_child=1 -1 -3 4 6 -6 -2 8 9 -8 -9 -5 -13 -14
right_child=3 2 -4 11 5 -7 7 10 -10 -11 -12 12 13 -15
leaf_value=-0.032276798454985996 0.029006011938341635 0.027360035874681533 -0.027395087989339952 -0.016016978390498 -0.028132401075970006 0.039626160120853675 0.010312713167122593 0.042005667633789122 0.023473492133452123 -0.038718483426156122 -0.00060047907762750155 0.017766102013338711 -0.017188372551798094 0.00038941134415332264
leaf_weight=21.729814590455135 56.089042866486125 13.193586029286964 5.2096778390696263 63.954144156467919 30.374325096783654 1.3967235097661603 13.262502436731664 25.628439869493377 13.851616070940507 28.64919939372885 23.790063624917821 55.267744409033185 73.479213937426721 1540.423055289677
leaf_count=3649 9338 167 115 280184 2591 17 772 1283 134 2806 486 3402 17111 169861
internal_value=0.000102489 -0.0142838 0.00931845 0.000438443 0.00821819 -0.0201704 0.0142492 0.00542089 -0.0110593 -0.0237576 0.0233244 -0.000449242 0.000193289 -0.000461501
internal_weight=1966.3 40.1331 18.4033 1926.17 193.042 31.771 161.271 105.182 55.7633 41.9117 49.4185 1733.12 1669.17 1613.9
internal_count=491916 3931 282 487985 17427 2608 14819 5481 3712 3578 1769 470558 190374 186972
is_linear=0
shrinkage=0.04


Tree=202
num_leaves=15
num_cat=0
split_feature=29 27 9 9 7 1 12 3 23 3 25 48 8 3
split_gain=5.86673 7.18104 6.64304 13.6551 8.50865 18.2112 14.4832 15.3263 18.6372 14.1387 12.2365 12.9255 11.4965 32.9277
threshold=-0.19921346500000003 -0.096246289999999887 0.16582821500000003 0.10896157500000002 665.50000000000011 1.1029820000000001 1.0000000180025095e-35 1.5605365000000002 1.0002290650000003 0.89791050000000017 889.50000000000011 -0.0021003274999999984 0.41558532000000009 0.98921500000000007
decision_type=2 2 2 2 2 2 2 2 2 2 2 2 2 2
left_child=-1 -2 3 -3 5 9 7 10 -9 -4 11 -7 13 -6
right_child=1 2 4 -5 12 6 -8 8 -10 -11 -12 -13 -14 -15
leaf_value=-0.018297296384052624 0.017084617949446244 0.013547721996888161 0.030220514386859906 -0.024571450676777153 0.003075775202815705 0.042435815983777346 -0.021957998828721112 0.022487490332148381 -0.032896883633165466 -0.023921500447464262 0.031564282628333697 0.0063512632538822921 0.00077560821999771948 -0.025643673609308228
leaf_weight=22.348898831824954 35.221774148682925 18.463741968759678 4.8327515520522857 41.050462997234717 158.2186155174868 13.112647627488512 16.358586792726783 11.602055848165948 19.717797208060801 41.17274099234055 57.812083741113383 155.73008259888411 1267.8269158072908 101.07991822965414
leaf_count=11597 3143 40737 1938 47988 55645 47387 5861 13908 415 8303 1448 76096 139757 37693
internal_value=0.000100529 0.000358673 5.87548e-06 -0.0126119 0.000445288 0.00631932 0.0102504 0.0126715 -0.0121091 -0.0158291 0.0162832 0.0102936 -0.000803485 -0.00839299
internal_weight=1964.55 1942.2 1906.98 59.5142 1847.46 320.339 274.333 257.975 31.3199 46.0055 226.655 168.843 1527.13 259.299
internal_count=491916 480319 477176 88725 388451 155356 145115 139254 14323 10241 124931 123483 233095 93338
is_linear=0
shrinkage=0.04


Tree=203
num_leaves=15
num_cat=0
split_feature=8 13 43 39 2 4 10 53 10 9 7 1 3 12
split_gain=5.86009 7.07657 6.17902 8.80835 9.04717 9.43206 10.9091 16.2887 9.68187 8.73019 9.76077 22.2167 18.1677 15.8912
threshold=2.0953895900000004 156.50000000000003 1.0000000180025095e-35 0.21156294496593567 1.7660510000000003 1133.5000000000002 2579.5000000000005 1.7668748300000003 4227.5000000000009 0.14967609500000004 665.50000000000011 1.1029820000000001 0.89791050000000017 1.0000000180025095e-35
decision_type=2 2 2 2 2 2 2 2 2 2 2 2 2 2
left_child=2 -2 3 4 -1 -6 -7 -8 -9 -4 11 12 -11 -13
right_child=1 -3 9 -5 5 6 7 8 -10 10 -12 13 -14 -15
leaf_value=0.022463589419816434 -0.027469881831801841 0.017875413773471044 -0.018138318358825314 0.017962586724594113 -0.029422300069828086 0.023432785803124891 -0.02941064311412931 0.032222545792770417 -0.013394006753896395 0.033584037146024967 -0.0013405906301078541 0.01320816188872302 -0.027358137673602768 -0.022974645398063598
leaf_weight=17.256645152461715 18.567400638607982 3.4174776007639585 38.064713615866822 69.385500244330615 16.052801785990596 19.019385466352105 23.966024073539302 12.670438582543285 9.1308332163607684 5.0166781096486366 1414.8181014025249 258.7171141375029 41.077799213004255 16.463759362187375
leaf_count=155 9218 400 75448 575 182 175 242 143 143 2314 233282 153972 9092 6575
internal_value=9.76304e-05 -0.018415 0.000354008 0.00758196 -0.000275548 -0.00615535 0.00130469 -0.00929321 0.0141828 -0.000347705 9.33315e-05 0.00633175 -0.0180881 0.010672
internal_weight=1963.62 21.9849 1941.64 167.482 98.0961 80.8395 64.7867 45.7673 21.8013 1774.16 1736.09 321.275 46.0945 275.181
internal_count=491916 9618 482298 1615 1040 885 703 528 286 480683 405235 171953 11406 160547
is_linear=0
shrinkage=0.04


Tree=204
num_leaves=15
num_cat=0
split_feature=0 38 3 15 48 21 43 45 30 39 36 42 45 0
split_gain=5.90502 12.2158 16.9433 8.00271 9.94656 11.2529 7.3403 17.7657 11.5205 12.2364 21.3095 23.5199 17.8813 17.7577
threshold=439.78550000000001 1.6295460600000002 1.1318275000000002 5.5000000000000009 0.010011642499999996 0.26562682500000007 0.61904502000000006 -0.059069999999999921 0.0066085020000000005 0.14967282093457498 0.062632909309461998 0.48976164000000005 0.071199894999999916 760.28400000000011
decision_type=2 2 2 2 2 2 2 2 2 2 2 2 2 2
left_child=1 -1 -3 4 5 -2 -5 -8 -9 10 -10 13 -13 -12
right_child=3 2 -4 6 -6 -7 7 8 9 -11 11 12 -14 -15
leaf_value=-0.036537448651888862 -0.012422715686642369 0.037944798088315849 -0.019762993311935817 0.0024764173411970548 0.0015637662812884323 0.065455055098359013 -0.018174265353402205 -0.0093930267523681527 -0.0095226938834135459 -0.0019552408392448126 -0.0023469112259190666 0.058630374347313427 -0.012728977836068689 0.028501516015942644
leaf_weight=16.03351761607064 2.1943958440788291 8.8127481446426845 14.976721128361531 985.32232191125513 19.207206654888068 5.7106736684663701 97.634262800123906 176.77904628825672 62.196206103280929 420.86218545744487 80.610164199781138 24.995721232457075 4.9793757386323696 41.794218259194167
leaf_count=3598 61453 99 234 8965 7907 10425 17412 331075 37215 7134 1004 2034 2592 769
internal_value=9.24812e-05 -0.0142603 0.00449199 0.000426045 0.0202274 0.0473995 9.02872e-05 -0.00249318 -0.00050854 0.00201716 0.00967562 0.0175653 0.0466513 0.00889127
internal_weight=1962.11 39.823 23.7895 1922.29 27.1123 7.90507 1895.17 909.851 812.217 635.438 214.576 152.379 29.9751 122.404
internal_count=491916 3931 333 487985 79785 71878 408200 399235 381823 50748 43614 6399 4626 1773
is_linear=0
shrinkage=0.04


Tree=205
num_leaves=15
num_cat=0
split_feature=13 3 3 50 14 53 53 53 13 47 33 3 3 1
split_gain=5.81755 6.74538 6.12146 9.30629 12.3397 10.8061 14.6397 12.4364 8.49797 8.2967 7.73825 8.00336 16.0404 14.5657
threshold=196.50000000000003 0.85154450000000015 0.68480200000000013 6.5000000000000009 14.500000000000002 0.44133724500000004 2.4903600125000005 3.3845408550000005 87.500000000000014 0.75642939750000016 -0.0029100848000000006 1.1022950000000002 1.0895060000000003 2.3067125000000002
decision_type=2 2 2 2 2 2 2 2 2 2 2 2 2 2
left_child=2 -2 3 4 9 8 -7 -8 -6 -1 -4 12 -12 -13
right_child=1 -3 10 -5 5 6 7 -9 -10 -11 11 13 -14 -15
leaf_value=-0.013517588895996814 -0.0037698407592975732 0.038923987961122501 0.0035135441109045182 0.031998307583743585 0.025601851054734955 -0.018127259862074183 0.038996438861284698 -0.022618878580749516 -0.019626791490762355 0.042892877914116667 -0.0042365494473756513 -0.00019436774999520649 -0.036490340634944732 0.040668925745415398
leaf_weight=2.8640587741083428 9.3306591237596894 8.1194811276072851 486.92466159601008 16.667386873974465 25.176756787031085 62.844518203039115 11.007994512337971 3.8930966322659506 4.5486176326521663 12.721416977918123 615.67987383246782 671.07225329188805 20.8518330642828 9.2522594847287092
leaf_count=8410 466 518 35536 281 7132 9015 1398 202 270 154 204179 214183 5437 4735
internal_value=9.45853e-05 0.0203401 -0.000138921 0.00777743 0.00337554 -0.00196993 -0.00974955 0.0212603 0.0168514 0.0317612 -0.000771938 -0.00236385 -0.0055693 0.000654022
internal_weight=1960.95 17.4501 1943.5 139.724 123.056 107.471 77.7456 14.9011 29.7254 15.5855 1803.78 1316.86 636.532 680.325
internal_count=491916 984 490932 26862 26581 18017 10615 1600 7402 8564 464070 428534 209616 218918
is_linear=0
shrinkage=0.04


Tree=206
num_leaves=15
num_cat=0
split_feature=3 28 14 3 3 13 0 7 43 6 43 8 7 16
split_gain=5.90935 9.20965 11.5516 11.3916 10.3764 9.76647 8.80653 8.1146 7.74818 7.66461 7.56987 16.3172 25.1271 12.9425
threshold=1.5370215 0.45925594500000005 25.500000000000004 1.6750335000000003 1.6750335000000003 45.500000000000007 1561.7795000000003 2340.5000000000005 1.0000000180025095e-35 1.5186766100000002 0.61904502000000006 0.71174877000000014 2388.5000000000005 2981.5000000000005
decision_type=2 2 2 2 2 2 2 2 2 2 2 2 2 2
left_child=6 2 4 -3 -2 9 10 -7 -6 -4 -1 12 13 -12
right_child=1 3 5 -5 8 7 -8 -9 -10 -11 11 -13 -14 -15
leaf_value=0.00379567532370156 -0.034809248559602921 0.022384598179595389 -0.012369222905984396 -0.0084892374925367772 0.01841357336668414 -0.023188204523294932 -0.028200722341625892 0.015922656055383545 -0.017373758414163068 0.024977128003788894 0.0039642538292096567 -0.0089813365428576247 0.03694167602230098 -0.009959045404739162
leaf_weight=859.73078388610156 40.471271608859752 29.702220390379807 9.0158697007745996 38.358688915006496 10.836116519290956 27.331980771258714 11.532008911540286 7.5485857446228684 20.281602506904164 24.113675452390453 417.62372936839711 299.04421266322424 26.931825835934433 137.96162852518228
leaf_count=7568 18202 299 3118 489 85 1305 86288 1023 14780 314 297503 50767 2668 7507
internal_value=0.000101091 -0.00619697 -0.0119403 0.00559414 -0.0225941 5.33736e-05 0.000862738 -0.013789 -0.00408766 0.0145244 0.00113541 -0.00146576 0.00243608 0.000448864
internal_weight=1960.48 207.66 139.599 68.0609 71.589 68.0101 1752.82 34.8806 31.1177 33.1295 1741.29 881.561 582.517 555.585
internal_count=491916 39615 38827 788 33067 5760 452301 2328 14865 3432 366013 358445 307678 305010
is_linear=0
shrinkage=0.04


Tree=207
num_leaves=15
num_cat=0
split_feature=9 50 8 7 12 2 9 48 0 10 21 2 2 19
split_gain=5.78201 11.4558 9.20746 8.41978 19.6115 19.8037 20.7811 18.1683 17.6467 16.2688 16.9751 14.5645 15.1552 15.0365
threshold=4.2925328600000006 4.5000000000000009 1.7297377250000003 2441.5000000000005 1.0000000180025095e-35 3.1527325000000004 2.0455095400000003 0.080180492500000047 643.19900000000018 4999.5000000000009 2.4925056250000002 1.8364195000000001 2.6851510000000007 0.033282775000000007
decision_type=2 2 2 2 2 2 2 2 2 2 2 2 2 2
left_child=3 -2 -3 -1 -5 6 7 -6 -8 11 -11 -10 -13 -14
right_child=1 2 -4 4 5 -7 8 -9 9 10 -12 12 13 -15
leaf_value=-0.00094453873851538055 -0.032407194934172885 -0.02194391755507534 0.018831306704859031 -0.013924005733243624 0.048315915122095161 -0.034972328216823369 0.023782064103918279 0.01055882642014206 -0.019739403620716182 -0.01661571371303917 0.02624977231153295 0.033942126036092056 -0.039460773871155826 0.013739006598137494
leaf_weight=1495.9547054084996 20.377124285012542 9.247910815553043 18.740017421019729 65.387272105749616 34.350312212492099 10.787743060051069 57.064154689123825 50.073000230251637 14.832723900568451 96.810285836416369 12.703093830961732 40.718194541898811 6.9672398552211261 24.409602501724294
leaf_count=452269 3572 57 246 12570 3332 864 1952 358 1423 6262 95 5977 1000 1939
internal_value=9.47371e-05 -0.0128923 0.00407423 0.000456388 0.00546815 0.00924976 0.0111508 0.027764 0.00518819 -0.000669375 -0.0107145 0.0118801 0.0192437 -0.00187421
internal_weight=1958.42 48.3651 27.9879 1910.06 414.104 348.716 337.929 84.4233 253.505 196.441 109.513 86.9278 72.095 31.3768
internal_count=491916 3875 303 488041 35772 23202 22338 3690 18648 16696 6357 10339 8916 2939
is_linear=0
shrinkage=0.04


Tree=208
num_leaves=15
num_cat=0
split_feature=0 38 3 15 2 1 28 2 19 0 12 23 9 26
split_gain=5.61761 11.7347 16.0398 7.62197 13.4771 24.2931 7.06355 7.37849 14.5953 13.4727 11.3712 15.681 16.63 15.1358
threshold=439.78550000000001 1.6295460600000002 1.1318275000000002 5.5000000000000009 1.7961265000000002 1.3317330000000001 -0.038203009999999989 1.7660510000000003 0.051331545000000013 1242.1325000000004 1.0000000180025095e-35 1.2354785750000004 0.84356564500000009 675.50000000000011
decision_type=2 2 2 2 2 2 2 2 2 2 2 2 2 2
left_child=1 -1 -3 4 -2 -6 -5 8 10 -9 11 12 -8 -12
right_child=3 2 -4 6 5 -7 7 9 -10 -11 13 -13 -14 -15
leaf_value=-0.03601717616662034 -0.023375159438562446 0.036812561794843851 -0.019319207537351418 -0.011678733587940051 0.069171627937898009 -0.004889031522791268 0.0010262022444352088 0.00027954661566685483 0.030334806888014487 -0.02111439679781919 0.03798474676290612 0.024121998067721143 -0.029981707668498753 -0.013172433770805854
leaf_weight=15.736377653180169 5.3153839260276099 8.8594400974106993 14.907910212001296 73.306634523178218 8.976854604670736 13.136938062046282 97.439850738457608 1551.4175930299843 32.017129126325017 43.568197891765521 23.116807316446284 25.293577275588177 33.47939533572935 10.725617388452518
leaf_count=3598 6095 99 234 57861 12156 61534 13896 197418 3874 128730 2643 210 3137 431
internal_value=9.00871e-05 -0.0139599 0.00436594 0.000415045 0.019643 0.0323868 8.49657e-05 0.000590301 0.00733669 -0.000369001 0.0027841 -0.00197138 -0.00771454 0.022163
internal_weight=1957.3 39.5037 23.7674 1917.79 27.4292 22.1138 1890.36 1817.06 222.072 1594.99 190.055 156.213 130.919 33.8424
internal_count=491916 3931 333 487985 79785 73690 408200 350339 24191 326148 20317 17243 17033 3074
is_linear=0
shrinkage=0.04


Tree=209
num_leaves=15
num_cat=0
split_feature=25 15 36 0 2 2 2 43 10 16 50 39 45 29
split_gain=5.76272 13.7817 16.3729 13.138 16.7632 24.4606 15.645 12.4236 12.4089 11.1327 11.0252 12.1334 10.5904 10.1888
threshold=1603.5000000000002 77.500000000000014 0.036945105257821319 995.80050000000017 2.2324455000000003 2.1359080000000006 1.6645210000000004 1.0914833700000004 4788.5000000000009 4606.5000000000009 5.5000000000000009 0.11562165704051912 0.062529305000000049 -0.19921346500000003
decision_type=2 2 2 2 2 2 2 2 2 2 2 2 2 2
left_child=3 2 9 13 5 6 -5 -7 -3 -2 -4 -12 -13 -1
right_child=1 8 10 4 -6 7 -8 -9 -10 -11 11 12 -14 -15
leaf_value=-0.027446693500619682 0.047714642865498744 0.03197228229129092 -0.02092158842134647 0.023715516153975717 -0.026522781772149378 0.062367383115913916 -0.016507198512292175 -0.013793413349193512 0.0049181752554086832 -0.0086194422372123016 -0.016215705103551088 0.019134732502630515 -0.021559443124580312 0.00075307375819770876
leaf_weight=15.782550577448999 11.180064061512896 41.492895766947186 50.897812478178821 14.796532200572072 64.141001370545382 8.0897584443737269 70.625333478645189 2.5390180810281882 70.525917207029124 6.5585493217295143 33.716836303996388 50.368879246394499 8.1842495620367099 1507.0883758400114
leaf_count=7967 869 893 1127 6604 168657 130 68174 16511 1305 440 945 499 209 217586
internal_value=8.98838e-05 0.00542687 -0.00210764 -0.000789072 -0.0115036 -0.000658009 -0.00861382 0.0455816 0.0158772 0.0295707 -0.00689805 0.0015154 0.012198 0.000371957
internal_weight=1955.99 272.925 160.906 1683.06 160.192 96.0506 85.4219 10.6288 112.019 17.7386 143.168 92.27 58.5531 1522.87
internal_count=491916 6287 4089 485629 260076 91419 74778 16641 2198 1309 2780 1653 708 225553
is_linear=0
shrinkage=0.04


Tree=210
num_leaves=15
num_cat=0
split_feature=13 13 52 1 1 1 34 14 43 47 16 40 23 3
split_gain=5.65002 8.51714 8.88701 8.48068 10.4222 17.9488 18.8703 14.2938 12.7828 13.4189 12.4819 11.4636 9.77976 8.4116
threshold=129.50000000000003 92.500000000000014 -0.0032099799999999973 2.3608935000000004 2.0678425000000007 2.0186950000000006 1.6742739537500004 65.500000000000014 1.0000000180025095e-35 1.3050166725000003 4990.5000000000009 14.395349899999998 0.67406079500000005 1.5370215
decision_type=2 2 2 2 2 2 2 2 2 2 2 2 2 2
left_child=1 3 -3 4 5 13 -7 8 -6 12 11 -8 -10 -1
right_child=-2 2 -4 -5 7 6 10 -9 9 -11 -12 -13 -14 -15
leaf_value=0.0011191810364626761 0.0096689904201383778 0.0075996841205507324 -0.014814773985164148 0.027826912806741103 0.0097864920298196302 -0.013549433839190373 0.062234109474693433 0.02526879537928152 -0.018372137336428191 -0.030473834881047074 -0.0070551754661957603 0.015040480023887888 0.037699548458229828 -0.0081382341606507456
leaf_weight=1366.9830105117835 88.804362794116969 33.904483655437616 111.64513835550952 12.859875451454171 20.095809707650915 15.673733766428084 17.882475928054191 10.350015329016058 5.3082656138440125 65.264497541211313 8.5586543847457488 19.486448182491586 5.4041475099838863 172.34289702427759
leaf_count=380302 4816 1985 6898 5116 182 12429 265 562 40117 1649 67 105 2667 34756
internal_value=8.95532e-05 -0.000391022 -0.00951453 0.00040627 0.000119086 0.000939533 0.0212696 -0.0117113 -0.0167482 -0.0239375 0.0333159 0.0423036 0.01291 5.97279e-05
internal_weight=1954.56 1865.76 145.55 1720.21 1707.35 1600.93 61.6013 106.423 96.0727 75.9769 45.9276 37.3689 10.7124 1539.33
internal_count=491916 487100 8883 478217 473101 427924 12866 45177 44615 44433 437 370 42784 415058
is_linear=0
shrinkage=0.04


Tree=211
num_leaves=15
num_cat=0
split_feature=9 50 2 7 43 12 9 14 10 11 3 11 15 13
split_gain=5.54047 10.7421 8.98504 7.83588 18.1227 16.3725 19.2099 22.303 18.1435 17.2519 15.9775 13.0412 16.9452 15.0476
threshold=4.2925328600000006 4.5000000000000009 2.6788675000000004 2441.5000000000005 1.3211734100000003 1.0000000180025095e-35 2.0455095400000003 52.500000000000007 4999.5000000000009 3553.3006025000009 0.84968350000000015 3899.5634590000004 41.500000000000007 48.500000000000007
decision_type=2 2 2 2 2 2 2 2 2 2 2 2 2 2
left_child=3 -2 -3 -1 5 -5 7 9 11 -7 -9 12 -8 -13
right_child=1 2 -4 4 -6 6 8 10 -10 -11 -12 13 -14 -15
leaf_value=-0.00090295710938574365 -0.031707522062068103 0.017386287854236526 -0.023738507961649793 -0.01110508092263931 -0.021913635318852612 -0.0015370325145443928 0.030908955835145333 0.023841489133103761 -0.004997133988767893 0.057243114543035822 -0.024487272004934231 8.2541812439790297e-05 -0.026228123766480295 0.033884568071285676
leaf_weight=1493.1136779292119 20.079241061957873 19.892667720981994 7.9928795929299659 58.081641629658407 31.167014103437396 9.7243571022117958 7.8897069875965853 19.872641929774545 126.19729939996614 33.999233155453112 14.596143036374995 30.821646315322141 18.895546409141389 61.780849585200485
leaf_count=452269 3572 220 83 1423 29747 106 71 245 1873 366 150 519 261 1011
internal_value=9.60429e-05 -0.0126658 0.00378159 0.00044947 0.00529089 0.00776583 0.0112684 0.0279226 0.00551453 0.0453539 0.00286669 0.01638 -0.00718346 0.0232145
internal_weight=1954.1 47.9648 27.8855 1906.14 413.026 381.859 323.777 78.1924 245.585 43.7236 34.4688 119.388 26.7853 92.6025
internal_count=491916 3875 303 488041 35772 6025 4602 867 3735 472 395 1862 332 1530
is_linear=0
shrinkage=0.04


Tree=212
num_leaves=15
num_cat=0
split_feature=24 3 25 45 1 1 1 21 2 8 1 1 14 12
split_gain=5.49877 17.6401 14.2106 11.2225 9.81138 12.0627 15.9178 17.2309 11.1806 21.46 18.2707 15.1829 16.218 20.2317
threshold=1773.5000000000002 1.1723585000000003 2177.5000000000005 0.047800510000000025 2.3608935000000004 2.1077430000000006 2.0186950000000006 1.7090645450000002 2.4155185000000006 1.0294273200000001 1.5568450000000003 1.7321605000000002 55.500000000000007 1.0000000180025095e-35
decision_type=2 2 2 2 2 2 2 2 2 2 2 2 2 2
left_child=4 3 -3 -2 5 6 8 -8 11 -10 -11 12 13 -1
right_child=1 2 -4 -5 -6 -7 7 -9 9 10 -12 -13 -14 -15
leaf_value=-0.0012871525428615764 0.0056682494315296265 0.040590080815730858 -0.018675037951044568 -0.014714697625368447 0.02909740042248567 -0.016420627534349724 -0.0081369230426225365 0.031810460261962784 -0.0012955724276019387 0.009320902490762277 -0.027114225129249384 0.027776644528792555 -0.013324709806514786 0.012850299021129646
leaf_weight=623.12308294613376 194.57919763935934 28.320599923856207 4.9231034536496727 50.196535780218255 12.415176977607187 73.220952782580753 24.186076636825419 43.505376673245337 413.8531868050286 25.043581706958321 101.84188141328104 28.596473976844209 115.32755552840354 213.48677990983197
leaf_count=191749 3166 405 229 1367 5131 36277 21911 433 171368 4364 15180 7993 8720 23623
internal_value=9.37211e-05 0.00525136 0.0305193 0.0012774 -0.00077564 -0.00108536 -0.000329408 0.0179594 -0.00119937 -0.0057895 -0.0198422 0.00134851 0.000413612 0.00237536
internal_weight=1952.62 278.019 33.2437 244.776 1674.6 1662.18 1588.96 67.6915 1521.27 540.739 126.885 980.534 951.937 836.61
internal_count=491916 5167 634 4533 486749 481618 445341 22344 422997 190912 19544 232085 224092 215372
is_linear=0
shrinkage=0.04


Tree=213
num_leaves=15
num_cat=0
split_feature=13 25 0 3 2 43 18 14 2 2 3 3 52 8
split_gain=5.43328 6.56277 6.28832 5.90614 9.16322 10.6848 10.0925 8.76463 8.61691 15.0696 9.14384 7.79919 9.12831 7.51092
threshold=196.50000000000003 1212.5000000000002 488.34000000000009 0.68480200000000013 2.7513640000000001 0.52005723999999998 0.95454885000000012 12.500000000000002 1.9973075000000002 1.7023345000000003 0.61126550000000013 0.55576850000000011 -0.0062683399999999998 0.28432923000000004
decision_type=2 2 2 2 2 2 2 2 2 2 2 2 2 2
left_child=3 2 -2 4 8 -6 -7 -8 9 -1 -11 -10 -13 -5
right_child=1 -3 -4 13 5 6 7 -9 11 10 -12 12 -14 -15
leaf_value=0.034902773542293632 0.031233331335129146 0.037957674275070928 -0.018239820863685783 -0.0069651907559836052 0.022598393123253749 0.011696999955074498 0.019998047142055126 -0.041401286202620201 -0.01085153273144226 0.014769157586145059 -0.024514855285851622 -0.007805700408673069 0.034614873574397624 0.00031941845169495604
leaf_weight=9.499360783811424 0.98346342982040624 8.1525498867267725 8.3820579432049254 260.60528571372924 8.3487243559211475 8.4421578710343983 1.361673064308891 17.905801334929492 6.9081778640047551 9.9750736205278354 24.638158408383788 7.7806452696058832 43.918958270612166 1534.239490454911
leaf_count=1556 22 95 867 243683 42 2729 1595 4376 941 1066 3907 2015 8635 220387
internal_value=9.53372e-05 0.0196303 -0.00398195 -0.000131817 0.00767002 -0.00882198 -0.020296 -0.0338358 0.0136 1.34785e-05 -0.0127585 0.0230214 0.0281053 -0.000754693
internal_weight=1951.14 17.5181 9.36552 1933.62 138.779 36.0584 27.7096 19.2675 102.72 44.1126 34.6132 58.6078 51.6996 1794.84
internal_count=491916 984 889 490932 26862 8742 8700 5971 18120 6529 4973 11591 10650 464070
is_linear=0
shrinkage=0.04


Tree=214
num_leaves=15
num_cat=0
split_feature=37 37 26 33 19 7 1 52 26 5 40 33 29 3
split_gain=5.38354 7.09093 15.4546 12.0086 10.3364 8.55402 8.42667 7.90919 7.72849 13.4924 12.337 11.9996 9.40994 13.5693
threshold=0.20677449285714289 0.51598896500000013 332.50000000000006 -0.00018394300000000111 0.045029880000000001 975.50000000000011 0.98151100000000013 0.0071854099999999971 231.50000000000003 1120.6922135000002 13.274877600000003 -0.00029687899999999941 0.96941453000000011 1.0625770000000003
decision_type=2 2 2 2 2 2 2 2 2 2 2 2 2 2
left_child=-1 2 3 -2 -4 6 -5 -8 9 10 -3 -12 -10 -14
right_child=1 8 4 5 -6 -7 7 -9 12 -11 11 -13 13 -15
leaf_value=-0.023824523687393843 -0.0016815691538988973 -0.039899009354388656 -0.029676547549418359 -0.0062164209199602376 0.014828906886569404 0.0047206711948765282 0.060403788210991481 -0.0043218601534829983 -0.00040214928040894598 0.0033092891667226795 0.028085372851150914 -0.018493067117716862 0.027515463628849383 0.0008186330294168544
leaf_weight=9.9329624831016172 22.537887026194767 27.809909376674113 16.033175057705197 3.3244775476796375 9.8930413831876631 12.927232792513676 19.378047138236983 2.7192041345697353 1608.2829209705642 60.807055075449171 8.1450128981086909 22.363594377693516 43.578651202842593 82.53983513917774
leaf_count=223099 46260 3275 55163 1087 22668 16943 28786 7340 85467 601 63 365 299 500
internal_value=0.000101268 0.000284669 0.0111356 0.0216392 -0.0130422 0.033958 0.0456061 0.0531111 -0.000252144 -0.00989452 -0.0228359 -0.00385411 0.000436671 0.0107409
internal_weight=1950.27 1940.34 86.8131 60.8868 25.9262 38.349 25.4217 22.0973 1853.53 119.126 58.3185 30.5086 1734.4 126.118
internal_count=491916 268817 178247 100416 77831 54156 37213 36126 90570 4304 3703 428 86266 799
is_linear=0
shrinkage=0.04


Tree=215
num_leaves=15
num_cat=0
split_feature=8 4 14 36 48 36 23 51 8 8 8 53 43 33
split_gain=5.33571 6.55559 5.72183 5.69823 13.3749 15.0899 11.8793 10.8678 10.2969 16.0352 14.7891 12.4075 12.3455 11.9243
threshold=2.0953895900000004 1793.5000000000002 117.50000000000001 0.19855643393868755 0.093803340000000054 0.10321076965488768 0.24908577500000004 0.010769839999999977 0.19148819500000003 0.69749067000000009 0.54319043000000011 0.55429744250000013 0.22937083999999999 -0.0015818851999999991
decision_type=2 2 2 2 2 2 2 2 2 2 2 2 2 2
left_child=3 2 -2 4 5 6 -1 -7 -6 10 11 13 -11 -10
right_child=1 -3 -4 -5 8 7 -8 -9 9 12 -12 -13 -14 -15
leaf_value=-0.019423245453411165 -0.034445485474674256 0.015019524381628695 0.015154164062649968 0.0051777800702963788 -0.025622340006454542 0.013144638539466465 0.00067742800317738717 -0.018419149525150998 0.023602203751253215 0.0058268989688746624 0.01627610677430217 -0.015036181269536757 -0.01532352125328339 -0.0036428232895892106
leaf_weight=45.131644425397099 15.542858846044515 4.2751065088086753 1.5655395376261356 319.46850631362213 33.319426867477887 221.14752953114657 759.44802068977879 14.594544806895099 32.816067657724489 52.75323380716145 83.078330386386369 79.719229130292661 209.29027462308295 76.949891134001518
leaf_count=259268 9372 146 100 5542 350 3494 205538 4228 229 338 612 628 1477 594
internal_value=9.81588e-05 -0.0177689 -0.027506 0.000341808 -0.000631898 0.00206238 -0.000563083 0.0108486 -0.00554218 -0.00406486 0.00271553 -0.00349559 -0.0110363 0.00517587
internal_weight=1949.1 21.3835 17.1084 1927.72 1608.25 1040.32 804.58 235.742 567.926 534.607 272.564 189.485 262.044 109.766
internal_count=491916 9618 9472 482298 476756 472528 464806 7722 4228 3878 2063 1451 1815 823
is_linear=0
shrinkage=0.04


Tree=216
num_leaves=15
num_cat=0
split_feature=18 2 19 26 26 45 39 5 49 53 7 7 7 2
split_gain=5.28359 9.40934 14.2096 14.421 10.8583 10.5902 9.55409 9.0425 8.40683 16.844 15.2454 14.0354 13.9019 12.8296
threshold=0.95108816500000015 1.7660510000000003 0.050894735000000003 1186.5000000000002 187.50000000000003 -0.017194459999999977 0.29616828215433172 387.53174650000005 3.5000000000000004 0.32796950000000008 773.50000000000011 419.50000000000006 3145.5000000000005 2.9814270000000005
decision_type=2 2 2 2 2 2 2 2 2 2 2 2 2 2
left_child=1 4 -3 6 -1 -5 -4 -6 11 -10 -11 13 -13 -2
right_child=8 2 3 5 7 -7 -8 -9 9 10 -12 12 -14 -15
leaf_value=-0.021207520278585627 0.019403581900248341 0.016819202140881537 -0.013195028620765478 0.026677444353512981 0.063181828605725257 -0.0047109614466826948 0.0071933566691314487 0.015513990391951366 -0.014984952674811551 0.018204132101691119 0.0016181194914995551 -0.007333346831611097 0.0086138873108307246 -0.024406664886138896
leaf_weight=5.0745479885335945 61.526292878183085 72.204528268272043 143.79416449332621 34.362739623942616 4.5936671506387929 28.246899108726211 45.266212445290876 37.09662452196244 77.023902120091407 100.31746734829721 569.04293352942659 665.21367341638506 96.308650450000641 8.3249694786645687
leaf_count=2433 94278 17036 75781 433 1672 1103 556 2117 4767 2605 10565 244374 16796 17400
internal_value=9.0175e-05 0.00435473 0.0017947 -0.00275953 0.0201986 0.0132152 -0.00825393 0.0269699 -0.000922225 0.00215197 0.00422042 -0.00367852 -0.00527349 0.0129007
internal_weight=1948.4 370.639 323.875 251.67 46.7648 62.6096 189.06 41.6903 1577.76 746.384 669.36 831.374 761.522 69.8513
internal_count=491916 101131 94909 77873 6222 1536 76337 3789 390785 17937 13170 372848 261170 111678
is_linear=0
shrinkage=0.04


Tree=217
num_leaves=15
num_cat=0
split_feature=13 3 53 3 14 53 53 50 53 23 47 33 3 3
split_gain=5.30597 6.18086 5.88388 5.56738 8.85128 9.94396 9.99584 8.90352 12.8218 8.41748 7.20071 7.05717 7.67923 15.0952
threshold=196.50000000000003 0.85154450000000015 0.36730270000000004 0.68480200000000013 18.500000000000004 2.4903600125000005 3.3845408550000005 6.5000000000000009 0.44133724500000004 0.56599189500000013 0.75642939750000016 -0.0029100848000000006 1.1022950000000002 1.0895060000000003
decision_type=2 2 2 2 2 2 2 2 2 2 2 2 2 2
left_child=3 -2 -3 4 10 7 -7 8 9 -6 -1 -5 13 -13
right_child=1 2 -4 11 5 6 -8 -9 -10 -11 -12 12 -14 -15
leaf_value=-0.011636721705970804 -0.0036992719980922118 -0.010768693962583334 0.0479565435414364 0.0033712442444359786 0.038102699273768893 0.040444695330141202 -0.01748762857238827 0.02355037589879817 -0.018471125855943706 -0.0033986927400487398 0.033460300859027396 -0.0041171145979187387 0.00070523987811095925 -0.035579656274793876
leaf_weight=4.4009561035672986 9.295651707512663 1.5118711678496746 6.6650771454224014 483.64091438015294 7.8670535531864543 12.509259764710803 3.3234601525409735 11.743024132912977 56.979319137840321 18.084210127219194 23.534358550256002 611.28484857787225 675.52237946097557 20.563978429108829
leaf_count=10757 466 32 486 35536 4645 1413 186 197 8247 1124 293 204179 218918 5437
internal_value=9.53194e-05 0.0194196 0.0371325 -0.000129418 0.00745433 0.00193833 0.0270056 -0.00339819 -0.00833629 0.0133052 0.0256676 -0.000734746 -0.00226075 -0.00541239
internal_weight=1946.93 17.4726 8.17695 1929.45 138.442 110.506 15.8327 94.6736 82.9306 25.9513 27.9353 1791.01 1307.37 631.849
internal_count=491916 984 518 490932 26862 15812 1599 14213 14016 5769 11050 464070 428534 209616
is_linear=0
shrinkage=0.04


Tree=218
num_leaves=15
num_cat=0
split_feature=13 7 9 53 7 12 14 2 9 11 42 52 1 2
split_gain=5.28124 8.15487 9.17243 10.9213 9.28311 19.2691 14.3653 10.6323 10.2876 13.5639 11.5558 10.1575 8.88153 8.81446
threshold=12.500000000000002 193.50000000000003 0.16582821500000003 0.079260040000000018 665.50000000000011 1.0000000180025095e-35 16.500000000000004 3.1742715000000001 0.43444753000000008 2623.4717775000004 0.62516456000000009 -0.0076065199999999977 0.98151100000000013 2.3724420000000008
decision_type=2 2 2 2 2 2 2 2 2 2 2 2 2 2
left_child=-1 -2 3 -3 5 6 12 8 9 -6 13 -9 -4 -10
right_child=1 2 4 -5 7 -7 -8 11 10 -11 -12 -13 -14 -15
leaf_value=-0.0070843703286198939 0.027338798281893898 0.019995415735833293 -0.030405441071509214 -0.029310725969352979 -0.0029618611744395389 -0.029108434997506753 0.01810025409985214 0.021433201058691412 0.0051473955421555495 -0.03306960220190687 -0.017367871169063093 -0.033670890968283233 0.0032741710343259047 -0.0014549220292826796
leaf_weight=146.09221282036106 13.203661012658811 5.4796429320476845 9.2511615455841802 26.478105680362205 94.139584825667953 16.60766752112886 151.46461850052674 3.0778956096583014 638.49964846357034 27.655084310339589 47.20649937341841 21.297996742426221 98.793051489687059 647.2365130733524
leaf_count=198194 3554 1072 1372 15182 33077 4071 19503 460 17568 1084 135839 2713 47544 10683
internal_value=9.97124e-05 0.000700668 0.000428144 -0.019295 0.000841035 0.00750439 0.0103534 -0.000423951 5.69622e-05 -0.0108327 0.00108874 -0.0242492 -0.000826903 0.00183104
internal_weight=1946.48 1800.39 1787.19 31.9577 1755.23 276.116 259.509 1479.11 1454.74 121.795 1332.94 24.3759 108.044 1285.74
internal_count=491916 293722 290168 16254 273914 72490 68419 201424 198251 34161 164090 3173 48916 28251
is_linear=0
shrinkage=0.04


Tree=219
num_leaves=15
num_cat=0
split_feature=3 13 45 53 14 0 0 23 16 3 45 16 29 7
split_gain=5.50643 8.51995 10.6377 9.46171 10.2498 8.0623 7.55085 7.66758 13.0472 10.3775 11.4344 10.3748 18.4288 20.2316
threshold=1.5370215 26.500000000000004 0.14750021500000005 0.15111964000000003 27.500000000000004 1561.7795000000003 1450.4200000000003 0.20967550500000001 2438.5000000000005 1.1154665000000004 0.049506370000000001 2673.5000000000005 0.96941453000000011 1629.5000000000002
decision_type=2 2 2 2 2 2 2 2 2 2 2 2 2 2
left_child=5 3 -3 -2 -5 6 7 8 -1 10 -10 -9 13 -13
right_child=1 2 -4 4 -6 -7 -8 11 9 -11 -12 12 -14 -15
leaf_value=-0.028632566410628356 0.016420428998081923 0.0040381437801604468 -0.02629346876382917 -0.03250267821446353 0.0039464952283691972 -0.027521456020255314 0.026539016381160723 0.0053202856110027771 -0.021909975540593072 0.020457340040823366 0.016723875870513168 -0.011651950443823536 0.016951017689649555 0.0013017162093436853
leaf_weight=32.38831448446399 7.8161645785012288 123.4997499977253 16.612522328172417 41.407028068774707 15.45747665530598 10.918456875530863 13.445336965639397 660.23964918263118 32.828995036791639 22.506777959971259 13.804034612798203 279.17558439649201 77.112715037539601 598.07726213630849
leaf_count=139821 4349 7370 1933 24630 1333 86288 19233 155416 5208 2425 2802 10185 514 30409
internal_value=8.59947e-05 -0.00603709 -0.000340204 -0.0174678 -0.0230765 0.000821687 0.00107943 0.000803442 -0.00959525 0.000652274 -0.00996176 0.00148493 -0.00118231 -0.00286331
internal_weight=1945.29 204.793 140.112 64.6807 56.8645 1740.5 1729.58 1716.13 101.528 69.1398 46.633 1614.61 954.366 877.253
internal_count=491916 39615 9303 30312 25963 452301 366013 346780 150256 10435 8010 196524 41108 40594
is_linear=0
shrinkage=0.04


Tree=220
num_leaves=15
num_cat=0
split_feature=9 50 8 13 3 27 3 4 25 3 14 19 45 36
split_gain=5.32264 9.9626 8.58207 6.54061 17.6971 11.0604 10.5217 11.7597 10.4652 14.1089 8.02063 7.25398 7.24565 14.5726
threshold=4.2925328600000006 4.5000000000000009 1.7297377250000003 12.500000000000002 0.92702800000000007 0.030586779999999956 1.1022950000000002 1261.5000000000002 205.50000000000003 1.1540925000000002 18.500000000000004 0.018901965000000003 0.15695614000000005 0.24615346506907174
decision_type=2 2 2 2 2 2 2 2 2 2 2 2 2 2
left_child=3 -2 -3 4 5 -1 -6 8 -8 -10 -7 -11 13 -5
right_child=1 2 -4 12 6 10 7 -9 9 11 -12 -13 -14 -15
leaf_value=-0.012970802554880385 -0.031003657908628548 -0.021586814381108346 0.017823476230043225 0.0010403447827448302 -0.033009253860297058 0.067904463527407616 0.017216827234217504 0.024633548365113448 0.018464674098553301 0.0058284873027392194 0.0014407859792099154 -0.028848218164141105 -0.006971849412561586 0.018596544753463153
leaf_weight=4.6708937405519455 19.708329351436078 9.2597089534829156 18.487183043907862 1521.7174652567746 26.090657189894955 4.725771893338786 13.244161809570867 12.396274868558974 11.48252685301304 9.6466831198340497 4.458152918923588 57.040009193016886 156.62324905572677 74.657092831155751
leaf_count=38993 3572 57 246 268372 42958 1880 78847 163 4445 3047 633 27158 20814 731
internal_value=7.82566e-05 -0.0124916 0.00338357 0.000424758 -0.0076304 0.0290966 -0.0124809 -0.00604168 -0.0112632 -0.0168335 0.0475221 -0.0237753 0.00110515 0.00191689
internal_weight=1944.21 47.4552 27.7469 1896.75 143.755 13.8548 129.9 103.81 91.4134 78.1692 9.18392 66.6867 1753 1596.37
internal_count=491916 3875 303 488041 198124 41506 156618 113660 113497 34650 2513 30205 289917 269103
is_linear=0
shrinkage=0.04


Tree=221
num_leaves=15
num_cat=0
split_feature=44 45 51 3 0 39 19 19 10 1 2 39 0 12
split_gain=5.22696 10.9287 13.0138 7.78512 24.7426 11.3571 10.4871 13.4232 15.2609 11.4458 10.7485 10.4433 11.1832 12.9064
threshold=0.10170858139604214 -0.054144424999999934 -0.0092398399999999974 1.3826585000000002 619.53850000000011 0.23305456246843628 0.034202300000000012 0.047833265000000007 5243.5000000000009 1.0213765000000004 1.6535830000000002 0.47742872255299512 747.24000000000012 1.0000000180025095e-35
decision_type=2 2 2 2 2 2 2 2 2 2 2 2 2 2
left_child=1 -1 -3 6 5 -5 10 -8 9 -9 -2 12 -11 -14
right_child=3 2 -4 4 -6 -7 7 8 -10 11 -12 -13 13 -15
leaf_value=0.015008559251884213 0.038165604354995379 0.037661066938362846 -0.0015878091901644885 -0.00093910294101046273 -0.015053123440908431 0.028993853094190305 -0.0058918925421637567 0.034568003160329652 -0.020293887159309458 -0.0042741999375660849 0.0040640460384239333 0.03369885420533808 0.0030796689016506819 0.036584883303295991
leaf_weight=103.04406453552656 10.441299437869928 9.1567161097191256 294.0287190215895 49.722031351351688 184.99075020002965 28.905519619966071 555.60591020414086 18.839429856379866 29.605495214743314 136.8287193303795 426.53636568158799 14.011852151103083 58.259312386996044 22.616357723324199
leaf_count=652 2746 90 2852 8882 80091 308 159162 3660 1519 19240 145965 169 59363 7217
internal_value=7.86428e-05 0.00408517 0.000189355 -0.000990538 -0.00717856 0.0111406 0.000314237 -0.00230931 0.00477426 0.0080754 0.00530142 0.00523679 0.00268946 0.0140338
internal_weight=1942.59 406.229 303.185 1536.36 263.618 78.6276 1272.74 835.767 280.161 250.556 436.978 231.716 217.704 80.8757
internal_count=491916 3594 2942 488322 89281 9190 399041 250330 91168 89649 148711 85989 85820 66580
is_linear=0
shrinkage=0.04


Tree=222
num_leaves=15
num_cat=0
split_feature=29 1 7 27 3 3 9 3 3 51 7 19 37 2
split_gain=5.18848 6.70345 6.90357 6.69366 6.19562 5.81978 9.40683 7.98032 9.12238 10.4397 7.49915 9.08008 9.91191 8.98502
threshold=-0.19921346500000003 1.7449310000000002 1857.5000000000002 -0.096246289999999887 1.4732115000000003 0.5770765000000001 1.914423065 0.62794750000000021 0.68480200000000013 0.005298325000000049 6128.0000000000009 0.036852090000000011 0.63354242357142876 1.9399990000000003
decision_type=2 2 2 2 2 2 2 2 2 2 2 2 2 2
left_child=1 -1 -3 4 -2 6 -5 -7 9 10 11 12 -9 -13
right_child=3 2 -4 5 -6 7 -8 8 -10 -11 -12 13 -14 -15
leaf_value=-0.028058334416728187 0.024606234532215158 -0.015893565290457309 0.040326085610925259 0.027883359842404438 -0.010176134220529555 -0.019350870711319058 -0.014086074314588429 -0.014622564456837029 -0.00057787719693536512 -0.017529001067956455 -0.017964524462188793 -0.027529784109261046 0.042761295820403673 0.015733111817912822
leaf_weight=16.445889928552791 27.217339579793588 3.2568185862692181 1.7053351845752329 22.586503977468968 7.8681885307196344 29.593892871382195 8.739009341441486 3.1112327330511098 1744.3667973969982 11.239821547203972 4.5062021832927703 5.3069431015146646 28.968680526093522 26.3656671626959
leaf_count=7761 2344 2772 1064 3407 799 7864 852 3348 450831 3022 360 1439 483 5570
internal_value=9.392e-05 -0.0175161 0.0139698 0.000335275 0.0165097 -8.69849e-06 0.0158477 -0.000318605 4.2271e-05 0.0128786 0.0187404 0.0224525 0.0359747 0.00571903
internal_weight=1941.28 21.408 4.96215 1919.87 35.0855 1884.78 31.3255 1853.46 1823.87 79.4985 68.2587 63.7525 32.0799 31.6726
internal_count=491916 11597 3836 480319 3143 477176 4259 472917 465053 14222 11200 10840 3831 7009
is_linear=0
shrinkage=0.04


Tree=223
num_leaves=15
num_cat=0
split_feature=0 38 3 15 2 1 37 21 3 17 8 2 1 53
split_gain=5.16525 11.4723 14.7419 7.4743 12.7204 22.2539 6.70985 6.51357 6.29442 10.907 13.558 9.18552 8.98947 10.5739
threshold=439.78550000000001 1.6295460600000002 1.1318275000000002 5.5000000000000009 1.7961265000000002 1.3317330000000001 0.59353453857142868 0.26562682500000007 1.6434930000000003 3111.5000000000005 1.7297377250000003 2.2969175000000006 1.9380785000000003 0.9136236350000001
decision_type=2 2 2 2 2 2 2 2 2 2 2 2 2 2
left_child=1 -1 -3 4 -2 6 7 -6 -5 11 -11 -10 -13 -14
right_child=3 2 -4 8 5 -7 -8 -9 9 10 -12 12 13 -15
leaf_value=-0.035572631295152694 -0.022669068048204861 0.035511612380826944 -0.018393723133443583 0.00062698087706118113 -0.0045321652569078269 -0.0044786525354745671 0.014055782335863326 0.099165206071430562 -0.00086748554349244179 0.026057613200414775 -0.029408489607252123 -0.038581464216249674 0.028764429174553172 -0.029176848308879972
leaf_weight=15.329854813825476 5.2209632288322636 8.8996646567538864 14.691807905765016 1776.5479533327598 0.62060686085078698 12.948394030065627 5.240171258803457 3.3000541251240065 32.795627623851942 19.912090659692698 5.2030255807749191 29.748270269050408 5.9455703203984722 4.3676785933121209
leaf_count=3598 6095 99 234 391985 9997 61534 362 1797 5735 362 1026 6514 1686 892
internal_value=8.83186e-05 -0.0134739 0.00459556 0.000400472 0.0194695 0.031766 0.0664888 0.0894108 7.13948e-05 -0.0095444 0.011592 -0.017107 -0.0288298 0.00271162
internal_weight=1940.77 38.9213 23.5915 1901.85 27.3302 22.1092 9.16083 3.92066 1874.52 97.9723 25.1151 72.8571 40.0615 10.3132
internal_count=491916 3931 333 487985 79785 73690 12156 11794 408200 16215 1388 14827 9092 2578
is_linear=0
shrinkage=0.04


Tree=224
num_leaves=15
num_cat=0
split_feature=13 8 2 24 8 13 8 48 0 28 0 45 15 3
split_gain=5.13183 7.89658 7.71318 7.65677 8.33875 7.48659 7.61494 14.5112 16.8617 16.5003 13.24 15.1665 12.5135 11.8116
threshold=129.50000000000003 2.2199730800000004 1.7660510000000003 924.50000000000011 0.41127744500000007 92.500000000000014 0.30492765500000002 0.019364265000000002 623.0205000000002 -0.052997329999999974 472.65250000000009 0.013072735000000011 45.500000000000007 0.66621150000000007
decision_type=2 2 2 2 2 2 2 2 2 2 2 2 2 2
left_child=1 5 -2 -4 -5 6 7 8 9 -1 -11 -12 -10 -9
right_child=2 -3 3 4 -6 -7 -8 13 12 10 11 -13 -14 -15
leaf_value=-0.015553015638061218 0.039849478276763647 -0.029007709494512379 -0.020570290265805084 0.043184801843177127 0.0040957839380212227 -0.00881458649245964 0.0018813731827019035 0.025271757231399683 -0.019441128398760391 -0.001943586595961745 0.067389557943904027 -0.0037035384449527618 0.032173277026698151 -0.011939450312259792
leaf_weight=9.0078822663226656 6.6396672943101285 10.282228368308095 11.338125975248657 5.3680409869994028 64.660361301193007 141.42103779264471 1388.7007344353842 9.8992410801947681 31.387994182187413 9.2644306288602838 16.825987873239686 5.5131264328383613 4.7182183083787086 225.23435933588553
leaf_count=4200 434 6886 3245 79 1058 7572 201627 532 222915 4726 15362 3109 5172 14999
internal_value=8.64453e-05 -0.000372944 0.00925541 0.00459641 0.00977037 -0.000135004 0.000610531 -0.00498903 0.00968655 0.0260092 0.038362 0.0523758 -0.00960334 -0.00987926
internal_weight=1940.26 1852.26 88.0062 81.3665 70.0284 1841.97 1700.55 311.851 76.7176 40.6114 31.6035 22.3391 36.1062 235.134
internal_count=491916 487100 4816 4382 1137 480214 472642 271015 255484 27397 23197 18471 228087 15531
is_linear=0
shrinkage=0.04


Tree=225
num_leaves=15
num_cat=0
split_feature=43 39 10 28 53 1 39 9 7 1 12 25 24 8
split_gain=5.06229 8.19794 7.73383 18.2114 8.85737 10.013 7.85252 7.54732 10.0384 21.1536 14.3674 12.4705 17.1015 10.7377
threshold=1.0000000180025095e-35 0.21156294496593567 2579.5000000000005 0.22154566500000009 1.7668748300000003 1.5568450000000003 0.079917967150964692 0.14967609500000004 659.50000000000011 1.1029820000000001 1.0000000180025095e-35 889.50000000000011 421.50000000000006 0.2868699500000001
decision_type=2 2 2 2 2 2 2 2 2 2 2 2 2 2
left_child=1 2 3 -1 5 -4 -6 -2 9 -9 11 12 -11 -10
right_child=7 -3 4 -5 6 -7 -8 8 13 10 -12 -13 -14 -15
leaf_value=0.029247234847161976 -0.017264782357694061 0.01646957596321242 0.0026347618160969832 -0.021736993286809673 -0.019539182233452392 -0.038703516045423311 0.019651896269649444 -0.017777769592771421 -0.017634784231386588 0.027011935786906371 -0.022459665711659672 0.029190895347074544 0.00074681830136392199 -0.00081368091720918111
leaf_weight=26.505283616716042 37.182551819240871 70.967944908188656 14.732687921263276 12.999564651399849 7.7997056229505715 18.185596602968872 18.705612249905244 44.88362738714568 58.583028463402115 49.652423134070432 15.135050547149147 54.688494739913949 145.71785102521062 1364.4337693403954
leaf_count=309 75448 593 148 75 138 159 288 11257 40722 129245 6479 1718 21246 204091
internal_value=9.25627e-05 0.00658525 -0.000956646 0.011913 -0.00977295 -0.0222946 0.00684851 -0.000547344 -0.000140047 0.0063227 0.0106552 0.0130605 0.00792945 -0.0015655
internal_weight=1940.17 169.896 98.9285 39.5048 59.4236 32.9183 26.5053 1770.28 1733.09 310.077 265.194 250.059 195.37 1423.02
internal_count=491916 1710 1117 384 733 307 426 490206 414758 169945 158688 152209 150491 244813
is_linear=0
shrinkage=0.04


Tree=226
num_leaves=15
num_cat=0
split_feature=53 1 45 7 43 14 3 8 0 2 14 2 4 8
split_gain=5.09576 8.51434 8.10548 7.92251 16.8777 13.15 25.145 17.4126 13.5124 13.2623 16.3669 12.9605 23.4605 11.1462
threshold=4.2432694375000013 1.0719675000000002 -0.073144659999999959 2553.5000000000005 1.3211734100000003 57.500000000000007 0.85154450000000015 0.94776938000000011 769.31500000000017 2.2493345000000002 20.500000000000004 2.2388075000000005 714.50000000000011 1.3734128700000003
decision_type=2 2 2 2 2 2 2 2 2 2 2 2 2 2
left_child=3 -2 -3 -1 5 6 8 -8 -5 13 -11 12 -7 -9
right_child=1 2 -4 4 -6 11 7 9 -10 10 -12 -13 -14 -15
leaf_value=-0.00085223996259413393 0.016558700952581055 0.0064057275036128562 -0.029248100369922814 -0.01477083826754574 -0.02199245202322965 0.038471644862911956 0.053952546157432252 0.047504801712254296 0.021060800970570576 -0.036799608447849547 0.012907147692005362 0.0073001737077934429 -0.027401751877793507 0.0082449633802343988
leaf_weight=1514.3741357149788 9.5471769635987567 12.24536243479997 29.7173871898176 50.156084538277355 27.754205484051454 5.9760076414531786 23.367786685557803 23.944075651561434 19.363432846745127 8.7125748502439802 41.790897280181525 105.33810235573037 43.215593535831431 23.504034751298605
leaf_count=455501 282 497 3009 544 27148 549 253 325 513 186 491 929 917 772
internal_value=8.51442e-05 -0.0117513 -0.0192695 0.000438356 0.00561844 0.00811946 0.0150034 0.0256479 -0.0040471 0.0166031 0.00178943 -0.000585718 -0.0165879 0.030697
internal_weight=1939.01 51.5099 41.9627 1887.5 373.123 345.369 190.839 121.319 69.5195 97.9516 50.5035 154.53 49.1916 47.4481
internal_count=491916 3788 3506 488128 32627 5479 3084 2027 1057 1774 677 2395 1466 1097
is_linear=0
shrinkage=0.04


Tree=227
num_leaves=15
num_cat=0
split_feature=13 25 0 2 2 2 8 2 2 19 1 0 8 0
split_gain=5.03229 5.97426 5.8524 5.44475 24.9971 14.8724 28.71 18.3078 14.2492 18.6007 15.9913 15.4491 18.0101 20.2892
threshold=196.50000000000003 1212.5000000000002 488.34000000000009 2.6851510000000007 2.7019100000000003 2.6306915000000006 1.1508646300000003 2.6139950000000005 2.7513640000000001 0.029921005000000004 1.8892025000000003 857.54450000000008 0.30224213500000002 822.65150000000006
decision_type=2 2 2 2 2 2 2 2 2 2 2 2 2 2
left_child=3 2 -2 5 -5 7 -7 -1 9 -6 -10 12 -12 -14
right_child=1 -3 -4 4 8 6 -8 -9 10 -11 11 -13 13 -15
leaf_value=0.000958939188209432 0.03003725537072428 0.036297950807624296 -0.01768648213757245 -0.034326721574440458 -0.0190309999270676 0.031197178153892672 -0.025859368306545259 -0.032786477499100498 -0.012126039985115895 0.023780901825220854 -0.017281091845181881 -0.013295058230831746 0.0092622942732694825 0.064101908945572356
leaf_weight=1236.8751460053177 1.0074302155444481 8.1974093402386625 8.2640642429159907 33.856882360874806 17.233706994556997 55.623274628375839 14.247669468619277 21.267678996329778 203.91209104050859 62.768734867930107 33.143080999588165 68.766897525784771 166.21904995403747 6.8407039474959666
leaf_count=297108 22 95 867 5699 3827 15902 1658 5845 61553 11683 16509 59345 10662 1141
internal_value=8.97794e-05 0.0189102 -0.00379413 -0.000130042 -0.00330181 0.00129271 0.0186126 0.000260982 -0.00113463 0.0139816 -0.00377835 0.00251814 0.00798161 0.0131691
internal_weight=1938.22 17.4689 9.27149 1920.75 592.741 1328.01 69.8709 1258.14 558.884 80.0024 478.882 274.97 206.203 173.06
internal_count=491916 984 889 490932 170419 320513 17560 302953 164720 15510 149210 87657 28312 11803
is_linear=0
shrinkage=0.04


Tree=228
num_leaves=15
num_cat=0
split_feature=24 3 2 45 1 1 1 21 53 4 53 7 10 11
split_gain=5.16513 16.1108 12.5676 10.691 8.88792 11.4106 13.7389 15.5635 12.9294 13.9238 10.5031 14.3436 12.7088 10.332
threshold=1773.5000000000002 1.1723585000000003 2.9541830000000004 0.047800510000000025 2.3608935000000004 2.1077430000000006 2.0186950000000006 1.8450472200000003 1.0901084300000001 1261.5000000000002 0.93280049750000016 451.50000000000006 3473.5000000000005 2846.3058315000003
decision_type=2 2 2 2 2 2 2 2 2 2 2 2 2 2
left_child=4 3 -3 -2 5 6 13 8 -8 -10 11 -7 -12 -1
right_child=1 2 -4 -5 -6 10 7 -9 9 -11 12 -13 -14 -15
leaf_value=0.0023184148387915987 0.0055985951487629929 0.043488559867413665 -0.0059391226070519641 -0.014407282150504975 0.027649450096231796 -0.03262107239406823 -0.026758309460992672 0.032583971412025965 0.041720606542610929 -0.019663137381364267 -0.043311051942563267 0.015904361819262039 0.003743747208150633 -0.0042833594119191026
leaf_weight=721.99448568427488 192.68792735651186 22.632224775486975 10.170164747105444 49.561106719564123 12.446442553577979 9.4031333970315227 14.987907152085429 36.850872901908588 9.3712037229233811 6.1508912724821121 25.295456438901965 25.145032649254063 12.107923119652694 788.71893244656167
leaf_count=367723 3166 428 206 1367 5131 13149 18813 333 3100 98 4984 16424 1720 55274
internal_value=8.80359e-05 0.00511437 0.0294052 0.00129706 -0.000756399 -0.00105355 -0.000319107 0.0167098 -0.0043517 0.0185319 -0.0160944 0.000242536 -0.0294335 -0.00113102
internal_weight=1937.52 275.051 32.8024 242.249 1662.47 1650.03 1578.07 67.3609 30.51 15.5221 71.9515 34.5482 37.4034 1510.71
internal_count=491916 5167 634 4533 486749 481618 445341 22344 22011 3198 36277 29573 6704 422997
is_linear=0
shrinkage=0.04


Tree=229
num_leaves=15
num_cat=0
split_feature=44 14 51 53 8 49 29 51 17 1 45 28 0 22
split_gain=5.16444 10.1969 8.90761 9.70175 13.1386 13.835 11.4898 9.56129 8.42769 9.86693 9.91951 10.6214 7.66566 8.16553
threshold=0.10170858139604214 77.500000000000014 -0.0092398399999999974 0.43339309500000006 0.89841849000000018 3.5000000000000004 0.25783820000000007 0.00035012999999994859 2051.5000000000005 2.1077430000000006 -0.009198305000000016 0.22154566500000009 1561.7795000000003 0.78727159000000013
decision_type=2 2 2 2 2 2 2 2 2 2 2 2 2 2
left_child=1 2 -1 -4 6 -6 7 -5 -8 10 -10 -12 13 -2
right_child=12 -3 3 4 5 -7 8 -9 9 -11 11 -13 -14 -15
leaf_value=0.030130099499965941 0.0047068924578659221 0.026207645703780036 -0.012183814572616185 0.048887961840256802 -0.014569113757715848 0.012043233153817189 -0.017447520166154657 0.0071876475224633861 0.027140512006570906 -0.017527045522251452 -0.020161785304969707 0.013341936688693655 -0.027856235624539542 -0.0022606796264665733
leaf_weight=12.498468291247262 343.47720394747557 25.857099248445593 68.176866251975298 16.056029006605968 85.144124200509395 43.32614935003221 17.374412907287478 18.612973973853514 43.950460754334927 14.471733599901198 17.584067094139755 41.170894482173026 11.792621458561369 1177.625591428081
leaf_count=110 357279 225 639 239 1038 300 98 257 269 60 87 272 93405 37638
internal_value=8.68242e-05 0.00408016 0.0022459 0.000899977 0.00404818 -0.00547925 0.011231 0.0302278 0.00542849 0.00939564 0.0138267 0.00252018 -0.000976056 -0.000677079
internal_weight=1937.12 404.223 378.366 365.868 297.691 128.47 169.221 34.669 134.552 117.177 102.705 58.755 1532.9 1521.1
internal_count=491916 3594 3369 3259 2620 1338 1282 496 786 688 628 359 488322 394917
is_linear=0
shrinkage=0.04


Tree=230
num_leaves=15
num_cat=0
split_feature=0 43 3 9 0 11 8 3 1 22 44 0 8 11
split_gain=5.03007 12.4066 9.3575 13.2535 13.8572 11.8446 11.2787 10.1938 8.21125 7.77775 12.8268 13.2066 10.828 20.8928
threshold=1070.5350000000003 1.0914833700000004 0.7400270000000001 0.96158483500000014 1114.8760000000002 2728.8325830000003 0.51545548000000008 0.86558950000000012 1.6886275000000002 0.78727159000000013 0.42050185613730934 480.35300000000007 0.81330684500000017 3986.6404375000006
decision_type=2 2 2 2 2 2 2 2 2 2 2 2 2 2
left_child=9 2 6 4 -4 -6 -2 -7 -9 12 -11 -12 -1 -14
right_child=1 -3 3 -5 5 7 -8 8 -10 10 11 -13 13 -15
leaf_value=0.010335239274079989 -0.012626057983700281 -0.030414332399890547 -0.032565235918927557 -0.018598427515389222 -0.022275514196606738 -0.016395156749748542 0.037068237536610975 0.036505460570083241 -0.0073759179504324854 0.00084911663071162661 0.01708538200594658 -0.014649993253384419 -0.02550089445690587 0.011593845703338547
leaf_weight=249.88879326435745 8.5722821199742629 23.764143108677217 7.1960885779699302 61.149570589797804 7.5517900815611929 6.0853203300503074 14.243714095064204 33.206754815706518 6.4835693032946429 1256.4593539955385 19.917450734694285 153.13328009504221 40.006864742565085 48.313596330991459
leaf_count=202734 192 226777 233 2149 613 58 205 489 108 13876 1375 20711 14751 7645
internal_value=8.92941e-05 -0.00641611 -0.00158386 -0.00614761 0.00689129 0.0145508 0.019484 0.0222214 0.029314 0.000724835 -0.000571485 -0.0106202 0.0061325 -0.00567513
internal_weight=1935.97 168.253 144.489 121.673 60.5235 53.3274 22.816 45.7756 39.6903 1767.72 1429.51 173.051 338.209 88.3205
internal_count=491916 230824 4047 3650 1501 1268 397 655 597 261092 35962 22086 225130 22396
is_linear=0
shrinkage=0.04


Tree=231
num_leaves=15
num_cat=0
split_feature=13 10 43 8 7 25 8 36 1 15 3 12 48 11
split_gain=4.94125 5.75811 5.17994 13.7076 22.1713 15.9439 17.1306 26.5644 17.3682 15.805 14.8397 14.7858 20.5299 16.1168
threshold=196.50000000000003 3304.5000000000005 0.61904502000000006 0.71174877000000014 2441.5000000000005 651.50000000000011 0.32967132000000005 0.075208517329831429 1.2532265 38.500000000000007 0.66621150000000007 1.0000000180025095e-35 0.093803340000000054 3067.8112435000007
decision_type=2 2 2 2 2 2 2 2 2 2 2 2 2 2
left_child=2 -2 -1 4 5 6 10 9 -9 -8 -4 -5 13 -13
right_child=1 -3 3 11 -6 -7 7 8 -10 -11 -12 12 -14 -15
leaf_value=0.0018446010184121294 0.035545696298262944 -0.0039178774517663094 0.039891625207333054 -0.024203580663541602 0.034344672610424329 -0.0072827178637512617 -0.027829247776066126 0.046185217017661435 0.012885804237321974 0.020528071713655602 -0.0083637049938419424 -0.025750747247264574 -0.014577041445473718 0.014751294318169119
leaf_weight=1001.1094426680211 8.3581745115170651 9.0172313824796202 6.1103786418707378 73.066040306091054 25.670752598055515 282.84479277883656 28.262033376821364 33.132596443772854 92.148006768704363 11.740580076090735 126.31591006777535 13.984394728719961 128.31960524019087 94.252402122792319
leaf_count=9273 610 374 9472 32802 2695 31778 80878 997 4118 15268 262548 9805 896 30402
internal_value=7.79285e-05 0.0187665 -0.000139846 -0.00230728 0.00119922 -0.000547143 0.00586672 0.0142761 0.0231269 -0.0129327 -0.00476675 -0.00908277 -0.00400803 0.00861239
internal_weight=1934.33 17.3754 1916.96 915.847 606.225 580.554 297.71 165.283 125.281 40.0026 132.426 309.622 236.556 108.237
internal_count=491916 984 490932 481659 407754 405059 373281 101261 5115 96146 272020 73905 41103 40207
is_linear=0
shrinkage=0.04


Tree=232
num_leaves=15
num_cat=0
split_feature=3 39 15 7 24 7 0 7 45 7 8 43 45 5
split_gain=5.03405 8.13299 13.2909 12.2023 13.1154 10.8451 7.35161 7.16057 7.35693 7.11388 6.76924 6.67155 15.3927 13.0932
threshold=1.5370215 0.29616828215433172 34.500000000000007 2617.5000000000005 1048.5000000000002 816.50000000000011 1561.7795000000003 965.50000000000011 0.011302130000000002 173.50000000000003 1.0882040450000001 0.61904502000000006 -0.059069999999999921 1500.7557810000001
decision_type=2 2 2 2 2 2 2 2 2 2 2 2 2 2
left_child=6 3 -3 4 9 -6 11 -7 -9 -2 -4 -1 13 -13
right_child=1 2 10 -5 5 7 -8 8 -10 -11 -12 12 -14 -15
leaf_value=0.0035427279608112061 0.019482679057685609 0.024480948696744567 0.0049486707171774395 0.024589934630275895 -0.031658470719663379 0.039323819066265184 -0.026793431477176485 0.01444447178992053 -0.023114408264907012 -0.025276232953471523 -0.02610251971022565 -0.024832576985729254 0.00044288891524896625 0.0080017176857418888
leaf_weight=848.86966098629637 2.5141862911350463 27.530174401232216 21.716772617452079 9.4582207500707209 5.9455429455556432 6.9346636672853483 10.335127162803472 19.290527074816058 7.7329450093675396 84.895090452111617 15.697517505166614 68.576624681672911 779.65545715956796 23.654315397332539
leaf_count=7568 4299 562 180 1786 126 68 86288 220 296 31924 154 12439 345718 288
internal_value=8.32046e-05 -0.00581772 0.0055519 -0.0112219 -0.0147111 0.00399403 0.000785586 0.0134982 0.00176587 -0.0230043 -0.00962046 0.00102838 -0.00142584 -0.0164332
internal_weight=1932.81 201.716 64.9445 136.771 127.313 39.9037 1731.09 33.9581 27.0235 87.4093 37.4143 1720.76 871.886 92.2309
internal_count=491916 39615 896 38719 36933 710 452301 584 516 36223 334 366013 358445 12727
is_linear=0
shrinkage=0.04


Tree=233
num_leaves=15
num_cat=0
split_feature=0 37 3 15 27 42 37 18 28 18 0 17 5 7
split_gain=4.87803 11.2188 9.21475 7.14912 9.41927 6.98119 7.62966 8.1757 6.05624 7.2135 10.0337 7.10474 8.31023 20.3109
threshold=439.78550000000001 1.508634578571429 1.2786160000000002 5.5000000000000009 0.088653514999999974 0.98008629000000003 0.58469386357142872 0.9767705550000001 -0.038203009999999989 0.95878565500000013 668.75350000000014 1058.5000000000002 481.16092950000001 1177.5000000000002
decision_type=2 2 2 2 2 2 2 2 2 2 2 2 2 2
left_child=1 -1 -3 4 5 6 7 -2 9 10 -5 -10 13 -13
right_child=3 2 -4 8 -6 -7 -8 -9 11 -11 -12 12 -14 -15
leaf_value=-0.030503436116133136 0.087283517681358072 0.02856242515354095 -0.017944601894834648 0.018708049428710107 -0.0072217465140011474 -0.012034277729870034 0.012614510989991857 -0.0067304862784418528 -0.02295776635077957 -0.0222429588256149 -0.019604312773376573 0.029177531275082252 0.00024771322064814666 -0.015821873846551888
leaf_weight=20.460794897305277 2.7026477565104901 10.207625211216511 7.8502332271600599 20.057510633401762 11.529243495694571 2.1477809183893433 9.9949785570643126 1.0022597496908927 15.387134044912726 36.535193246078961 14.455263269354871 42.524346156880711 1715.8220891640131 20.353689318680154
leaf_count=3649 4693 111 171 6377 781 71116 1265 1930 124743 32440 19044 75187 79983 70426
internal_value=7.75022e-05 -0.0131637 0.00883752 0.00038098 0.0190161 0.0352582 0.0439078 0.0725931 5.73392e-05 -0.0109996 0.00221119 0.000524559 0.000791484 0.0145187
internal_weight=1931.03 38.5187 18.0579 1892.51 27.3769 15.8477 13.6999 3.70491 1865.14 71.048 34.5128 1794.09 1778.7 62.878
internal_count=491916 3931 282 487985 79785 79004 7888 6623 408200 57861 25421 350339 225596 145613
is_linear=0
shrinkage=0.04


Tree=234
num_leaves=15
num_cat=0
split_feature=0 50 1 7 7 1 21 0 1 0 1 29 1 1
split_gain=4.82518 11.8271 11.7387 10.7149 16.3411 15.0253 11.627 10.149 8.83907 10.1809 7.35992 19.9868 13.5619 15.5046
threshold=1070.5350000000003 6.5000000000000009 1.5447735 1013.5000000000001 1430.5000000000002 1.1524050000000001 0.91448090500000012 1345.3910000000003 1.0104975000000003 1327.3610000000001 1.7093310000000002 0.18279224000000002 1.3505395000000002 1.3192265000000003
decision_type=2 2 2 2 2 2 2 2 2 2 2 2 2 2
left_child=10 3 8 -2 6 7 -5 -6 -3 -10 12 -12 13 -1
right_child=1 2 -4 4 5 -7 -8 -9 9 -11 11 -13 -14 -15
leaf_value=0.0012739617825684641 -0.033799973945282516 -0.011236712420818333 -0.011061390643272629 -0.021585168535889578 -0.022112896427223725 -0.025744505234977049 0.027071618006968126 0.035135123308574698 0.052864467115402505 -0.0043340617052247728 0.024839149405057569 0.0016852200951196744 -0.0053144925818384746 0.025085647682632134
leaf_weight=530.97988633684236 24.503655585441265 5.2358619892038432 19.272026044476661 6.3851370812735686 3.5204496482256209 53.800673243719302 26.004891866570688 9.1464893484098848 13.026922250894133 5.8955701544036847 62.400633977884354 527.13612794281835 600.63120356612944 42.750684093157361
leaf_count=60911 154121 194 500 27090 1879 42410 734 3297 279 320 87135 9375 95763 7908
internal_value=7.56666e-05 -0.00632467 0.0107838 -0.0125333 -0.00588849 -0.0168631 0.015876 0.0174692 0.027119 0.0378623 0.00069704 0.00432428 -0.00113447 0.00324966
internal_weight=1930.69 166.792 43.4304 123.361 98.8576 66.4676 32.39 12.6669 24.1584 18.9225 1763.9 589.537 1174.36 573.731
internal_count=491916 230824 1293 229531 75410 47586 27824 5176 793 599 261092 96510 164582 68819
is_linear=0
shrinkage=0.04


Tree=235
num_leaves=15
num_cat=0
split_feature=29 15 27 45 29 49 53 7 43 48 45 40 7 1
split_gain=4.79904 6.54899 6.1453 5.89171 5.50714 5.3112 11.9348 15.359 15.4685 11.8978 13.1318 15.8002 14.4203 13.2695
threshold=-0.19921346500000003 90.500000000000014 -0.096246289999999887 0.021997674999999998 0.30440343000000009 3.5000000000000004 0.17180101 759.50000000000011 1.0000000180025095e-35 0.093803340000000054 0.028135830000000004 11.108541800000005 2441.5000000000005 1.6347595000000001
decision_type=2 2 2 2 2 2 2 2 2 2 2 2 2 2
left_child=1 -1 3 4 -2 9 -7 -8 -9 10 13 -12 -13 -4
right_child=2 -3 5 -5 -6 6 7 8 -10 -11 11 12 -14 -15
leaf_value=-0.025808974044318037 0.035934341943726349 0.018578058570532508 -0.00077153456468833054 -0.0075018540434069851 -0.00099535314147600998 -0.022547242984430272 0.013515287105647946 0.023136603234990814 -0.0011459102240894377 -0.010676281641907757 -0.017357037528707681 -0.0056858632476423799 0.022435989705951651 0.012694232966312804
leaf_weight=17.850126405124687 16.206876907852351 3.0188885094794378 337.46127159869729 10.125750151833016 8.9127961813828716 25.312001973491988 172.58448006822755 39.750861425884068 671.76332065798306 198.83434100675368 120.41108952360537 98.804103865573779 35.642605228525554 173.8729315124483
leaf_count=10579 1944 1018 198849 1063 136 2099 6314 371 13353 1447 80401 9051 1451 163840
internal_value=7.52324e-05 -0.0170383 0.000306254 0.0157716 0.0248411 -2.57293e-05 0.00216153 0.00299177 0.000362691 -0.00208745 0.000196203 -0.007139 0.00230655 0.00388592
internal_weight=1930.55 20.869 1909.68 35.2454 25.1197 1874.44 909.411 884.099 711.514 965.026 766.192 254.858 134.447 511.334
internal_count=491916 11597 480319 3143 2080 477176 22137 20038 13724 455039 453592 90903 10502 362689
is_linear=0
shrinkage=0.04


Tree=236
num_leaves=15
num_cat=0
split_feature=37 37 26 19 3 3 1 8 3 1 26 5 48 29
split_gain=4.78369 6.01577 13.9038 9.3391 9.03309 14.9205 18.3158 13.1645 10.5918 9.6953 6.33617 12.4795 11.467 7.65845
threshold=0.20677449285714289 0.51598896500000013 332.50000000000006 0.045029880000000001 0.91184200000000015 1.1561985000000001 1.1597530000000003 0.67013319000000016 0.84968350000000015 1.3317330000000001 231.50000000000003 1120.6922135000002 0.14668396750000004 0.96941453000000011
decision_type=2 2 2 2 2 2 2 2 2 2 2 2 2 2
left_child=-1 2 4 -4 8 -6 -7 9 -2 -8 11 12 -3 -12
right_child=1 10 3 -5 5 6 7 -9 -10 -11 13 -13 -14 -15
leaf_value=-0.023059500136888018 0.0035469036907397038 -0.031649128933360207 -0.029228758420747455 0.013320070086323049 -0.021649622679087929 -0.013875146639262216 0.073407595409633083 -0.01634631041391332 0.062581673015141337 0.008587959575954613 -0.00038512724610738244 0.0036683364117124024 0.0065340901579026443 0.0097904455582012561
leaf_weight=9.1963045599327398 8.455379781540616 41.526466729703316 15.339060337766115 10.057270784523096 13.511061517339838 11.366573257514576 9.5654284906086158 2.7983329753542412 8.9075240568263307 6.9343635612558492 1594.2230822155925 59.713071520214726 15.191978339804335 122.80808937945403
leaf_count=223099 9813 3590 55163 22668 28009 5133 7126 8778 5692 35865 85467 601 113 799
internal_value=7.51485e-05 0.000245529 0.0102305 -0.0129595 0.0200555 0.00846728 0.0229118 0.0429758 0.0410537 0.0544984 -0.000254453 -0.00908493 -0.021721 0.000368979
internal_weight=1929.59 1920.4 86.935 25.3963 61.5387 44.1758 30.6647 19.2981 17.3629 16.4998 1833.46 116.432 56.7184 1717.03
internal_count=491916 268817 178247 77831 100416 84911 56902 51769 15505 42991 90570 4304 3703 86266
is_linear=0
shrinkage=0.04


Tree=237
num_leaves=15
num_cat=0
split_feature=3 13 45 53 9 15 0 16 16 9 22 18 3 0
split_gain=4.77143 7.41223 9.38775 8.60527 6.89405 7.9481 6.86495 6.73453 11.4945 8.66808 9.49671 7.36576 6.69048 6.33524
threshold=1.5370215 26.500000000000004 0.14750021500000005 0.15111964000000003 0.52164758500000008 13.500000000000002 1561.7795000000003 2181.5000000000005 2673.5000000000005 0.73929037000000009 1.3578670800000003 0.95826161000000021 1.6158325000000002 1450.4200000000003
decision_type=2 2 2 2 2 2 2 2 2 2 2 2 2 2
left_child=6 3 7 -2 -5 -6 13 9 -9 10 -3 -10 -13 -1
right_child=1 2 -4 4 5 -7 -8 8 11 -11 -12 12 -14 -15
leaf_value=0.00073796320394004422 0.015691765634895438 -0.027397772925621032 -0.025083287468213054 -0.043139317097056838 0.017936018514750789 -0.019378013422073567 -0.026257663005613798 -0.021201099799310476 0.018496640395675164 0.032896866961865147 0.021594026398023623 -0.027792709309340233 0.0086266239205768109 0.024477572039939492
leaf_weight=1704.8922056659017 7.8491145858733935 8.0514069976825322 15.992810004389865 13.293925755710005 7.6295255662253103 34.243170703655323 9.9257840954619478 28.320695819453249 34.925027237618451 18.66188704337128 7.4150242565956423 9.6167889158505222 14.18062275140255 13.186114301748601
leaf_count=346780 4349 1782 1933 14931 3912 7120 86288 1087 978 2015 123 419 966 19233
internal_value=7.61393e-05 -0.00569199 -0.000326302 -0.0164887 -0.0219909 -0.0113911 0.00075884 0.00380577 -0.00226777 0.0176065 -0.00437248 0.00781048 -0.00836103 0.000990663
internal_weight=1928.18 200.18 137.164 63.0157 55.1666 41.8727 1728 121.171 87.0431 34.1283 15.4664 58.7224 23.7974 1718.08
internal_count=491916 39615 9303 30312 25963 11032 452301 7370 3450 3920 1905 2363 1385 366013
is_linear=0
shrinkage=0.04


Tree=238
num_leaves=15
num_cat=0
split_feature=8 4 14 2 1 0 29 14 2 35 12 9 23 50
split_gain=4.77583 5.99079 5.10073 4.84467 13.6871 18.531 15.2356 18.4956 12.9136 12.6614 15.7642 27.6976 15.0838 14.02
threshold=2.0953895900000004 1793.5000000000002 117.50000000000001 2.3724420000000008 1.7052315000000002 1088.3250000000003 0.18279224000000002 70.500000000000014 3.0533265000000003 1.4881528950000003 1.0000000180025095e-35 1.0269605700000002 0.66154624500000014 3.5000000000000004
decision_type=2 2 2 2 2 2 2 2 2 2 2 2 2 2
left_child=3 2 -2 9 -5 6 8 -8 -6 10 11 12 -1 -11
right_child=1 -3 -4 4 5 -7 7 -9 -10 13 -12 -13 -14 -15
leaf_value=0.0077361649551304758 -0.033373155373704715 0.014525322823924644 0.014031675376557022 -0.008143379366179088 0.028774366968855363 -0.028779214717042409 -0.0016820371474957146 0.021390080014887 -0.018341606068845228 0.018985456163013743 0.0099927111042814321 -0.027512812945418328 -0.0082853300832858544 0.0027388370466440511
leaf_weight=172.5692211305759 14.772708708801479 4.0976044199560411 1.5368866735661857 336.82565302823741 51.869400195730123 24.989873758919202 449.68753633955475 58.351929880158423 7.5805968526738061 117.39684205758385 138.29096789810637 69.529683495879453 194.87865411927942 285.11982273732428
leaf_count=158100 9372 146 100 91128 64536 80963 8724 458 21074 735 22166 18332 12570 3512
internal_value=6.75621e-05 -0.0171608 -0.0266619 0.00029631 -0.00176684 0.00189605 0.00348641 0.0011506 0.0218097 0.00225618 -0.00155275 -0.00527827 -0.000758108 0.00765208
internal_weight=1927.5 20.4072 16.3096 1907.09 929.305 592.479 567.489 508.039 59.45 977.785 575.269 436.978 367.448 402.517
internal_count=491916 9618 9472 482298 266883 175755 94792 9182 85610 215415 211168 189002 170670 4247
is_linear=0
shrinkage=0.04


Tree=239
num_leaves=15
num_cat=0
split_feature=7 9 53 1 7 1 3 26 3 12 43 23 25 29
split_gain=4.6895 8.94674 11.5141 8.609 6.50632 15.4393 13.5844 18.4088 12.7948 12.6653 14.8154 12.39 11.7995 13.236
threshold=163.50000000000003 0.14967609500000004 0.10390558250000001 1.6929640000000001 665.50000000000011 1.1029820000000001 1.5605365000000002 368.50000000000006 0.89791050000000017 1.0000000180025095e-35 0.91040435499999994 1.5986034700000002 481.50000000000006 0.55054728000000008
decision_type=2 2 2 2 2 2 2 2 2 2 2 2 2 2
left_child=3 2 -2 -1 5 8 9 -8 -3 10 -7 -10 -12 -14
right_child=1 4 -4 -5 -6 6 7 -9 11 -11 12 -13 13 -15
leaf_value=0.041181818362568255 0.009504220549324616 0.027153332829957619 -0.032715616040389313 -0.017209589384475171 -0.00081205397042896188 0.022372837978255664 0.017539570508946913 -0.036267905413740607 -0.029458079849897744 -0.017982553560281091 0.014071597342294989 0.024904939945475314 -0.027041490874319351 0.013314754096280778
leaf_weight=6.1632500974774285 13.225654278897762 5.6929767777864972 23.907299924716426 2.8730357634804022 1537.2963671177931 141.35565084102564 13.782201504538532 18.698795973957203 39.137872361899099 17.017034293495726 56.72526887806589 3.9974723082268602 28.507511013623116 17.340613437198044
leaf_count=15427 18127 2319 33888 9497 244183 1547 12907 2223 8965 6321 122428 78 13659 347
internal_value=6.31127e-05 -0.000105313 -0.0183348 0.0230995 0.000302524 0.00524844 0.00874027 -0.0141425 -0.014598 0.0118009 0.0141981 -0.0223565 0.0024164 -0.0119696
internal_weight=1925.72 1916.68 37.133 9.03629 1879.55 342.255 293.427 32.481 48.8283 260.946 243.929 43.1353 102.573 45.8481
internal_count=491916 466992 52015 24924 414977 170794 159432 15130 11362 144302 137981 9043 136434 14006
is_linear=0
shrinkage=0.04


Tree=240
num_leaves=15
num_cat=0
split_feature=0 38 3 15 2 1 28 18 0 19 1 2 17 5
split_gain=4.69681 10.5876 13.2195 6.75958 11.7514 19.9717 5.70807 6.74155 9.22935 6.80545 7.23041 6.83341 6.65368 7.73099
threshold=439.78550000000001 1.6295460600000002 1.1318275000000002 5.5000000000000009 1.7961265000000002 1.3317330000000001 -0.038203009999999989 0.95878565500000013 668.75350000000014 0.049390030000000008 1.6146640000000001 2.8974330000000004 1058.5000000000002 481.16092950000001
decision_type=2 2 2 2 2 2 2 2 2 2 2 2 2 2
left_child=1 -1 -3 4 -2 -6 7 8 9 10 -5 -12 -8 -14
right_child=3 2 -4 6 5 -7 12 -9 -10 -11 11 -13 13 -15
leaf_value=-0.034615347944110184 -0.022113098615000749 0.033438119625960237 -0.017714533617833456 0.0013468377731986403 0.062369887640432296 -0.0044688005041434468 -0.022473296322121871 -0.021792187691573813 -0.019243353352018391 -0.0044540817566856 0.07425415279696479 -0.0072301971480563587 0.013961816829389864 0.00022369071361613691
leaf_weight=14.760479370348547 5.1896931653154779 8.9662497453973646 14.366908726486143 6.120832612050437 9.517188324694418 12.880589891630732 14.961861601570943 35.70817947781461 14.164237731887168 10.924920778033082 2.3561700854670566 1.0709549219018297 63.158712861162257 1710.3562696235654
leaf_count=3598 6095 99 234 1742 12156 61534 124743 32440 19044 3123 804 708 145613 79983
internal_value=6.07995e-05 -0.012997 0.004374 0.000358145 0.0184183 0.0301313 4.14173e-05 -0.0107442 0.00195763 0.0175237 0.0355589 0.0596089 0.000494414 0.000750811
internal_weight=1924.5 38.0936 23.3332 1886.41 27.5875 22.3978 1858.82 70.3453 34.6371 20.4729 9.54796 3.42713 1788.48 1773.51
internal_count=491916 3931 333 487985 79785 73690 408200 57861 25421 6377 3254 1512 350339 225596
is_linear=0
shrinkage=0.04


Tree=241
num_leaves=15
num_cat=0
split_feature=25 15 36 0 0 2 2 2 0 18 43 16 50 39
split_gain=4.6776 11.9815 14.4715 11.8234 11.2678 14.84 22.9118 13.2859 10.9796 11.4893 10.819 10.2074 9.21049 10.9673
threshold=1603.5000000000002 77.500000000000014 0.036945105257821319 673.14750000000015 995.80050000000017 2.2324455000000003 2.1359080000000006 1.6645210000000004 992.69900000000007 0.95866196000000004 1.0914833700000004 4606.5000000000009 5.5000000000000009 0.11562165704051912
decision_type=2 2 2 2 2 2 2 2 2 2 2 2 2 2
left_child=4 2 11 -3 -1 6 7 -6 9 -5 -8 -2 -4 -14
right_child=1 3 12 8 5 -7 10 -9 -10 -11 -12 -13 13 -15
leaf_value=0.00033629019980199298 0.044241462324139426 0.049986470604433224 -0.019799341617440343 0.012410491962580435 0.02133850044156977 -0.025385224720085788 0.059461780916508541 -0.01589245346523999 0.022949951552179486 -0.021369422041397312 -0.013031794258604153 -0.0091100707625436945 -0.015980832894666067 0.011343397329566955
leaf_weight=1502.0554809611731 11.636989345590338 8.7407673613633943 49.555572475746885 31.847574698738754 14.782369470070078 60.904533364408053 8.1491282852803106 68.305924543688889 45.755858023163455 23.710437735498999 2.3320938658453079 6.5285117886123762 32.960285737761296 56.754339765931945
leaf_count=225553 869 125 1127 348 6604 168657 130 68174 1445 280 16511 440 945 708
internal_value=6.08764e-05 0.0049183 -0.00218719 0.0147362 -0.000735923 -0.0108454 -0.000573855 -0.00843341 0.00948715 -0.00257982 0.0443324 0.0272396 -0.00683646 0.000991051
internal_weight=1924.02 267.49 157.436 110.055 1656.53 154.474 93.5695 83.0883 101.314 55.558 10.4812 18.1655 139.27 89.7146
internal_count=491916 6287 4089 2198 485629 260076 91419 74778 2073 628 16641 1309 2780 1653
is_linear=0
shrinkage=0.04


Tree=242
num_leaves=15
num_cat=0
split_feature=33 51 19 3 3 45 52 51 40 26 18 18 25 24
split_gain=4.64928 6.76306 19.9335 9.74143 8.01856 7.67685 10.7619 10.3943 10.1235 9.37097 7.40728 6.71605 6.54905 16.8724
threshold=-0.0025795526000000025 0.0023019599999999922 0.040818400000000005 0.88552800000000009 1.5605365000000002 -0.00269231499999957 0.0085711250000000024 -0.0054075799999999665 0.81349169999999738 395.50000000000006 0.97300858000000012 0.95903188000000006 1603.5000000000002 1523.5000000000002
decision_type=2 2 2 2 2 2 2 2 2 2 2 2 2 2
left_child=1 5 3 -3 -4 6 7 -1 -7 11 -5 -9 13 -2
right_child=12 2 4 10 -6 8 -8 9 -10 -11 -12 -13 -14 -15
leaf_value=-0.014019275779719214 -0.00085867207103470708 -0.031969252106812167 0.017991993653037427 -0.011895090318513109 -0.013019748958600847 -0.011914342453388556 0.03971146826147786 -0.03424937599472707 0.008254983376772617 0.016175363366282728 0.011266625293228161 0.0096426925900012766 0.0055385458237963078 -0.018213021906580858
leaf_weight=23.608248905764412 1092.4611762305485 25.587901129115835 68.133469087134927 76.972816442141266 12.517659593326242 61.618857494529493 15.666404165368929 6.6447402684152603 93.970766283633566 124.83988984230837 25.8120848491576 7.447447958936209 194.98641225225401 92.710190296485962
leaf_count=1764 441518 2277 5725 6888 737 13107 2461 1404 1346 3844 3150 1950 4766 979
internal_value=6.84332e-05 0.00318765 -0.00242056 -0.0120399 0.0126997 0.00668342 0.0122323 0.00847761 0.000144979 0.0126546 -0.00582573 -0.0146027 -0.00116544 -0.00228703
internal_weight=1922.98 542.82 209.024 128.373 80.6511 333.796 178.207 162.54 155.59 138.932 102.785 14.0922 1380.16 1185.17
internal_count=491916 44653 18777 12315 6462 25876 11423 8962 14453 7198 10038 3354 447263 442497
is_linear=0
shrinkage=0.04


Tree=243
num_leaves=15
num_cat=0
split_feature=37 5 8 8 7 1 3 26 3 43 37 3 14 39
split_gain=4.59008 5.81988 10.4822 5.89236 9.13231 16.7511 14.3635 23.8208 12.6497 11.0263 14.3422 13.81 11.2951 10.3264
threshold=0.20677449285714289 222.46344300000001 0.13551601500000002 0.18084778500000001 665.50000000000011 1.1389130000000003 1.4673025000000002 368.50000000000006 1.3238260000000002 0.91040435499999994 1.1402158000000002 1.2786160000000002 26.500000000000004 0.11562165704051912
decision_type=2 2 2 2 2 2 2 2 2 2 2 2 2 2
left_child=-1 2 -2 -3 5 -5 8 13 9 10 -7 -12 -11 -8
right_child=1 3 -4 4 -6 6 7 -9 -10 12 11 -13 -14 -15
leaf_value=-0.022768412629615424 0.057408679945953979 -0.0090551985903633767 -0.014631360460940769 -0.014026204224323036 -0.00061674736767272924 -0.011867310562080534 -0.019036966456563987 -0.027592613572468908 0.037394368732072608 -0.012356389978123163 0.034684677228903733 -0.0073384285570430108 0.022309262539476224 0.036128092521227416
leaf_weight=8.987697347104584 2.4304841312386989 101.98764944502227 2.8766433939536 45.212566436479392 1527.634471560305 16.023104943596991 3.8142909592334062 30.201124500007609 33.390673587011406 45.043625597485516 58.936921042564791 13.630324485944582 16.53357920534927 15.925083877636096
leaf_count=223099 8418 38544 25409 4939 145630 269 6025 3407 7976 23800 603 143 3115 539
internal_value=6.24977e-05 0.000228782 0.0302051 6.67013e-05 0.000605305 0.00719627 0.0115135 -0.00697309 0.0165947 0.0109138 0.0195685 0.0268272 -0.00207218 0.0237753
internal_weight=1922.63 1913.64 5.30713 1908.33 1806.35 278.711 233.499 49.9405 183.558 150.168 88.5904 72.5672 61.5772 19.7394
internal_count=491916 268817 33827 234990 196446 50816 45877 9971 35906 27930 1015 746 26915 6564
is_linear=0
shrinkage=0.04


Tree=244
num_leaves=15
num_cat=0
split_feature=2 2 2 8 2 2 19 15 0 49 48 4 29 0
split_gain=4.68531 24.8003 13.0699 26.1908 17.245 11.7283 16.4015 15.2613 14.1069 16.2217 13.7585 12.7648 13.0246 19.3138
threshold=2.6851510000000007 2.7019100000000003 2.6306915000000006 1.1508646300000003 2.6139950000000005 2.7513640000000001 0.029921005000000004 16.500000000000004 720.25400000000013 3.5000000000000004 0.069394682500000013 1170.5000000000002 0.18279224000000002 634.07350000000008
decision_type=2 2 2 2 2 2 2 2 2 2 2 2 2 2
left_child=2 -2 4 -4 -1 6 -3 -8 9 11 -11 -7 13 -13
right_child=1 5 3 -5 -6 8 7 -9 -10 10 -12 12 -14 -15
leaf_value=0.0010925067012472311 -0.033585834729221317 -0.018226181727666678 0.029634514109547469 -0.025194251015918018 -0.031928090639499182 -0.020739482876700879 -0.021943129496945688 0.029241399415734989 -0.01039489786707609 -0.017449652526211803 0.018015841178823783 -0.011239778061009125 -0.00559738648680043 0.059486001761036744
leaf_weight=1236.1355850640398 34.306225267195714 16.94037873603429 55.499130777866412 13.943675460350276 20.83286953029392 53.471178685276755 7.2526721040276234 55.641630595984225 221.76691616580729 16.458771722363053 112.75367252903379 8.7033301806659455 58.851411906885915 8.9145658980414719
leaf_count=297677 5725 3827 15910 1678 5845 27136 5039 6658 119496 952 930 408 411 224
internal_value=6.46304e-05 -0.0028701 0.00138706 0.0176725 0.000420894 -0.00071074 0.0130194 0.0221577 -0.00310051 0.00322018 0.0130166 -0.00664266 0.00388242 0.0297861
internal_weight=1921.47 595.061 1326.41 69.4428 1256.97 560.755 79.8347 62.8943 480.92 259.153 129.212 129.94 76.4693 17.6179
internal_count=491916 170806 321110 17588 303522 165081 15524 11697 149557 30061 1882 28179 1043 632
is_linear=0
shrinkage=0.04


Tree=245
num_leaves=15
num_cat=0
split_feature=43 39 10 28 3 2 2 1 0 14 29 2 15 1
split_gain=4.54706 7.47216 7.31893 16.2491 7.17771 6.77873 14.602 12.9485 15.7124 15.0177 16.4824 24.4378 16.5488 13.1473
threshold=1.0000000180025095e-35 0.21156294496593567 2579.5000000000005 0.22154566500000009 1.8357250000000003 2.3654035000000007 2.3413125000000004 1.7620820000000001 1088.3250000000003 67.500000000000014 0.12691419000000001 2.9023725000000007 27.500000000000004 1.4376495000000002
decision_type=2 2 2 2 2 2 2 2 2 2 2 2 2 2
left_child=1 2 3 -1 5 6 -2 13 9 10 11 12 -9 -7
right_child=4 -3 -4 -5 -6 7 -8 8 -10 -11 -12 -13 -14 -15
leaf_value=0.027913890093325927 0.0011332524299183244 0.015866743094156012 -0.0096203348152210308 -0.020323758023115774 -0.025002764648158794 0.0056651397021072747 0.02834454210252834 0.0037213128881099446 -0.03329659728402426 0.020475248731314465 -0.0024537491513083741 -0.017925041642158128 0.074064502243308156 -0.012257530136779058
leaf_weight=26.463242687284946 870.79386944007774 68.924850038718432 58.400106590765063 12.95432088896632 14.002239462965916 80.729590853241007 27.764467470068212 9.0449206096282122 14.836722536545492 62.63558102519346 360.08164572481655 10.413962248456299 10.423507359490939 292.66138278181597
leaf_count=309 208165 593 733 75 3801 19874 7600 26567 72892 1876 9968 37457 8190 93816
internal_value=5.52593e-05 0.0062674 -0.000939216 0.0115576 -0.00055164 -0.000283704 0.00212625 -0.00285647 0.00158084 0.00307548 5.69299e-05 0.0263257 0.0488221 -0.00835888
internal_weight=1920.13 166.743 97.8177 39.4176 1753.39 1739.39 898.558 840.827 467.436 452.6 389.964 29.8824 19.4684 373.391
internal_count=491916 1710 1117 384 490206 486405 215765 270640 156950 84058 82182 72214 34757 113690
is_linear=0
shrinkage=0.04


Tree=246
num_leaves=15
num_cat=0
split_feature=53 50 1 3 13 3 27 3 24 28 3 14 45 36
split_gain=4.52 9.40307 7.13248 8.16795 6.71428 17.3914 10.0997 8.72251 8.42658 9.23223 9.01502 7.43499 7.35133 12.7404
threshold=4.2432694375000013 6.5000000000000009 2.3608935000000004 1.1022950000000002 12.500000000000002 0.92702800000000007 0.030586779999999956 1.1022950000000002 1237.5000000000002 0.56783068000000003 1.1723585000000003 18.500000000000004 0.15695614000000005 0.19855643393868755
decision_type=2 2 2 2 2 2 2 2 2 2 2 2 2 2
left_child=2 -2 4 -4 5 6 -1 -7 9 10 -9 -8 13 -6
right_child=1 -3 3 -5 12 7 11 8 -10 -11 -12 -13 -14 -15
leaf_value=-0.012598517634104901 -0.024087311649736445 0.008345726040256643 -0.0159349214290221 0.038607301041445302 0.00044102730660385128 -0.032126678927637778 0.064712591824291441 0.010099899015288584 0.021571232248506114 0.01594835834660116 -0.022550019735907152 0.0011709255354126577 -0.0073363768402511581 0.012265988100753964
leaf_weight=4.5418676835843135 29.802336399009164 20.893103292823071 2.9820857977165351 10.230462551099661 1404.1464214545981 25.265176160004103 4.9120848339744025 13.807403761179556 9.8364462385143252 12.900891508641505 62.72219324881371 4.459513579441591 154.82623953580878 157.72818042136896
leaf_count=38560 3545 243 2701 2354 264666 42660 1848 17284 185 251 94709 628 20841 1441
internal_value=5.81533e-05 -0.0111714 0.000391857 0.025302 0.00014691 -0.00816807 0.028144 -0.0131548 -0.00701712 -0.0111372 -0.0164012 0.045403 0.000839256 0.00167052
internal_weight=1919.05 50.6954 1868.36 13.2125 1855.15 138.446 13.9135 124.532 99.2669 89.4305 76.5296 9.3716 1716.7 1561.87
internal_count=491916 3788 488128 5055 483073 196125 41036 155089 112429 112244 111993 2476 286948 266107
is_linear=0
shrinkage=0.04


Tree=247
num_leaves=15
num_cat=0
split_feature=2 2 52 2 16 29 2 14 25 1 0 12 3 0
split_gain=4.67028 10.8135 9.15956 9.0895 13.0445 7.89274 7.54107 17.7919 9.77058 18.9365 14.0001 16.8104 16.5492 12.9934
threshold=3.1742715000000001 3.1954650000000004 -0.0076065199999999977 3.1361645000000005 4348.5000000000009 0.74686528500000005 2.9992215000000004 66.500000000000014 1603.5000000000002 1.8854755000000003 694.1015000000001 1.0000000180025095e-35 0.86558950000000012 1096.4215000000002
decision_type=2 2 2 2 2 2 2 2 2 2 2 2 2 2
left_child=3 2 -2 6 5 -5 8 -8 -1 10 -10 12 -12 -11
right_child=1 -3 -4 4 -6 -7 7 -9 9 13 11 -13 -14 -15
leaf_value=-0.00044744624406403233 0.018665460964138878 0.022977015966897919 -0.033056653328626402 0.044763787167724535 -0.017876647110737869 -0.00045225415469484886 -0.014503769846320682 0.024624970960006737 0.031914629067546565 0.033710969512013605 -0.007354973716140684 -0.017538833636404308 0.030414875786129725 -0.017894817758442826
leaf_weight=1510.9855330041846 3.3764475131938552 5.8355106956710179 22.986688242258879 17.036738652267108 7.8025857155807889 8.4445371946640062 120.0779470718503 17.18598351766741 15.280781868379561 50.944979238993255 37.549907702068595 64.931291052018423 28.983747985497757 5.8768802802242126
leaf_count=418111 1472 1678 5745 12404 565 92 45997 922 211 564 678 2645 439 393
internal_value=6.15385e-05 -0.0139744 -0.0245127 0.000337614 0.0196297 0.0321629 -6.10596e-05 -0.00891141 0.000671335 0.00878717 0.000931811 -0.00370685 0.0100744 0.027358
internal_weight=1917.3 32.1986 26.3631 1885.1 33.2839 25.4813 1851.82 137.264 1714.55 203.568 146.746 131.465 66.5337 56.8219
internal_count=491916 8895 7217 483021 13061 12496 469960 46919 423041 4930 3973 3762 1117 957
is_linear=0
shrinkage=0.04


Tree=248
num_leaves=15
num_cat=0
split_feature=7 9 53 1 7 12 1 1 2 1 26 8 1 1
split_gain=4.47918 8.10885 10.8308 8.0227 5.71633 13.6305 16.6816 18.2568 12.0867 16.3051 11.8473 11.3358 11.9772 17.6167
threshold=163.50000000000003 0.14967609500000004 0.10390558250000001 1.6929640000000001 665.50000000000011 1.0000000180025095e-35 1.7816040000000004 1.9427590000000003 2.2766680000000004 1.1029820000000001 417.50000000000006 0.41558532000000009 1.7531585000000003 1.4376495000000002
decision_type=2 2 2 2 2 2 2 2 2 2 2 2 2 2
left_child=3 2 -2 -1 5 6 8 10 9 -3 -8 12 13 -6
right_child=1 4 -4 -5 11 -7 7 -9 -10 -11 -12 -13 -14 -15
leaf_value=0.03976710520916351 0.0092977397329841987 -0.011020085286788118 -0.031777907659345572 -0.016780399344163078 -0.0031370932325556255 -0.023848800752345689 -0.00084220115873193005 0.0037757568688034562 -0.009456027300218094 0.016049514392980687 0.056612566159035413 0.00082556788558425212 0.0059171342915947493 -0.027378362400528634
leaf_weight=6.2571482489906867 13.228055357107676 45.694990677451642 23.308452159898934 2.7846369047133521 118.50223359195797 19.699706601658363 7.052667627319809 36.305067204756597 87.818518727562605 120.14923756517419 22.826938501129462 1267.1857246246914 68.117741361809749 77.338820100407702
leaf_count=15427 18127 11056 33888 9497 34483 6876 18242 30878 48097 53034 2611 147929 31816 29955
internal_value=6.89358e-05 -9.65316e-05 -0.0175774 0.022578 0.000290833 0.00494658 0.00705989 0.0241788 0.00221225 0.0084868 0.0448745 -0.000754367 -0.0082135 -0.0131534
internal_weight=1916.27 1907.23 36.5365 9.04179 1870.69 339.547 319.847 66.1847 253.663 165.844 29.8796 1531.14 263.959 195.841
internal_count=491916 466992 52015 24924 414977 170794 163918 51731 112187 64090 20853 244183 96254 64438
is_linear=0
shrinkage=0.04


Tree=249
num_leaves=15
num_cat=0
split_feature=2 2 7 3 4 0 23 2 14 2 10 15 2 53
split_gain=4.48832 18.4388 16.4067 9.49728 9.01691 7.37723 12.4975 6.90203 17.1281 11.8166 10.8974 9.54058 9.26107 8.70242
threshold=3.1527325000000004 3.1361645000000005 1946.5000000000002 1.0502990000000001 1261.5000000000002 777.00900000000013 2.1015936850000005 2.9992215000000004 28.500000000000004 3.0322910000000003 4112.5000000000009 32.500000000000007 2.9750300000000007 1.6428400050000003
decision_type=2 2 2 2 2 2 2 2 2 2 2 2 2 2
left_child=1 7 5 -3 -5 -2 -7 12 -9 10 -10 -11 -1 -14
right_child=2 3 -4 4 -6 6 -8 8 9 11 -12 -13 13 -15
leaf_value=0.00023124680639175901 0.022754510879706615 -0.010181021758048508 -0.037388367455498193 0.0080551129139148341 0.070806629266612978 -0.033260979329857776 0.025757653184769962 -0.02616298958840052 -0.027233576757326985 0.037989964791091346 0.015982390377734412 0.0024863549368101777 0.031613198098914295 -0.012841898393642073
leaf_weight=1684.6761884424513 15.676895383611738 3.8504150774788313 17.549829988116926 7.5117755624869442 6.5039668355602771 9.6058389957893251 4.9003164641326284 49.392182483617944 24.873611606844406 12.96197737018292 9.683945630431479 39.583368344567134 22.51367076658153 6.380586982476415
leaf_count=415570 2797 2497 2135 3098 37 11334 58 39590 1839 1577 454 3459 6533 938
internal_value=6.63788e-05 0.000390242 -0.0114427 0.0360898 0.048136 0.00681286 -0.0118319 -5.08547e-05 -0.00854247 0.00232723 -0.0146339 0.0137843 0.000648434 0.0213501
internal_weight=1915.66 1867.93 47.7329 17.8662 14.0157 30.1831 14.5062 1850.07 136.495 87.1029 34.5576 52.5453 1713.57 28.8943
internal_count=491916 475592 16324 5632 3135 14189 11392 469960 46919 7329 2293 5036 423041 7471
is_linear=0
shrinkage=0.04


Tree=250
num_leaves=15
num_cat=0
split_feature=44 14 51 53 8 49 29 51 7 53 1 2 53 0
split_gain=4.52425 9.01269 8.03426 8.87672 11.904 12.5174 10.0792 8.43061 7.69153 8.09322 7.38857 10.2928 10.5897 7.17433
threshold=0.10170858139604214 77.500000000000014 -0.0092398399999999974 0.43339309500000006 0.89841849000000018 3.5000000000000004 0.25783820000000007 6.8805000000005126e-05 1585.5000000000002 1.0179726250000003 1.7924440000000004 2.6788675000000004 0.72545510000000013 795.24950000000013
decision_type=2 2 2 2 2 2 2 2 2 2 2 2 2 2
left_child=1 2 -1 13 6 -6 7 -5 9 10 11 12 -8 -4
right_child=-2 -3 3 4 5 -7 8 -9 -10 -11 -12 -13 -14 -15
leaf_value=0.02868207041912877 -0.00092771728553627366 0.024977063591490729 -0.017963717225696795 0.046397050854638369 -0.013923923783815923 0.011590182212664977 -0.006480885794229058 0.007348243153078862 0.022790463762866784 -0.016425396111190503 0.02503166384515651 -0.026079415006393891 0.030222171581779693 0.011714023361594104
leaf_weight=12.380398834589867 1516.906539784201 24.92242784157861 53.988328566192649 15.641549835912882 84.396864163514692 42.391421805135906 27.606489919126034 19.451090034854133 25.750490290112793 28.772459001280367 19.898247530683875 13.763266339898108 16.173941293731332 12.966909590410067
leaf_count=110 488322 225 519 227 1038 300 160 269 190 142 110 80 104 120
internal_value=7.04689e-05 0.00383822 0.00211493 0.000823726 0.00384983 -0.00527725 0.0107289 0.0283688 0.00517363 7.00187e-05 0.00682314 -0.000971024 0.00878638 -0.0118016
internal_weight=1915.01 398.104 373.181 360.801 293.846 126.788 167.058 35.0926 131.965 106.214 77.4419 57.5437 43.7804 66.9552
internal_count=491916 3594 3369 3259 2620 1338 1282 496 786 596 454 344 264 639
is_linear=0
shrinkage=0.04


Tree=251
num_leaves=15
num_cat=0
split_feature=29 15 27 45 23 53 22 36 39 9 36 11 0 44
split_gain=4.4343 7.19901 5.48108 17.298 9.64494 10.6589 6.68608 10.8527 21.274 14.537 21.5248 16.5925 11.9143 10.004
threshold=-0.22156344999999997 90.500000000000014 -0.038146445000000008 0.0087924450000000116 0.96527305500000016 2.9125401150000001 0.78727159000000013 0.062632909309461998 0.10045752759737749 0.32293042000000005 0.020199689255708527 904.95386700000006 947.82500000000016 0.42050185613730934
decision_type=2 2 2 2 2 2 2 2 2 2 2 2 2 2
left_child=1 -1 3 4 -2 -6 7 9 -9 10 11 -4 -13 -8
right_child=2 -3 6 -5 5 -7 13 8 -10 -11 -12 12 -14 -15
leaf_value=-0.027278396477131678 -0.0080912131324834876 0.02019408799208243 -0.0085370454023237629 -0.011057573523208224 0.031661467323194921 -0.0066846231425881546 -0.00029188248308634033 0.043449700515380385 0.0045635900513812501 -0.022900366481497288 -0.016407198679295812 0.094552283162387354 -0.00833173337049096 -0.010678452969580402
leaf_weight=15.534151068390658 15.312187801623166 2.8036133042605789 4.2129483569401618 45.119303231600952 55.556480142699002 12.431594812151159 1252.2700239050901 19.790520608702536 266.43447207526924 41.55150620795439 14.182599611230215 3.8506154617907669 1.3148238123744702 163.36075685634751
leaf_count=8852 19713 876 120296 13485 2407 341 11140 4626 11543 215614 30006 11949 23507 17561
internal_value=8.10611e-05 -0.0172489 0.000293669 0.00811152 0.0185326 0.0246723 -0.000295801 0.00460423 0.00795212 -0.00963021 0.0136847 0.0490723 0.0771469 -0.00152384
internal_weight=1913.73 18.3378 1895.39 128.42 83.3003 67.9881 1766.97 351.337 286.225 65.1125 23.561 9.37839 5.16544 1415.63
internal_count=491916 9728 482188 35946 22461 2748 446242 417541 16169 401372 185758 155752 35456 28701
is_linear=0
shrinkage=0.04


Tree=252
num_leaves=15
num_cat=0
split_feature=3 9 2 2 7 3 4 26 2 7 0 12 0 1
split_gain=4.50875 7.84876 6.15699 17.8225 12.5086 9.11438 8.61452 7.57098 13.6402 6.85688 14.9664 18.7232 18.1541 14.9985
threshold=0.5770765000000001 1.914423065 3.1527325000000004 3.1361645000000005 1946.5000000000002 1.0502990000000001 1261.5000000000002 1298.5000000000002 3.1954650000000004 2974.5000000000005 619.53850000000011 1.0000000180025095e-35 546.69600000000014 1.1389130000000003
decision_type=2 2 2 2 2 2 2 2 2 2 2 2 2 2
left_child=1 -1 3 9 7 -5 -7 8 -4 -2 11 -11 -13 -12
right_child=2 -3 4 5 -6 6 -8 -9 -10 10 13 12 -14 -15
leaf_value=0.024727573391853483 -0.001266570879728027 -0.013405340167536806 -0.029306112367145563 -0.010008598225509962 -0.036486035561198164 0.0079464187392149985 0.069396852728554712 0.024539500872192012 0.029603592491597778 -0.018783580642437396 0.02754798732574713 -0.021888932070988996 0.04556626940196451 -0.0030406441494330704
leaf_weight=23.223630288203825 1551.0250204903691 8.7010482769064748 14.228495840598958 3.8403400324291423 17.216369303196643 7.5116814301527466 6.4551005125977099 10.291070522520384 4.7005664080670604 9.4371822454559133 24.477700155453931 4.5273095964257655 34.337415164603954 192.6752437455998
leaf_count=3492 442770 901 12333 2419 2006 3098 37 296 1446 516 2637 1071 593 18301
internal_value=8.4136e-05 0.0139266 -0.000187138 0.000195076 -0.0138363 0.0353351 0.0471546 0.00288995 -0.0115483 -0.000245454 0.00563394 0.0246283 0.0361091 0.000949757
internal_weight=1912.65 31.9247 1880.72 1834.29 46.4365 17.8071 13.9668 29.2201 18.9291 1816.48 265.455 48.3019 38.8647 217.153
internal_count=491916 4393 487523 471442 16081 5554 3135 14075 13779 465888 23118 2180 1664 20938
is_linear=0
shrinkage=0.04


Tree=253
num_leaves=15
num_cat=0
split_feature=33 21 36 39 16 35 45 27 15 45 49 29 45 53
split_gain=4.44073 12.328 11.8979 22.2569 11.9859 9.82173 8.79303 8.15698 6.90442 6.77522 6.76843 7.10766 6.46869 6.2776
threshold=0.0024733450000000018 0.97635714500000004 0.062632909309461998 0.096539658888591687 1317.5000000000002 1.2766842250000001 0.11020290500000009 0.18862718000000003 51.500000000000007 0.085390324999999948 1.5000000000000002 0.36162463500000003 0.039111514999999993 0.16472066000000005
decision_type=2 2 2 2 2 2 2 2 2 2 2 2 2 2
left_child=13 2 8 4 -4 12 7 9 -2 -5 11 -8 -3 -1
right_child=1 5 3 6 -6 -7 10 -9 -10 -11 -12 -13 -14 -15
leaf_value=-0.012673524513572065 -0.023633643748964463 -0.032189294441143573 -0.0078900621802057685 -0.013805304904510048 0.063620158042914488 -0.0037410973526473363 -0.014161735033170225 0.02641594309403927 0.016491670350583073 0.029450648841591213 -0.028084511705305456 0.015692725050827451 0.0006843392559768459 0.0020429802621082251
leaf_weight=43.272526981276314 22.38470997017976 29.010312362941477 3.4701232391998955 18.467916930439063 12.745248720624657 464.36082770425855 18.920896485134108 33.874978254513735 5.2186747727287175 2.7458016688115086 11.543140870833666 22.436508764338214 13.046170613000866 1210.0408800222749
leaf_count=84282 29430 1375 844 867 1103 6236 2308 750 3234 91 652 313 491 359940
internal_value=9.07206e-05 -0.00255818 0.00728082 0.0125411 0.050064 -0.00554995 0.00494067 0.0154947 -0.0146818 -0.00365697 -0.00643887 0.0019801 -0.0230025 0.00148653
internal_weight=1911.54 658.225 151.808 124.205 16.2154 506.417 107.989 55.0887 27.6034 21.2137 52.9005 41.3574 42.0565 1253.31
internal_count=491916 47694 39592 6928 1947 8102 4981 1708 32664 958 3273 2621 1866 444222
is_linear=0
shrinkage=0.04


Tree=254
num_leaves=15
num_cat=0
split_feature=7 9 53 3 17 37 8 7 17 38 8 3 19 2
split_gain=4.40636 7.26607 10.1516 5.65916 9.44843 12.5961 11.7426 8.32637 12.8381 12.7279 10.0426 24.1118 13.16 12.8926
threshold=163.50000000000003 0.14967609500000004 0.10390558250000001 1.6434930000000003 3111.5000000000005 0.85427667571428578 1.7297377250000003 407.50000000000006 1434.5000000000002 0.64849902000000015 0.2868699500000001 0.86109800000000003 0.047833265000000007 2.5130025000000002
decision_type=2 2 2 2 2 2 2 2 2 2 2 2 2 2
left_child=-1 2 -2 7 5 -5 -6 8 9 -3 11 12 13 -9
right_child=1 3 -4 4 6 -7 -8 10 -10 -11 -12 -13 -14 -15
leaf_value=0.022449319546112973 0.0091462866109493692 0.031946831365507501 -0.030740494361106162 0.014688387379070831 0.024950658980332278 -0.023283013847600623 -0.027834763907659189 -0.019389510199275286 0.025307978159094798 -0.020936532036946377 0.0012477527144213975 -0.019788121798334165 0.035515008451689943 0.022241182196689642
leaf_weight=8.9968025257535356 13.220055625678468 5.1306512021337793 22.724517546389507 14.092855630682605 19.102204973485645 60.308703069949843 4.7522970582685948 23.778239314635812 46.733895448882322 22.041250131487686 1528.9410415744446 108.07484303526007 17.890390825898066 15.340196673492299
leaf_count=24924 18127 57446 33888 14819 362 1839 1028 15525 2658 3778 219474 77860 7933 12255
internal_value=8.81629e-05 -7.61811e-05 -0.0167451 0.000288764 -0.00881524 -0.0156186 0.0114337 0.00081817 0.0135196 -0.00753788 0.000225887 -0.0089967 0.0114072 -0.00239369
internal_weight=1911.13 1902.13 35.9446 1866.19 98.2561 74.4016 23.8545 1767.93 73.9058 27.1719 1694.02 165.084 57.0088 39.1184
internal_count=491916 466992 52015 414977 18048 16658 1390 396929 63882 61224 333047 113573 35713 27780
is_linear=0
shrinkage=0.04


Tree=255
num_leaves=15
num_cat=0
split_feature=44 45 51 12 4 7 11 2 24 26 3 3 5 25
split_gain=4.43166 8.71952 10.6801 6.91187 9.77743 9.77223 9.61242 7.85128 6.86099 12.8993 6.66481 20.3517 19.6763 15.9168
threshold=0.10170858139604214 -0.054144424999999934 -0.0092398399999999974 1.0000000180025095e-35 1978.5000000000002 1675.5000000000002 4465.7682720000012 2.9152675000000001 1148.5000000000002 854.50000000000011 1.2367865000000002 1.1022950000000002 1120.6922135000002 684.50000000000011
decision_type=2 2 2 2 2 2 2 2 2 2 2 2 2 2
left_child=1 8 -3 4 -4 7 -7 -5 9 -1 11 -2 -13 -12
right_child=10 2 3 5 -6 6 -8 -9 -10 -11 13 12 -14 -15
leaf_value=0.018099926927296839 -0.0020824509821451586 0.034194864398898156 -0.00068496627728334056 -0.030505952002480966 0.023796899922352115 0.024857264820375601 -0.0075514232550169171 0.0042609209257429906 0.019926516251766526 -0.028668571513937084 0.0012932687586402671 -0.0012515329266270978 0.021951100488557945 -0.013979269102155649
leaf_weight=16.65953865530901 839.66694715022868 9.1862775732297433 149.92119819956133 34.78768650861457 26.537542013218626 15.231834116159005 48.136864292901009 12.554733297554774 71.919275384745561 11.763412988279013 264.09168845081422 107.85257274858304 121.42480318709931 180.22893870107964
leaf_count=128 249704 90 1131 549 183 139 693 157 444 80 153219 75849 2637 6913
internal_value=8.87438e-05 0.00382464 0.000305834 -0.00134488 0.00355111 -0.00896468 0.00148678 -0.0217598 0.0137095 -0.00264929 -0.000899981 0.000814705 0.0112428 -0.00498832
internal_weight=1909.96 396.698 296.356 287.17 176.459 110.711 63.3687 47.3424 100.342 28.423 1513.26 1068.94 229.277 444.321
internal_count=491916 3594 2942 2852 1314 1538 832 706 652 208 488322 328190 78486 160132
is_linear=0
shrinkage=0.04


Tree=256
num_leaves=15
num_cat=0
split_feature=2 2 2 8 2 8 14 0 48 15 26 49 50 0
split_gain=4.42288 22.91 12.4153 24.1424 16.2457 10.5291 10.9516 11.9707 16.6844 18.4103 19.3069 16.1559 17.8993 27.6637
threshold=2.6851510000000007 2.7019100000000003 2.6306915000000006 1.1508646300000003 2.6139950000000005 1.5594971550000001 70.500000000000014 717.78350000000012 0.038856902500000005 27.500000000000004 1913.5000000000002 3.5000000000000004 6.5000000000000009 628.75400000000002
decision_type=2 2 2 2 2 2 2 2 2 2 2 2 2 2
left_child=2 -2 4 -4 -1 6 7 11 9 -9 -11 12 -3 -14
right_child=1 5 3 -5 -6 -7 -8 8 -10 10 -12 -13 13 -15
leaf_value=0.001080592681326286 -0.032430034594165165 -0.017522000405964525 0.028667256713083185 -0.024188707475212602 -0.031224160984785657 -0.020840927073084221 0.015494376706236043 -0.023553147098701377 -0.014201511384215038 0.051496848750600413 -0.012931970972134905 0.014115755688986412 -0.016397938069219683 0.036414492001824693
leaf_weight=1230.3817708429574 33.957311408590613 76.872130747023675 55.589396037754796 13.762114049214686 20.42066657630312 33.626605856441529 65.322429791884588 10.253443972589592 161.57617280868863 16.946271675683878 8.7180704808797582 126.76017984653117 26.561458779207896 27.799271030467935
leaf_count=297677 5725 27219 15910 1678 5845 7757 2315 92161 3851 28301 786 1831 553 307
internal_value=9.17281e-05 -0.00277856 0.00137667 0.0172572 0.000430964 -0.000688896 0.000798048 -0.00145494 -0.00875156 0.0145046 0.0310707 0.00419082 -0.00556208 0.0114019
internal_weight=1908.55 588.393 1320.15 69.3515 1250.8 554.436 520.809 455.487 197.494 35.9178 25.6643 257.993 131.233 54.3607
internal_count=491916 170806 321110 17588 303522 165081 157324 155009 125099 121248 29087 29910 28079 860
is_linear=0
shrinkage=0.04


Tree=257
num_leaves=15
num_cat=0
split_feature=0 4 2 50 7 7 1 11 11 22 7 25 10 29
split_gain=4.43365 10.8526 12.9949 9.63623 12.9175 16.1177 10.5354 9.3529 7.7465 6.78351 12.0164 21.2437 31.3669 14.6356
threshold=1070.5350000000003 982.50000000000011 1.7075790000000002 6.5000000000000009 1430.5000000000002 1013.5000000000001 1.5447735 2768.3381160000004 3899.5634590000004 0.80653819500000001 1053.5000000000002 443.50000000000006 2054.5000000000005 0.20745496500000007
decision_type=2 2 2 2 2 2 2 2 2 2 2 2 2 2
left_child=9 -2 -3 4 5 -4 -5 -7 -9 10 11 -1 -13 -12
right_child=1 2 3 6 -6 7 -8 8 -10 -11 13 12 -14 -15
leaf_value=0.0046432302816942503 -0.03267645118618711 0.028122724066724107 -0.026313036435169232 0.025995439898671219 -0.024934004760683994 -0.017498133590755336 -0.011186740053004376 0.048711817276876762 0.00066208995026405205 -0.00058045651406633987 -0.023625057350399187 -0.00046386130788542189 0.065622283904804055 0.0040269343076476801
leaf_weight=137.55736923916629 16.513917923253302 14.90349902071466 12.3347177935575 21.046981044230051 54.773677897692323 4.2411574168145334 18.898273424638319 11.539695697274512 8.1546962960655929 1393.5985939581205 33.967909842373047 20.632436857122229 20.741011235877522 138.56251095401967
leaf_count=155570 221227 381 2006 729 4207 1059 500 540 175 34426 53570 10452 2392 4682
internal_value=8.2382e-05 -0.00613679 -0.00214948 -0.00650112 -0.0134713 0.00476266 0.00911685 0.0225565 0.0329787 0.000677058 0.0056015 0.0127179 0.0361693 -0.00192926
internal_weight=1907.47 162.407 145.893 130.989 91.0439 36.2703 39.9453 23.9355 19.6944 1745.06 351.461 178.931 41.3734 172.53
internal_count=491916 230824 9597 9216 7987 3780 1229 1774 715 261092 226666 168414 12844 58252
is_linear=0
shrinkage=0.04


Tree=258
num_leaves=15
num_cat=0
split_feature=37 5 8 8 7 1 1 11 26 7 22 22 49 11
split_gain=4.33275 5.75354 10.0154 5.33849 8.55698 15.1603 19.3914 11.6245 19.1966 16.4537 14.6252 13.6309 11.3877 9.31659
threshold=0.20677449285714289 222.46344300000001 0.13551601500000002 0.18084778500000001 665.50000000000011 1.7358175000000002 1.9427590000000003 2728.8325830000003 667.50000000000011 465.50000000000006 1.1130638550000003 0.59713522500000016 3.5000000000000004 1875.4440675000003
decision_type=2 2 2 2 2 2 2 2 2 2 2 2 2 2
left_child=-1 2 -2 -3 5 7 -7 8 9 11 -10 -5 -11 -13
right_child=1 3 -4 4 -6 6 -8 -9 10 12 -12 13 -14 -15
leaf_value=-0.022368767667430449 0.056120067300280879 -0.0086657689065694713 -0.014400456401096478 0.043688158352398788 -0.00059266674475713091 0.043902222574947268 0.0021875736294931876 -0.018318909687770443 -0.017615786593067173 -0.022787709006607784 0.036861318757372183 -0.014591527147414865 0.006065510353141108 0.023659012079381161
leaf_weight=8.655366184992543 2.5289238946988908 100.46821197903046 2.8055966104848267 13.441408969072652 1515.8266531476766 30.486504869892997 36.949647242427091 34.071782582765991 6.5823535143135805 53.432474223964618 36.153033241142111 20.80830691637766 32.209987357422506 11.836472303988556
leaf_count=223099 8418 38544 25409 8891 145630 7568 9131 1666 2146 17210 727 2205 933 339
internal_value=8.25699e-05 0.000243491 0.0300081 8.07195e-05 0.000593895 0.00700587 0.0227746 0.00149272 0.00576439 -0.00203631 0.0275042 0.0161966 -0.0122001 0.000577814
internal_weight=1906.26 1897.6 5.33452 1892.27 1791.8 275.972 67.4362 208.536 174.464 131.729 42.7354 46.0862 85.6425 32.6448
internal_count=491916 268817 33827 234990 196446 50816 16699 34117 32451 29578 2873 11435 18143 2544
is_linear=0
shrinkage=0.04


Tree=259
num_leaves=15
num_cat=0
split_feature=44 14 29 52 1 23 45 1 8 11 28 53 18 2
split_gain=4.31495 8.25102 7.43986 9.49095 7.79841 7.41509 9.88721 9.7669 8.94944 9.83182 7.00251 6.97598 7.65515 10.4211
threshold=0.10170858139604214 77.500000000000014 0.066496835000000018 0.0015380849999999965 1.7282470000000003 1.5986034700000002 0.065356680000000014 1.0609115000000002 1.0012194950000002 4859.103021500001 -0.11638388500000001 0.41818794250000008 0.97214579500000009 2.6851510000000007
decision_type=2 2 2 2 2 2 2 2 2 2 2 2 2 2
left_child=1 2 3 4 -1 7 8 -4 11 -10 -5 -7 13 -13
right_child=-2 -3 5 10 -6 6 -8 -9 9 -11 -12 12 -14 -15
leaf_value=-0.017267167216608124 -0.00088807423366341997 0.024158795791245767 -0.010009553988283617 -0.0069827380220187953 0.029224139489908381 -0.010120883683500354 -0.023880509172310087 0.014198345681400494 -0.029364659025947645 0.0035485359866960992 0.055563405996923443 0.03058534743404949 -0.008495713563625695 0.0022956311720765737
leaf_weight=11.249510679044763 1509.9243515503022 24.499426952796057 32.269315557554364 2.3772344818571582 3.9574314138153559 32.895277177914977 28.954054530709982 95.457125591579825 25.435802578926086 25.934548927471042 7.8110578444320691 34.839157085400075 24.354335570707917 45.531403734348714
leaf_count=603 488322 225 168 237 226 210 171 684 111 161 204 193 137 264
internal_value=8.83834e-05 0.00378021 0.00213141 0.0211054 -0.000930858 0.000456403 -0.0040065 0.00793569 -0.000424703 -0.0139074 0.0434751 0.00491919 0.00988937 0.0156318
internal_weight=1905.49 395.566 371.066 25.3952 15.2069 345.671 217.945 127.726 188.991 51.3704 10.1883 137.62 104.725 80.3706
internal_count=491916 3594 3369 1270 829 2099 1247 852 1076 272 441 804 594 457
is_linear=0
shrinkage=0.04


Tree=260
num_leaves=15
num_cat=0
split_feature=3 2 43 3 21 18 14 13 6 53 8 10 17 0
split_gain=4.30807 8.74694 9.65746 9.09887 9.24735 8.72974 8.17588 7.04262 6.97555 9.93819 11.6353 6.85375 24.2315 17.7217
threshold=0.68480200000000013 2.7513640000000001 0.52005723999999998 0.67384300000000008 0.78062892000000006 0.95454885000000012 12.500000000000002 172.50000000000003 1.6189622600000002 0.44133724500000004 0.59358909000000015 4608.5000000000009 4424.5000000000009 619.53850000000011
decision_type=2 2 2 2 2 2 2 2 2 2 2 2 2 2
left_child=1 3 -3 8 -5 -4 -7 11 9 -1 -11 12 -2 -13
right_child=7 2 5 4 -6 6 -8 -9 -10 10 -12 13 -14 -15
leaf_value=0.018073364540203817 -0.00105118230455106 0.020946124594097379 0.0098530505091551195 -0.014616381012333 0.040754917006514318 0.019114626071146446 -0.040428146344501779 0.021360888208109143 0.026328731495783533 -0.03190285541695681 0.0058641530421652153 0.023058992723807636 0.020357646584787285 -0.011444156677930665
leaf_weight=23.711577808641778 1445.4932989585045 7.9789313198998562 8.3418975556778623 3.2739034229280177 20.265507028059801 1.3622583304622846 17.60004868005899 18.364137346017742 14.512475413735954 18.682097705065644 26.240595938385013 22.403321341082119 84.828082816433835 190.97386312881736
leaf_count=8827 447736 42 2799 2466 271 1595 4378 1203 128 3664 2888 961 4463 10495
internal_value=9.03642e-05 0.00667035 -0.00965042 0.0122583 0.0318423 -0.0204496 -0.0330547 -0.000457159 0.00522228 -0.00072537 -0.0114643 -0.00074736 0.000197975 -0.00737652
internal_weight=1904.03 141.969 35.2831 106.686 23.5394 27.3042 18.9623 1762.06 83.1467 68.6343 44.9227 1743.7 1530.32 213.377
internal_count=491916 27058 8814 18244 2737 8772 5973 464858 15507 15379 6552 463655 452199 11456
is_linear=0
shrinkage=0.04


Tree=261
num_leaves=15
num_cat=0
split_feature=44 39 10 28 3 2 2 8 35 50 0 0 2 0
split_gain=4.27448 6.76307 7.1136 14.3468 6.72054 6.31754 13.2786 16.2689 12.0408 11.9893 15.473 12.9469 15.6544 12.2388
threshold=1.0000000180025095e-35 0.21156294496593567 2579.5000000000005 0.22154566500000009 1.8357250000000003 2.3654035000000007 2.3413125000000004 0.51545548000000008 1.4881528950000003 2.5000000000000004 720.25400000000013 791.20050000000003 2.1139060000000005 643.19900000000018
decision_type=2 2 2 2 2 2 2 2 2 2 2 2 2 2
left_child=1 2 3 -1 5 6 8 -8 -2 10 -10 12 -11 -14
right_child=4 -3 -4 -5 -6 -7 7 -9 9 11 -12 -13 13 -15
leaf_value=0.026970728751192188 -0.0023873898626392449 0.015415241028587949 -0.009347998774400219 -0.018444460473055937 -0.02436470775370898 -0.0027318090393875093 0.053097170778340391 -0.0027493427776169609 0.0012113800383370752 0.019619462576108249 0.037153116866618222 -0.0095418511649116387 0.014490189390986449 -0.019066593861692772
leaf_weight=26.339483747491613 554.13849900273408 67.404453428694978 57.668122283706907 12.97265464439988 13.66610899024681 832.21158235936582 12.711429531529577 14.901637180004398 35.310629318468273 92.585910145018715 37.834919309112593 82.98004111899354 24.745831779262517 37.642912177048856
leaf_count=309 204774 593 733 75 3801 270640 6038 1562 235 916 224 1336 279 401
internal_value=9.76547e-05 0.00616386 -0.000706693 0.011594 -0.000491892 -0.000232901 0.00209853 0.0271581 0.00114734 0.00738165 0.0209901 0.00285262 0.00957996 -0.00566908
internal_weight=1903.11 164.385 96.9803 39.3121 1738.73 1725.06 892.852 27.6131 865.239 311.1 73.1455 237.955 154.975 62.3887
internal_count=491916 1710 1117 384 490206 486405 215765 7600 208165 3391 459 2932 1596 680
is_linear=0
shrinkage=0.04


Tree=262
num_leaves=15
num_cat=0
split_feature=0 37 3 0 53 22 3 10 10 48 47 17 7 53
split_gain=4.35687 10.0967 7.58265 6.74813 17.3002 12.709 9.48682 9.01135 9.77378 8.77233 8.37571 10.2029 10.2212 9.17712
threshold=439.78550000000001 1.508634578571429 1.2786160000000002 522.49850000000015 0.77596399750000011 0.5626995800000002 1.2698415000000003 1043.5000000000002 1111.5000000000002 0.041975379999999986 1.0003737150000001 1583.5000000000002 1107.5000000000002 0.25273271500000005
decision_type=2 2 2 2 2 2 2 2 2 2 2 2 2 2
left_child=1 -1 -3 4 6 -6 10 -5 9 -9 11 -2 -13 -12
right_child=3 2 -4 7 5 -7 -8 8 -10 -11 13 12 -14 -15
leaf_value=-0.029390376012909548 -0.0043924232411987445 0.026075498034953903 -0.016520405824301844 -0.023542206683151802 0.032741422282035963 -0.027093838579664464 0.031337776578651375 0.053969106758912443 -0.00028918144198466627 -0.0080419437751034668 -0.028214285853061016 0.045398391366036267 -0.011990756797115538 0.0057430919509068746
leaf_weight=19.608422831355711 14.840143522395008 10.206427628989333 7.4538937480538143 21.450617930993758 2.5050706340643982 26.816426449498977 32.320462288897943 4.9407491157385248 1665.6867842972206 3.9713569054883919 11.038118235301225 19.384521129513818 3.9866325510911329 56.973528353366419
leaf_count=3649 7013 111 171 208252 965 1308 3779 14461 249618 195 200 1214 261 719
internal_value=0.000102193 -0.0125975 0.00841876 0.000389144 0.00791814 -0.0179567 0.0138291 -0.000377115 -1.11845e-05 0.0333771 0.0073324 0.0211083 0.035221 -0.00132286
internal_weight=1901.18 37.2687 17.6603 1863.91 167.865 29.3215 138.543 1696.05 1674.6 8.91211 106.223 38.2113 23.3712 68.0116
internal_count=491916 3931 282 487985 15459 2273 13186 472526 264274 14656 9407 8488 1475 919
is_linear=0
shrinkage=0.04


Tree=263
num_leaves=15
num_cat=0
split_feature=24 3 0 19 25 3 2 0 45 7 39 53 6 53
split_gain=4.31912 14.2342 12.5033 12.6803 11.5637 11.1266 10.6739 10.1117 9.07145 8.75715 8.74231 15.2366 8.7293 8.16095
threshold=1773.5000000000002 1.1723585000000003 995.80050000000017 0.036133950000000005 2177.5000000000005 1.1318275000000002 1.6535830000000002 982.53300000000002 0.051309184999999931 3048.5000000000005 0.01930288653186896 0.30026044000000007 0.87308360500000004 2.2332609500000005
decision_type=2 2 2 2 2 2 2 2 2 2 2 2 2 2
left_child=2 8 7 5 -3 12 -5 10 13 -10 11 -1 -4 -2
right_child=1 4 3 6 -6 -7 -8 -9 9 -11 -12 -13 -14 -15
leaf_value=0.067085799907741328 0.010050473093330662 0.037175953739234491 -0.019157135203037749 0.016752448658191317 -0.017528588316872293 -0.013637561223542753 -0.025281577744425895 0.026897234715555794 -0.021554307278078812 0.019308118980006148 -0.00024614374012969862 -0.016385853003402437 0.027427436781408146 -0.0076301573533206248
leaf_weight=3.0022433706444636 137.55808118539062 26.997327200049771 4.3826644878990946 7.4454340335278166 4.5172564460808635 29.277385500088712 79.310293880502741 17.751940469672263 37.604729913247866 6.3251532974700231 1463.4484680679266 3.4322460236717234 24.783234347240068 54.847089640981721
leaf_count=46067 2286 405 58058 3497 229 53778 144365 7736 890 396 141294 31040 914 961
internal_value=0.000102347 0.00476157 -0.000674153 -0.0116734 0.0280082 0.0026744 -0.0209579 0.000434924 0.00114565 -0.014299 2.52345e-05 0.0348653 0.0186482 0.00494482
internal_weight=1900.68 267.85 1632.83 145.199 31.5146 58.4433 86.7557 1487.63 236.335 43.9299 1469.88 6.43449 29.1659 192.405
internal_count=491916 5167 486749 260612 634 112750 147862 226137 4533 1286 218401 77107 58972 3247
is_linear=0
shrinkage=0.04


Tree=264
num_leaves=15
num_cat=0
split_feature=2 2 52 2 8 53 4 10 2 14 2 10 2 50
split_gain=4.25246 9.14608 8.3559 8.00826 13.8111 7.94506 13.5961 11.2332 5.83519 15.8791 11.1277 9.9504 8.92452 16.124
threshold=3.1742715000000001 3.1954650000000004 -0.0076065199999999977 3.1361645000000005 1.1508646300000003 1.9042582075000001 1261.5000000000002 3536.5000000000005 2.9992215000000004 28.500000000000004 3.0322910000000003 4112.5000000000009 3.0629330000000006 1.5000000000000002
decision_type=2 2 2 2 2 2 2 2 2 2 2 2 2 2
left_child=3 2 -2 8 5 7 -7 -5 -1 -10 11 -11 13 -12
right_child=1 -3 -4 4 -6 6 -8 -9 9 10 12 -13 -14 -15
leaf_value=0.00063589398850623065 0.017926803411078281 0.020891379231869601 -0.031535132155708821 0.027922713661134375 -0.019895715644455914 -0.011348766579827087 0.071928548791152833 -0.026940626726958929 -0.025039696460515338 -0.02629529571886241 -0.014808678785460222 0.015215412402423087 -0.00079509166349422619 0.049217058924529551
leaf_weight=1701.1817610272394 3.3714431989519715 5.7015584280079556 22.363428204385855 10.906739214129631 7.6567065505855672 2.6071922729265662 7.0003348074096721 4.8199025068388428 48.321474114173725 24.225260752898066 6.4309981755182006 9.6245498879034113 30.745916563148057 14.940067939925937
leaf_count=423041 1472 1678 5745 11239 1234 307 78 203 39590 1839 1420 454 3475 141
internal_value=0.000106505 -0.0134279 -0.0231931 0.000369448 0.0185472 0.0315301 0.0531804 0.00866542 -6.78027e-06 -0.00787884 0.0026133 -0.0140533 0.0137208 0.0307956
internal_weight=1899.9 31.4364 25.7349 1868.46 32.9909 25.3342 9.60753 15.7266 1835.47 134.288 85.9668 33.8498 52.117 21.3711
internal_count=491916 8895 7217 483021 13061 11827 385 11442 469960 46919 7329 2293 5036 1561
is_linear=0
shrinkage=0.04


Tree=265
num_leaves=15
num_cat=0
split_feature=33 3 14 53 54 39 47 53 24 2 40 21 45 40
split_gain=4.22655 6.57777 8.23819 8.71447 9.08085 10.0659 7.13126 6.56091 6.52503 6.49981 10.8951 10.6719 9.86476 9.20014
threshold=-0.0029100848000000006 0.68480200000000013 15.500000000000002 2.4903600125000005 1.0000000180025095e-35 0.11029998264640127 0.75642939750000016 3.3845408550000005 645.50000000000011 2.3724420000000008 0.81349169999999738 1.8450472200000003 0.030644764999999994 12.326860100000001
decision_type=2 2 2 2 2 2 2 2 2 2 2 2 2 2
left_child=9 2 6 4 5 -4 -2 -5 -6 10 12 13 -1 -11
right_child=1 -3 3 7 8 -7 -8 -9 -10 11 -12 -13 -14 -15
leaf_value=0.0067582752430347575 -0.011113105028360031 -0.0018558830636484114 0.034718426860714788 0.038385425908523396 0.011642192742524484 -0.0024541774727979012 0.041066006235978482 -0.010668376685489421 -0.025316997674781391 -0.022990037723666173 0.015721837197766056 0.0039689248727825515 -0.017953674612118591 0.0052264681250055438
leaf_weight=74.234199643741249 3.1198931060112072 1283.2115683859863 11.062819897344523 11.182673692624574 6.8098899921537841 40.375251477833444 12.925568989900055 3.4887448214840324 26.801281970229411 48.266518912757419 127.05764170849034 191.45191353841801 33.390482780514503 25.896031936542386
leaf_count=9804 8742 429238 970 1428 9224 487 152 185 4469 18166 1922 2087 4712 330
internal_value=0.000106836 -0.0010225 0.00790958 0.00295371 -0.00245758 0.00790808 0.0306904 0.026974 -0.0172908 0.00324365 0.00802072 -0.00104732 -0.00136528 -0.0134296
internal_weight=1899.27 1398.98 115.766 99.7207 85.0492 51.4381 16.0455 14.6714 33.6112 500.297 234.682 265.614 107.625 74.1626
internal_count=491916 454895 25657 16763 15150 1457 8894 1613 13693 37021 16438 20583 14516 18496
is_linear=0
shrinkage=0.04


Tree=266
num_leaves=15
num_cat=0
split_feature=7 1 9 53 7 1 3 3 23 23 8 3 26 3
split_gain=4.16455 7.25918 6.5287 9.41315 5.26358 12.6308 11.5813 10.793 16.023 10.7812 10.6448 29.3574 15.5312 20.3456
threshold=163.50000000000003 1.6929640000000001 0.14967609500000004 0.10390558250000001 665.50000000000011 1.1029820000000001 0.89791050000000017 1.5605365000000002 1.0002290650000003 1.5986034700000002 0.41558532000000009 0.98921500000000007 1574.5000000000002 1.2905315000000004
decision_type=2 2 2 2 2 2 2 2 2 2 2 2 2 2
left_child=1 -1 3 -2 5 6 -4 -7 -9 -8 11 -6 13 -13
right_child=2 -3 4 -5 10 7 9 8 -10 -11 -12 12 -14 -15
leaf_value=0.03784879538441091 0.0088683006936891642 -0.016224246443834935 0.026179095832411452 -0.029650985418616452 0.0027327008641631445 0.010688111251231695 -0.027862239103454676 0.019832109871031976 -0.031618058686696052 0.022751857115018304 0.00082512614403685625 -0.039607206813783755 0.017439266976070632 0.0029428062360449155
leaf_weight=6.3654139119821576 13.225980650955988 2.6519918890562622 5.678282323723578 22.204715154166252 160.5852962473532 257.08626365917462 37.738435441006004 11.50968944958686 20.064521163918471 4.1119921206263816 1255.5938226926437 68.575118765330444 9.5476820391886559 22.923327668944694
leaf_count=15427 18127 9497 2319 33888 57176 144302 8965 14446 684 78 147929 28202 321 10555
internal_value=0.000109115 0.0218314 -5.19518e-05 -0.0159536 0.000294135 0.00478389 -0.0134008 0.00795523 -0.0127158 -0.0209918 -0.000713158 -0.00797256 -0.0243124 -0.0293469
internal_weight=1897.86 9.01741 1888.85 35.4307 1853.41 336.189 47.5287 288.66 31.5742 41.8504 1517.23 261.631 101.046 91.4984
internal_count=491916 24924 466992 52015 414977 170794 11362 159432 15130 9043 244183 96254 39078 38757
is_linear=0
shrinkage=0.04


Tree=267
num_leaves=15
num_cat=0
split_feature=9 50 8 7 43 2 2 10 45 12 38 9 14 5
split_gain=4.17607 8.78964 7.81774 5.65075 13.5913 12.9281 15.1208 16.5925 10.6071 19.2787 16.4944 15.256 13.0861 20.1303
threshold=4.2925328600000006 4.5000000000000009 1.7297377250000003 2617.5000000000005 1.3211734100000003 3.1596645000000003 2.9023725000000007 4467.5000000000009 -0.0081973599999999886 1.0000000180025095e-35 1.5399445550000002 3.0561676400000004 57.500000000000007 1236.7657510000001
decision_type=2 2 2 2 2 2 2 2 2 2 2 2 2 2
left_child=3 -2 -3 -1 5 6 8 -8 12 -10 -11 -12 -5 -14
right_child=1 2 -4 4 -6 -7 7 -9 9 10 11 -13 13 -15
leaf_value=-0.00066818268380851894 -0.029251312556557434 -0.020221992457606912 0.017799420343391426 0.0074953874920436689 -0.020772569105234999 -0.031154039231690484 0.061027522858119319 0.010985579973220021 -0.0078716491623422973 0.041948183128761717 -0.016125863739609139 0.030414589599109785 -0.03839591207134508 0.0042608114540184797
leaf_weight=1497.0091369027723 18.388185245338263 9.1052982637338591 17.66133364874986 93.673187821237661 25.531087083747025 8.7455108588910644 12.192237639799712 35.489266917807981 40.353152981639141 38.385153789131436 21.020170546951704 15.015388566069303 27.181296710507013 37.375690492277499
leaf_count=457173 3572 57 246 980 25662 95 62 358 946 1209 380 376 500 300
internal_value=0.000104375 -0.0112853 0.00371841 0.000411718 0.00491209 0.00718347 0.00869121 0.0283591 0.00480786 0.0137934 0.0252968 0.00460971 -0.00193274 -0.0151685
internal_weight=1897.13 45.1548 26.7666 1851.97 354.962 329.431 320.686 47.6815 273.004 114.774 74.4207 36.0356 158.23 64.557
internal_count=491916 3875 303 488041 30868 5206 5111 420 4691 2911 1965 756 1780 800
is_linear=0
shrinkage=0.04


Tree=268
num_leaves=15
num_cat=0
split_feature=29 1 53 27 3 13 25 14 1 3 17 28 8 14
split_gain=4.14518 7.62408 6.09984 5.1227 4.77296 4.67164 5.6959 5.4529 14.1441 18.822 14.4962 11.7873 9.92178 9.51469
threshold=-0.22156344999999997 1.7449310000000002 2.2995219625000005 -0.096246289999999887 1.4732115000000003 196.50000000000003 1212.5000000000002 53.500000000000007 1.748264 1.1446505000000002 6426.5000000000009 0.10749353500000004 1.6135680100000003 30.500000000000004
decision_type=2 2 2 2 2 2 2 2 2 2 2 2 2 2
left_child=1 -1 -3 4 -2 7 -7 13 9 10 -9 -11 -10 -5
right_child=3 2 -4 5 -6 6 -8 8 12 11 -12 -13 -14 -15
leaf_value=-0.029496681524781024 0.021228417269842762 -0.014329278525105897 0.040110861365637074 -0.0015421603447053451 -0.0094032239680645006 -0.0042349941690737383 0.03554656819194503 -0.023680520497266211 0.0097734963741600497 -0.025635133728106798 0.0049532016319099046 0.017562660563375972 -0.021363164818815252 0.0051248464465765507
leaf_weight=13.422995708323926 28.056293726774584 2.7599953366684522 1.7194954734331984 959.60160787301015 7.5880364340982842 8.7112813643225326 7.8623439634320667 126.37420179105357 113.52569871357628 8.0568814143580294 34.095045801898777 44.168585404677287 14.211946429628368 526.23481855293267
leaf_count=6507 2487 2425 796 409998 856 866 87 7779 4384 3289 2033 446 1877 48086
internal_value=0.000100865 -0.0168142 0.0167023 0.000306278 0.0143529 -3.51412e-06 0.0185015 -0.000221507 -0.00474931 -0.010972 -0.0176309 0.00924093 0.00563504 0.000828345
internal_weight=1896.39 17.9025 4.47949 1878.49 35.6443 1842.84 16.5736 1826.27 340.432 212.695 160.469 52.2255 127.738 1485.84
internal_count=491916 9728 3221 482188 3343 478845 953 477892 19808 13547 9812 3735 6261 458084
is_linear=0
shrinkage=0.04


Tree=269
num_leaves=15
num_cat=0
split_feature=37 37 26 48 7 8 1 45 28 27 51 42 17 6
split_gain=4.08684 5.54706 11.7974 9.77988 15.8054 15.1866 17.185 12.7821 9.12887 11.2993 7.56655 7.55824 7.37703 7.19561
threshold=0.20677449285714289 0.67988454857142877 314.50000000000006 0.0119451225 584.50000000000011 0.33245659000000005 1.1389130000000003 0.13111237499999998 0.10749353500000004 0.11835638999999999 0.95405289000000015 1.0399837350000001 1434.5000000000002 0.82642940500000017
decision_type=2 2 2 2 2 2 2 2 2 2 2 2 2 2
left_child=-1 2 3 4 11 -5 -7 8 -8 -10 -9 -2 -3 -14
right_child=1 12 -4 5 -6 6 7 10 9 -11 -12 -13 13 -15
leaf_value=-0.02190941836692151 0.062367195465018767 -0.014532736919326099 -0.0044733652897982982 -0.014752004816029275 -0.0022740860853947072 -0.012734360189282508 -0.012422999609984331 -0.025902049262135154 0.0783530772488054 0.020421329897935638 0.022467824828472427 -0.0088630048528327097 -0.02533396857489191 0.00027568223912075517
leaf_weight=8.4078664425251173 13.871193865200441 52.865069393355043 86.388247991684693 28.836479732457065 11.687143582794304 16.54226472697701 2.2206472138223061 5.9623643509421509 9.3851542326128783 16.741707016775763 4.8894373370476387 1.4226483923575859 12.745421498047106 1623.8027706524608
leaf_count=223099 9309 7586 112737 11959 38707 1451 7101 2189 1279 260 161 27762 11374 36942
internal_value=9.6913e-05 0.000252578 0.00650137 0.0148272 0.0338348 0.00721357 0.0188558 0.0321195 0.0444235 0.0504746 -0.00389568 0.0551901 -0.000496613 -3.22839e-07
internal_weight=1895.77 1887.36 197.947 111.559 26.981 84.5781 55.7416 39.1993 28.3475 26.1269 10.8518 15.2938 1689.41 1636.55
internal_count=491916 268817 212915 100178 75778 24400 12441 10990 8640 1539 2350 37071 55902 48316
is_linear=0
shrinkage=0.04


Tree=270
num_leaves=15
num_cat=0
split_feature=0 38 3 15 2 1 2 39 1 19 14 2 3 5
split_gain=4.10603 9.71233 11.5863 6.61349 10.8321 17.6295 5.27222 11.2455 23.7889 9.99715 9.74158 14.0654 11.5123 9.47806
threshold=439.78550000000001 1.6295460600000002 1.1318275000000002 5.5000000000000009 1.7961265000000002 1.3317330000000001 1.7660510000000003 0.054980195624544287 1.7282470000000003 0.051331545000000013 34.500000000000007 2.7513640000000001 1.2145895000000004 449.07011900000003
decision_type=2 2 2 2 2 2 2 2 2 2 2 2 2 2
left_child=1 -1 -3 4 -2 -6 9 8 -8 -5 11 12 -10 -9
right_child=3 2 -4 6 5 -7 7 13 10 -11 -12 -13 -14 -15
leaf_value=-0.033463945837129951 -0.021059962835181089 0.031346165284747547 -0.016812080467121002 0.0018625363523351503 0.059077231189850886 -0.0039047262266579496 -0.026410824438303226 0.023973485377418835 0.071785609875930453 0.023860476890059098 -0.012064709006349901 -0.013681248336282145 -0.011158389982427956 -0.00036661196165233353
leaf_weight=14.043142987091413 5.0823878062574321 9.0042897085368185 13.816361712219075 194.93887323571607 9.7948195437502381 12.578958260679654 63.006947322410269 21.041466061718893 6.9502042378403548 35.066642405427956 7.7440968748478545 4.4139805649324435 1.9006973931318496 1496.0131221877068
leaf_count=3598 6095 99 234 24105 12156 61534 194499 21692 22187 4555 13855 73760 12839 40708
internal_value=9.63182e-05 -0.0122927 0.00440819 0.000374377 0.0182727 0.0294222 5.69702e-05 -0.000761985 -0.0145796 0.00565264 0.0191589 0.0357 0.0563755 4.86286e-05
internal_weight=1895.4 36.8638 22.8207 1858.53 27.4562 22.3738 1831.08 1601.07 84.0159 230.006 21.009 13.2649 8.8509 1517.05
internal_count=491916 3931 333 487985 79785 73690 408200 379540 317140 28660 122641 108786 35026 62400
is_linear=0
shrinkage=0.04


Tree=271
num_leaves=15
num_cat=0
split_feature=48 39 1 17 1 32 15 26 12 27 53 0 4 45
split_gain=4.05388 18.592 21.8585 14.0901 11.7382 11.4654 11.8996 15.8634 10.5134 10.5554 10.4209 12.9972 10.4765 10.0552
threshold=0.093803340000000054 0.25863827904006409 1.4619615000000004 2051.5000000000005 1.4955780000000003 0.014605703666666671 19.500000000000004 667.50000000000011 1.0000000180025095e-35 0.096699109999999991 3.6112057200000005 906.61700000000008 2222.5000000000005 0.028895794999999922
decision_type=2 2 2 2 2 2 2 2 2 2 2 2 2 2
left_child=5 -2 3 -3 -4 13 -7 8 -8 -10 11 -6 -13 -1
right_child=1 2 4 -5 10 6 7 -9 9 -11 -12 12 -14 -15
leaf_value=0.001825513011410978 -0.0082107837042158932 -0.0099247443711561589 -0.030162733914406326 0.026756882088213012 0.0086726294835360578 0.022253386240006088 -0.016715977573920265 0.011389987446869332 -0.00831379406210867 0.029193106169167891 -0.024009483618800502 -0.023986960331436925 0.011368925080803774 -0.0079591339561947486
leaf_weight=569.7023952732718 387.71930360698389 18.048520168289542 16.471201833512168 80.548658983432688 171.06332906507305 66.165044942744316 69.959802105985545 169.28911400440848 24.698406120876825 15.717683748174748 19.727178518893197 36.91511583852116 16.132916552014649 232.59650848962519
leaf_count=380608 3265 109 82 566 1036 1931 2639 1149 738 135 119 260 88 99191
internal_value=9.89327e-05 -0.00218701 0.00434375 0.0198873 -0.00180748 0.00158851 0.00762105 0.00382917 -0.00775829 0.00788062 0.000675488 0.00332491 -0.0131815 -0.0010429
internal_weight=1894.76 746.626 358.907 98.5972 260.31 1148.13 345.83 279.665 110.376 40.4161 243.839 224.111 53.048 802.299
internal_count=491916 5525 2260 675 1585 486391 6592 4661 3512 873 1503 1384 348 479799
is_linear=0
shrinkage=0.04


Tree=272
num_leaves=15
num_cat=0
split_feature=33 21 36 39 16 6 45 40 15 49 10 29 11 38
split_gain=4.04577 11.3328 10.6203 19.5583 10.617 9.76153 7.95112 8.30639 6.63573 6.38837 6.30896 6.15838 6.00958 6.5083
threshold=0.0024733450000000018 0.97635714500000004 0.062632909309461998 0.096539658888591687 1317.5000000000002 1.2762179300000003 0.11020290500000009 20.525928700000012 51.500000000000007 1.5000000000000002 1999.5000000000002 0.36162463500000003 2308.9589405000006 2.1514405650000001
decision_type=2 2 2 2 2 2 2 2 2 2 2 2 2 2
left_child=-1 2 8 4 -4 -3 7 -5 -2 11 -9 -8 -7 -14
right_child=1 5 3 6 -6 12 9 10 -10 -11 -12 -13 13 -15
leaf_value=0.0014310444329758856 -0.023118452821294572 -0.022704136791035757 -0.0078528285611182223 -0.013823755985210674 0.058831125522249679 0.0068627869241894889 -0.01333201950075966 0.0030657865942911589 0.016334931830399243 -0.027545084941092021 0.033050690682637655 0.014626126893954591 -0.0098261485948139878 0.00059703157538621235
leaf_weight=1241.723167268726 21.511765717475559 42.13158045493401 3.4621921975112881 9.7105149981080086 13.409132719779334 70.895310825406341 18.408393158934814 19.554460364186525 5.2074317137057724 11.191002858435239 25.448168476210412 22.417926618669298 224.03520800383558 163.89143018008326
leaf_count=444222 29430 2286 844 679 1103 1031 2308 706 3234 652 323 313 3063 1722
internal_value=9.31526e-05 -0.00244915 0.00702813 0.0119578 0.0464799 -0.00533434 0.0046649 0.0147079 -0.0140663 -0.00626206 0.0216311 0.00194074 -0.00351179 -0.005471
internal_weight=1893 651.275 150.321 123.602 16.8713 500.954 106.73 54.7131 26.7192 52.0173 45.0026 40.8263 458.822 387.927
internal_count=491916 47694 39592 6928 1947 8102 4981 1708 32664 3273 1029 2621 5816 4785
is_linear=0
shrinkage=0.04


Tree=273
num_leaves=15
num_cat=0
split_feature=8 13 7 7 3 10 17 11 24 7 8 7 1 9
split_gain=4.01557 5.42037 4.37347 7.45482 11.5759 4.73848 22.5684 11.0113 10.5736 9.97941 11.7504 8.84614 7.20296 9.64636
threshold=2.0953895900000004 156.50000000000003 6128.0000000000009 5447.5000000000009 0.80981300000000012 4608.5000000000009 4424.5000000000009 4167.843487000001 1636.5000000000002 2125.5000000000005 0.7415485850000002 1243.5000000000002 2.3414245000000005 3.1425681900000004
decision_type=2 2 2 2 2 2 2 2 2 2 2 2 2 2
left_child=2 -2 3 5 -5 6 12 8 -8 11 -11 -7 13 -1
right_child=1 -3 -4 4 -6 9 7 -9 -10 10 -12 -13 -14 -15
leaf_value=0.00027887346884897956 -0.024582220233131769 0.016248343750716196 -0.026053222109756548 0.038450934431690502 -0.018659781406762169 0.01829630655983925 -0.0092207752806134705 0.032338284569322695 0.02362307051322449 0.019652577301963795 -0.0055406214826222233 -0.033880803010852251 0.024082521888941919 -0.012372434010989218
leaf_weight=1383.4228094975517 16.206642540856596 3.0683857704316315 5.0240941591359833 13.537101789751434 4.6460084922509841 3.0337196162836362 30.784560931086162 45.81977530691529 23.370711478228259 29.727308214922232 197.76041974919372 23.505623438295515 14.158424705555715 98.640310553988456
leaf_count=451566 9218 400 677 641 137 234 2499 1585 385 450 7964 932 6817 8411
internal_value=9.04383e-05 -0.0160745 0.000299097 0.000439303 0.0229812 0.000156432 0.000968002 0.0188966 0.00575168 -0.00486337 -0.00189661 -0.0259614 -0.000288902 -0.000601917
internal_weight=1892.71 19.275 1873.43 1868.41 18.1831 1850.22 1596.2 99.975 54.1553 254.027 227.488 26.5393 1496.22 1482.06
internal_count=491916 9618 482298 481621 778 480843 471263 4469 2884 9580 8414 1166 466794 459977
is_linear=0
shrinkage=0.04


Tree=274
num_leaves=15
num_cat=0
split_feature=44 4 23 3 42 54 3 2 2 8 11 35 7 12
split_gain=4.03334 6.43241 10.3772 8.50611 7.45698 7.29024 6.1286 6.13119 12.1728 14.6159 11.6451 11.3765 11.5105 18.8875
threshold=1.0000000180025095e-35 1212.5000000000002 1.7348539100000002 1.6905570000000003 -0.85175970499999998 1.0000000180025095e-35 1.8357250000000003 2.3654035000000007 2.3413125000000004 0.51545548000000008 1860.3573225000002 1.4881528950000003 529.50000000000011 1.0000000180025095e-35
decision_type=2 2 2 2 2 2 2 2 2 2 2 2 2 2
left_child=1 2 -1 -4 -3 -6 7 8 11 10 -10 12 -2 -14
right_child=6 4 3 -5 5 -7 -8 -9 9 -11 -12 -13 13 -15
leaf_value=0.013799860011251755 0.010718910418136347 0.016688502938458631 -0.032037323525027431 0.0080876558998439572 0.015628086634114392 -0.021748041457057922 -0.023477286540162186 -0.0027044652302544605 -0.011813475750265113 -0.0024734008678441687 0.063967024216862803 0.0072276071229716299 -0.0098732678374130727 0.0077326723940349734
leaf_weight=22.273069129325449 86.441329414985375 85.820476847176906 19.919110395479951 10.237901678308843 9.7183106485754269 15.106441014911978 13.349263699314177 827.64028234810189 2.3630713712354945 14.797757038463258 10.399928810244999 309.39614478164003 331.54357203214431 132.9862109709079
leaf_count=193 82596 879 287 83 84 184 3801 270640 5481 1562 557 3391 99170 23008
internal_value=9.11244e-05 0.00600721 -0.00520177 -0.0192025 0.0113139 -0.00694915 -0.000482607 -0.000235974 0.00206717 0.0260785 0.0505604 0.00115177 -0.00229442 -0.00480434
internal_weight=1891.99 163.075 52.4301 30.157 110.645 24.8248 1728.92 1715.57 887.928 27.5608 12.763 860.367 550.971 464.53
internal_count=491916 1710 563 370 1147 268 490206 486405 215765 7600 6038 208165 204774 122178
is_linear=0
shrinkage=0.04


Tree=275
num_leaves=15
num_cat=0
split_feature=52 25 28 0 41 45 26 45 43 8 3 24 1 23
split_gain=4.00605 7.07735 4.41302 6.641 6.29294 17.3924 7.86953 14.7648 15.4437 10.751 15.432 10.7659 10.8703 12.3014
threshold=0.023925490000000004 1002.5000000000001 -0.038203009999999989 743.75650000000007 3.5400545000000028 -0.004234135000000013 693.50000000000011 -0.031407305000000031 0.61904502000000006 0.36391419500000005 0.66621150000000007 279.50000000000006 1.7449310000000002 0.90406484500000006
decision_type=2 2 2 2 2 2 2 2 2 2 2 2 2 2
left_child=2 -2 3 -1 6 -6 7 8 -4 10 -9 -12 13 -13
right_child=1 -3 4 -5 5 -7 -8 9 -10 -11 11 12 -14 -15
leaf_value=-0.0010412747058400071 -0.010750900000424311 0.045468742478602164 0.0056220615114325077 -0.026042726782057182 0.021060971059007245 -0.0067948366494945669 -0.0029306951975584202 0.037039938956450955 -0.020084675617000211 0.0087144469531353491 0.01640112990513019 -0.021716770795865169 0.0093148817178089292 0.0029939112708378293
leaf_weight=51.613240097110975 3.6752385013821813 3.0976684847946672 63.745663939509541 20.676737226005571 73.456908009013887 62.586284787763361 881.49984928120921 10.059611053341085 79.800985013177524 433.57104805705103 27.793400585045674 93.114484042092499 38.712699885204756 46.366013656777795
leaf_count=21176 7737 66 404 42473 31209 43025 22711 8095 31320 86205 151843 29873 14953 826
internal_value=9.15406e-05 0.0233523 -5.37479e-05 -0.00941444 0.000344861 0.0084594 -0.000337552 0.0025447 -0.00886394 0.00511412 -0.00214485 -0.00489091 -0.00856891 -0.0136831
internal_weight=1889.77 6.77291 1883 72.29 1810.71 136.043 1674.66 793.164 143.547 649.617 216.046 205.987 178.193 139.48
internal_count=491916 7803 484113 63649 420464 74234 346230 323519 31724 291795 205590 197495 45652 30699
is_linear=0
shrinkage=0.04


Tree=276
num_leaves=15
num_cat=0
split_feature=37 39 53 19 0 51 45 45 22 18 7 3 29 18
split_gain=3.99713 5.23351 19.8341 6.24019 4.42821 4.20174 7.01293 4.90413 9.3962 11.2972 11.8988 11.7157 9.50892 8.75276
threshold=0.20677449285714289 0.01930288653186896 0.30026044000000007 0.031314705000000005 947.82500000000016 0.97552844500000002 0.41697223500000008 0.15695614000000005 0.5626995800000002 0.9522149550000002 1887.5000000000002 1.0625770000000003 1.0000000180025095e-35 0.96143652000000013
decision_type=2 2 2 2 2 2 2 2 2 2 2 2 2 2
left_child=-1 2 3 -2 -5 7 -7 -3 9 10 -9 -11 -10 -13
right_child=1 5 -4 4 -6 6 -8 8 12 11 -12 13 -14 -15
leaf_value=-0.021734168621024782 -0.0059318837882037911 0.0005093416285079389 -0.020245338431786403 0.089320601621665649 -0.0036559468697894872 -0.016494844511641873 0.0348039769804376 -0.0043751237567678279 0.027150612414765591 -0.021748963615618063 0.046009271165390164 -0.011917740562414656 -0.026264982948651962 0.02146654447677936
leaf_weight=8.3296270633297791 0.86327117730433967 1713.2926844724966 5.0805420393085114 1.6270650769611168 0.50271000144266498 2.7820213868844794 8.0566260883961132 13.290718413579272 1.9522752722177745 39.502903645619426 10.156231413072417 18.214130823694177 42.171362049266463 23.394638672632027
leaf_count=223099 6946 181595 49582 5819 10941 286 223 1136 1996 3235 754 1548 2533 2223
internal_value=9.32257e-05 0.000247257 0.0254675 0.0671878 0.0802011 7.10116e-05 0.0205863 -0.000103222 -0.00694882 -0.000161687 0.0217001 -0.00737435 -0.0213786 0.00714189
internal_weight=1889.22 1880.89 8.07359 2.99305 2.12978 1872.81 10.8386 1861.97 148.682 104.559 23.4469 81.1117 44.1236 41.6088
internal_count=491916 268817 73288 23706 16760 195529 509 195020 13425 8896 1890 7006 4529 3771
is_linear=0
shrinkage=0.04


Tree=277
num_leaves=15
num_cat=0
split_feature=2 53 9 2 8 53 4 16 16 2 14 2 16 15
split_gain=3.90709 8.5853 9.50179 7.4435 12.5634 8.36412 10.5759 10.3649 6.40034 5.68801 14.6055 10.2512 9.20885 8.86142
threshold=3.1742715000000001 1.2137988850000003 1.0269605700000002 3.1361645000000005 1.1189101700000001 1.9042582075000001 1261.5000000000002 3497.5000000000005 3279.5000000000005 2.9992215000000004 28.500000000000004 3.0322910000000003 4124.5000000000009 32.500000000000007
decision_type=2 2 2 2 2 2 2 2 2 2 2 2 2 2
left_child=3 2 8 9 5 7 -7 -5 -2 -1 -11 12 -12 -13
right_child=1 -3 -4 4 -6 6 -8 -9 -10 10 11 13 -14 -15
leaf_value=0.00062172686512380459 -0.027072450608993451 -0.036293612051792781 0.034267887663524482 0.027466565712881925 -0.017222056741346366 -0.0085635893528273922 0.070335867855136111 -0.024836380661616295 0.014570779970346399 -0.024426587373518393 -0.025720868996550565 0.036153170168894529 0.014332891259285406 0.0019402638892149829
leaf_weight=1691.6906737471256 10.767325300970251 9.8651473236041038 5.0989909087611514 10.387215971719344 8.5058972205265473 2.267447138010537 6.4502518629014958 5.2697917193618187 5.4759321839001123 47.548189208305303 23.83625667258957 12.998399788231835 9.6419952541673393 38.944615182943835
leaf_count=423041 7399 1014 318 11191 1283 278 72 237 164 39590 1838 1577 455 3459
internal_value=9.8154e-05 -0.012916 0.00272769 0.000350884 0.0179009 0.0310028 0.0541729 0.00811199 -0.0129085 -1.34248e-05 -0.00782377 0.00225757 -0.0138216 0.0129246
internal_weight=1888.75 31.2074 21.3422 1857.54 32.8806 24.3747 8.7177 15.657 16.2433 1824.66 132.969 85.4213 33.4783 51.943
internal_count=491916 8895 7881 483021 13061 11778 350 11428 7563 469960 46919 7329 2293 5036
is_linear=0
shrinkage=0.04


Tree=278
num_leaves=15
num_cat=0
split_feature=0 21 3 0 8 22 39 37 26 29 9 9 40 10
split_gain=3.9079 9.29022 9.03593 6.23216 15.5787 14.0479 10.5152 16.5947 14.1458 16.0561 12.3563 9.90259 9.32177 8.3441
threshold=439.78550000000001 1.4878878100000001 1.1318275000000002 522.49850000000015 0.51545548000000008 0.5626995800000002 0.21156294496593567 1.2566305035714289 536.50000000000011 0.0076606300000000016 0.46783492500000007 0.41570106500000009 21.771313199999991 1043.5000000000002
decision_type=2 2 2 2 2 2 2 2 2 2 2 2 2 2
left_child=1 -1 -3 4 6 -6 7 8 9 -2 12 -9 -11 -5
right_child=3 2 -4 13 5 -7 -8 11 -10 10 -12 -13 -14 -15
leaf_value=-0.032148318884804773 0.039519623934431584 0.02791172128093038 -0.015042972363123318 -0.022835950631530665 0.028161386206604466 -0.025774710608707056 0.030819739559793044 -0.03475244879819489 0.04795999303487293 -0.029101775280023633 0.022313379207528114 0.004842137544520341 0.022743085813789247 -1.9492439756849983e-05
leaf_weight=14.597817279455738 11.293672910922394 9.2138571348041314 12.728151219431309 21.046782440126663 5.5326460137339373 29.307053813441598 36.233850307049579 15.007795907324178 13.353520677530467 24.294497442625474 11.10699526812459 18.277814149274491 2.9425773511538855 1663.2118033990105
leaf_count=3618 6804 95 218 208252 1019 1350 359 282 291 4572 543 213 26 264274
internal_value=9.76865e-05 -0.0120363 0.004827 0.000368911 0.00761381 -0.0147501 0.0138163 0.00621136 0.017821 0.0060661 -0.00720933 -0.0152173 -0.0208419 -0.000371359
internal_weight=1888.15 36.5398 21.942 1851.61 167.35 34.8397 132.511 96.2769 62.9913 49.6377 38.3441 33.2856 27.2371 1684.26
internal_count=491916 3931 313 487985 15459 2369 13090 12731 12236 11945 5141 495 4598 472526
is_linear=0
shrinkage=0.04


Tree=279
num_leaves=15
num_cat=0
split_feature=13 14 0 7 1 16 3 13 36 7 53 2 11 10
split_gain=3.91788 5.02815 12.0833 15.9959 15.367 10.1668 11.6363 11.9924 10.4939 9.34736 14.9231 18.8091 16.3335 15.0861
threshold=196.50000000000003 57.500000000000007 628.75400000000002 3609.5000000000005 1.7321605000000002 6186.0000000000009 1.1540925000000002 63.500000000000007 0.16884731649510068 2617.5000000000005 2.2332609500000005 2.5698615000000005 4859.103021500001 6196.5000000000009
decision_type=2 2 2 2 2 2 2 2 2 2 2 2 2 2
left_child=1 9 3 -3 5 6 -4 8 -8 -1 -11 -12 -13 -14
right_child=-2 2 4 -5 -6 -7 7 -9 -10 10 11 12 13 -15
leaf_value=-0.00040492965814151107 0.016792915776940844 -0.0047383105417844488 -0.029273227115060002 0.039437993963798268 0.003482578540885527 0.0035206443282726676 0.042704948384782705 -0.019958961805909073 -0.016340029643791828 0.021762213991263667 0.012562326544003383 -0.037059407533096278 0.021720962045811192 -0.034541287689059244
leaf_weight=1373.6448958952742 17.231834469097521 31.693073345134508 83.418621581767638 16.320408690057775 99.459699889612693 30.114144474876866 8.5650339558078503 17.075922750485915 4.1715284121892173 78.638051486056611 74.586002649247803 26.220628399772522 19.814629909040836 6.080784386648701
leaf_count=450370 984 997 6128 734 5177 1874 1454 1228 59 8542 8299 3979 1640 451
internal_value=9.99756e-05 -9.82396e-05 -0.00488508 0.0125812 -0.0085231 -0.0166898 -0.0219864 -0.000321191 0.0242116 0.00079604 0.00864871 -7.43773e-06 -0.0175216 0.00505748
internal_weight=1887.04 1869.8 290.818 48.0135 242.805 143.345 113.231 29.8125 12.7366 1578.98 205.34 126.702 52.116 25.8954
internal_count=491916 490932 17651 1731 15920 10743 8869 2741 1513 473281 22911 14369 6070 2091
is_linear=0
shrinkage=0.04


Tree=280
num_leaves=15
num_cat=0
split_feature=24 3 0 2 2 2 25 0 43 13 0 39 53 1
split_gain=3.99604 12.8207 11.1479 12.0734 22.0015 11.7963 10.5912 9.347 8.92787 8.6065 8.85573 8.37445 13.3253 8.34815
threshold=1773.5000000000002 1.1723585000000003 995.80050000000017 2.2324455000000003 2.1359080000000006 1.6645210000000004 2177.5000000000005 982.53300000000002 1.0914833700000004 28.500000000000004 685.89150000000006 0.01930288653186896 0.30026044000000007 1.8455390000000003
decision_type=2 2 2 2 2 2 2 2 2 2 2 2 2 2
left_child=2 9 7 4 5 -4 -3 11 -6 -2 13 12 -1 -11
right_child=1 6 3 -5 8 -7 -8 -9 -10 10 -12 -13 -14 -15
leaf_value=0.06239506515958744 -0.018672291938871686 0.035549605338730451 0.01892655695194722 -0.02534889425924966 0.055805297002436742 -0.016836756226298395 -0.017143100698009978 0.025861738254651701 -0.011985697713058446 0.041826403242698547 0.00055795188766104926 -0.00027067686823002024 -0.015763212778254869 0.00045337817013604435
leaf_weight=3.3660589810774573 25.712528757880136 26.733248813630784 14.234930433085081 53.045549073791108 8.1125178155634767 65.325022453493602 4.3773973683273644 17.70511495923347 2.0720408382076121 12.632323793601246 182.02915004641181 1453.5665063600345 3.2197724967959402 14.197048948612062
leaf_count=46067 780 405 6616 169039 142 68303 229 7736 16512 143 3483 141294 31040 127
internal_value=9.77361e-05 0.00459738 -0.000651787 -0.0111266 -0.00182607 -0.00969719 0.0267884 0.00039439 0.0426081 0.00115657 0.00397718 -1.6172e-06 0.0338716 0.0234438
internal_weight=1886.33 265.682 1620.65 142.79 89.7445 79.56 31.1106 1477.86 10.1846 234.571 208.859 1460.15 6.58583 26.8294
internal_count=491916 5167 486749 260612 91573 74919 634 226137 16654 4533 3753 218401 77107 270
is_linear=0
shrinkage=0.04


Tree=281
num_leaves=15
num_cat=0
split_feature=3 7 2 2 7 8 8 26 2 3 8 48 11 39
split_gain=3.93919 5.84916 5.47555 15.2127 10.504 7.9142 7.12523 6.58709 11.7145 5.7884 5.51089 19.0623 12.5805 15.1902
threshold=0.5770765000000001 4119.5000000000009 3.1527325000000004 3.1361645000000005 1946.5000000000002 1.0294273200000001 0.7415485850000002 1298.5000000000002 3.1954650000000004 1.0895060000000003 0.2868699500000001 0.019364265000000002 2169.4599125000004 0.051403503511546468
decision_type=2 2 2 2 2 2 2 2 2 2 2 2 2 2
left_child=1 -1 3 10 7 6 -5 8 -4 -9 11 -2 13 -12
right_child=2 -3 4 5 -6 -7 -8 9 -10 -11 12 -13 -14 -15
leaf_value=0.022599309974509322 0.011976000719652444 -0.010570405857619741 -0.027777275984547802 0.0072968455127004426 -0.034300085879772964 -0.0084185399686946601 0.064330445193613792 -0.012769956919512803 0.027337638891202214 0.035658212833898972 -0.017863390423869283 -0.011816594756379363 -0.00062539250883777346 0.014732290024372638
leaf_weight=22.611942880954306 69.231512943337975 8.7878198097109799 13.911507654793246 7.156313563793903 16.543024403687923 4.1797302963004759 6.3852912775064397 2.7576346689775146 4.5434897959489708 7.3751796927535906 22.200821425723007 195.00320758631051 1343.5233429302893 161.05524004418476
leaf_count=3716 231136 677 12333 4821 2006 446 287 235 1446 61 102600 13631 101227 17294
internal_value=0.000107784 0.0131393 -0.000147685 0.000213152 -0.0131881 0.0327377 0.0442855 0.00231627 -0.0112732 0.0226139 -0.000198908 -0.00547611 0.000729295 0.0104139
internal_weight=1885.27 31.3998 1853.87 1808.74 45.1308 17.7213 13.5416 28.5878 18.455 10.1328 1791.01 264.235 1526.78 183.256
internal_count=491916 4393 487523 471442 16081 5554 5108 14075 13779 296 465888 244767 221121 119894
is_linear=0
shrinkage=0.04


Tree=282
num_leaves=15
num_cat=0
split_feature=44 14 36 19 45 15 25 2 35 2 29 39 47 2
split_gain=3.94209 7.86745 7.20923 7.48474 10.7275 7.7634 10.4677 9.20344 11.7262 13.6429 7.51927 10.7433 7.15222 7.12484
threshold=0.10170858139604214 77.500000000000014 0.030741640152779848 0.038316815000000011 0.35073467000000008 42.500000000000007 1603.5000000000002 2.2388075000000005 2.6027635650000005 2.9992215000000004 0.066496835000000018 0.11562165704051912 2.4731263825000003 1.6953410000000002
decision_type=2 2 2 2 2 2 2 2 2 2 2 2 2 2
left_child=1 2 -1 5 10 7 -7 13 -9 -10 -5 -12 -13 -4
right_child=-2 -3 3 4 -6 6 -8 8 9 -11 11 12 -14 -15
leaf_value=0.025004828240837672 -0.00082717468268295375 0.023773879356815054 -0.010898583501934619 0.03405630843446459 -0.025774417996286273 -0.028853029974067735 0.0072450852803724302 -0.023405805949428919 0.020055993240837271 -0.022005302491259534 -0.013180895572586724 0.019175489425016793 -0.00035937261831028687 0.022319250600990572
leaf_weight=15.673852684674783 1495.358610994806 23.897681071539409 10.615087527781723 12.69840320543153 10.506923404056577 34.25794784585014 16.589251386700198 34.958339422591962 30.592309924308211 14.096122686169108 31.855398012557998 71.309064733795822 49.102436193265021 34.011761235073209
leaf_count=189 488322 225 79 520 54 277 189 319 322 134 193 454 291 348
internal_value=0.000109279 0.00366342 0.00204877 0.000685323 0.00643364 -0.00509324 -0.0174815 0.000455599 -0.00758014 0.00590929 0.00918291 0.00609177 0.0115127 0.014116
internal_weight=1885.52 390.165 366.267 350.593 175.472 175.121 50.8472 124.274 79.6468 44.6884 164.965 152.267 120.412 44.6268
internal_count=491916 3594 3369 3180 1512 1668 466 1202 775 456 1458 938 745 427
is_linear=0
shrinkage=0.04


Tree=283
num_leaves=15
num_cat=0
split_feature=29 1 7 44 23 8 40 37 9 1 21 34 1 27
split_gain=3.88605 7.53393 6.02165 4.60919 6.04865 15.3773 10.4234 8.94765 13.5362 15.7569 8.59968 8.11719 7.96381 7.29544
threshold=-0.22156344999999997 1.7449310000000002 1857.5000000000002 1.0000000180025095e-35 0.24908577500000004 0.46325701500000005 6.0353113000000009 0.44535626928571431 0.84356564500000009 1.2303075000000001 1.2594803750000001 0.56694198500000015 0.98151100000000013 -0.010146879999999995
decision_type=2 2 2 2 2 2 2 2 2 2 2 2 2 2
left_child=1 -1 -3 -2 5 10 -7 8 9 12 11 -5 -6 -9
right_child=3 2 -4 4 7 6 -8 13 -10 -11 -12 -13 -14 -15
leaf_value=-0.029268238816909885 0.0067190079921706693 -0.01424149755950509 0.039903229545560352 -0.027970067562578766 -0.0017364831814166981 -0.020847032215739671 0.012045690316274477 0.0074394764702591177 -0.021435392906012408 -0.0067881885655844063 -0.044909849871499867 0.010922669603518384 0.060238205771639949 -0.0011249863847341167
leaf_weight=13.046230338322859 158.66289102227893 2.7319773772278486 1.736229949837252 11.632826687328135 3.6981513617029185 16.483823371413564 50.056910220986083 174.63430575828716 6.669410592411622 10.573787848263235 17.376274537324207 13.672393303757415 13.728361055257663 1389.7619990152461
leaf_count=6507 1365 2294 927 216446 2569 41379 6278 37802 28238 73266 170 1095 10135 63445
internal_value=0.000107858 -0.0164116 0.0167595 0.000306254 -0.000307222 -0.00920013 0.00300982 0.000326981 0.0190877 0.0305252 -0.026555 -0.00862125 0.0496314 -0.000148276
internal_weight=1884.47 17.5144 4.46821 1866.95 1708.29 109.222 66.5407 1599.07 34.6697 28.0003 42.6815 25.3052 17.4265 1564.4
internal_count=491916 9728 3221 482188 480823 265368 47657 215455 114208 85970 217711 217541 12704 101247
is_linear=0
shrinkage=0.04


Tree=284
num_leaves=15
num_cat=0
split_feature=9 50 8 7 43 2 2 10 45 12 38 9 14 24
split_gain=3.9078 8.10104 7.22699 4.94176 12.5098 11.1014 13.507 14.6209 9.7098 16.8714 14.439 14.182 11.5918 13.6576
threshold=4.2925328600000006 4.5000000000000009 1.7297377250000003 2617.5000000000005 1.3211734100000003 3.1596645000000003 2.9023725000000007 4467.5000000000009 -0.0081973599999999886 1.0000000180025095e-35 1.5399445550000002 3.0561676400000004 80.500000000000014 1018.5000000000001
decision_type=2 2 2 2 2 2 2 2 2 2 2 2 2 2
left_child=3 -2 -3 -1 5 6 8 -8 -5 12 -11 -12 13 -10
right_child=1 2 -4 4 -6 -7 7 -9 9 10 11 -13 -14 -15
leaf_value=-0.00061623422757618631 -0.028452534352871137 -0.019520062170727201 0.017169826210088394 -0.0019676044122481453 -0.020271965519154663 -0.028778905584548872 0.057332589186807947 0.010341465408075963 -0.036553171553403395 0.039280091570386394 -0.015705127206028506 0.029342297393853613 0.028727514675529395 0.0098799422463046651
leaf_weight=1487.5747143291985 17.930255876668525 9.0573925072531001 17.343004833615851 156.89982883769699 24.939416313620313 8.7151271383045223 12.29040545132011 35.112700278259581 18.435947716192459 38.731211172467738 20.867200504784705 14.823196666620786 6.5711159299826241 14.846199423511278
leaf_count=457173 3572 57 246 1780 25662 95 62 358 704 1209 380 376 114 128
internal_value=9.94991e-05 -0.0110114 0.00347844 0.000396338 0.00462148 0.00679483 0.00819766 0.0268329 0.00451327 0.013121 0.023837 0.00431086 -0.00731651 -0.0172555
internal_weight=1884.14 44.3307 26.4004 1839.81 352.232 327.293 318.578 47.4031 271.175 114.275 74.4216 35.6904 39.8533 33.2821
internal_count=491916 3875 303 488041 30868 5206 5111 420 4691 2911 1965 756 946 832
is_linear=0
shrinkage=0.04


Tree=285
num_leaves=15
num_cat=0
split_feature=8 13 7 7 3 28 48 28 53 12 8 3 13 51
split_gain=3.84854 5.29293 4.14485 6.7409 10.6219 4.521 15.3236 11.8593 11.0887 18.0303 15.8892 12.8432 12.0551 10.9174
threshold=2.0953895900000004 156.50000000000003 6128.0000000000009 5447.5000000000009 0.80981300000000012 0.45925594500000005 0.093803340000000054 0.34359744500000006 1.5843850975000002 1.0000000180025095e-35 0.81330684500000017 0.91297200000000012 21.500000000000004 0.0064587799999999982
decision_type=2 2 2 2 2 2 2 2 2 2 2 2 2 2
left_child=2 -2 3 5 -5 6 7 8 10 13 -1 -11 -13 -10
right_child=1 -3 -4 4 -6 -7 -8 -9 9 11 -12 12 -14 -15
leaf_value=-0.00047616667266283579 -0.024362661340177953 0.016114319497953219 -0.02550605441398841 0.036880987072399896 -0.017902959246823943 0.0040108222422118416 -0.0069521646774615645 0.019628029885749632 -0.027247635233671338 -0.0010518256573512808 -0.026633362874755845 -0.0087745103002042132 0.021526959785213687 0.024030341087745943
leaf_weight=632.1319034310477 15.868167060608359 3.0380171527276607 4.9046673534317042 13.378059867414779 4.6375499045143433 382.6054118557031 449.13921246377504 51.925939195401497 29.234627023304256 92.297989962141855 34.491259840625389 21.663824170739645 143.81072885457161 4.1548292274010228
leaf_count=413813 9218 400 677 641 137 5378 3674 2002 15439 8494 9906 4381 15770 1986
internal_value=9.93598e-05 -0.0158485 0.00030304 0.000439334 0.0219529 0.000169982 -0.000847595 0.00188871 0.000830045 0.00727413 -0.00201775 0.0109111 0.0174189 -0.0185681
internal_weight=1883.28 18.9062 1864.38 1859.47 18.0156 1841.46 1458.85 1009.71 957.785 291.162 666.623 257.773 165.475 33.3895
internal_count=491916 9618 482298 481621 778 480843 475465 471791 469789 46070 423719 28645 20151 17425
is_linear=0
shrinkage=0.04


Tree=286
num_leaves=15
num_cat=0
split_feature=8 43 53 11 24 24 17 1 22 49 16 0 9 3
split_gain=3.91917 12.1502 9.4104 20.6836 17.4295 13.3527 8.43265 8.87636 13.6467 9.15596 8.61024 15.5335 12.9804 17.0743
threshold=0.97356475000000009 1.3211734100000003 1.9700084800000002 3434.2303530000004 1636.5000000000002 924.50000000000011 3373.5000000000005 1.5070890000000003 0.95591560500000006 2.5000000000000004 4787.5000000000009 643.19900000000018 3.2338090350000006 0.85154450000000015
decision_type=2 2 2 2 2 2 2 2 2 2 2 2 2 2
left_child=2 6 -1 -4 5 -5 7 8 -2 -10 12 -12 13 -8
right_child=1 -3 3 4 -6 -7 10 -9 9 -11 11 -13 -14 -15
leaf_value=0.00035361023119284739 -0.027043090473228719 -0.028762244320339816 -0.021000431826704538 -0.0021590494332422395 -0.0044061633030256951 0.050462937812102551 -0.026187548548729303 -0.024752290472403949 -0.020849855581777696 0.018969312706939325 0.020098391115350674 -0.010682521203208875 -0.0053706150406464936 0.020086740964400565
leaf_weight=1321.1644153007514 17.366983768279169 22.624805733807079 16.480516230452395 9.386305314271338 20.674387014289096 29.994481310168339 10.055396669398759 40.312096192472382 7.4640948737214776 36.170631179586053 27.314635179238394 138.30110420352139 78.237499829887383 107.44691678159143
leaf_count=434851 1152 43945 2372 163 274 217 340 891 807 309 481 2466 1590 2058
internal_value=9.30787e-05 -0.00298566 0.00116888 0.0143574 0.0249287 0.0390904 -0.00143114 -0.0113376 -0.00126918 0.0107146 0.00146319 -0.00516567 0.00706084 0.0152195
internal_weight=1882.99 485.294 1397.7 76.5357 60.0552 39.3808 462.669 101.314 61.0017 43.6347 361.356 165.616 195.74 117.502
internal_count=491916 54039 437877 3026 654 380 10094 3159 2268 1116 6935 2947 3988 2398
is_linear=0
shrinkage=0.04


Tree=287
num_leaves=15
num_cat=0
split_feature=52 25 28 48 9 13 11 2 14 48 0 0 42 9
split_gain=3.81368 6.79138 4.28456 8.1022 14.7148 10.8951 10.1481 8.66333 8.27893 7.884 6.86729 6.24677 6.19837 5.80835
threshold=0.023925490000000004 1002.5000000000001 -0.038203009999999989 -0.0025657999999999961 0.57432682000000013 14.500000000000002 2411.6047890000004 1.7075790000000002 7.5000000000000009 -0.032969672500000012 751.16100000000017 743.75650000000007 -0.28432995999999994 0.43444753000000008
decision_type=2 2 2 2 2 2 2 2 2 2 2 2 2 2
left_child=2 -2 11 4 5 -4 7 -7 -9 -10 12 -1 -6 -5
right_child=1 -3 3 13 10 6 -8 8 9 -11 -12 -13 -14 -15
leaf_value=-0.0012395902133821427 -0.010652153534362782 0.044417735368449944 -0.0071118279092878666 -0.0048892283223895116 0.023492221984723109 -0.0067852651527867923 -0.0090219021477821026 -0.0049781260822624723 -0.0058728862953235953 0.076311583322190582 -0.025522226151168337 -0.025681032811873172 -0.014389538951504745 0.0009445822952211081
leaf_weight=51.734655150119579 3.647694854402288 3.1061897217923615 7.3262452704921115 333.37511972083257 11.543447855161505 2.3913462279415461 3.5091232365393799 2.0058006070846686 1.3217948019792007 13.36005838271466 10.746326439341372 20.122105551848335 7.5223789177835014 1409.9328122677655
leaf_count=21176 7737 66 56696 160196 182 1492 1152 8963 357 21003 35081 42473 6439 128903
internal_value=8.25004e-05 0.022796 -5.97338e-05 0.00033362 0.0142302 0.0319209 0.0435753 0.0531139 0.0612829 0.0693003 -0.0055564 -0.00930939 0.0086617 -0.000181817
internal_weight=1881.65 6.75388 1874.89 1803.03 59.7265 29.9144 22.5881 19.079 16.6877 14.6819 29.8122 71.8568 19.0658 1743.31
internal_count=491916 7803 484113 420464 131365 89663 32967 31815 30323 21360 41702 63649 6621 289099
is_linear=0
shrinkage=0.04


Tree=288
num_leaves=15
num_cat=0
split_feature=7 9 53 7 12 26 43 52 24 49 7 18 8 11
split_gain=3.8398 5.83832 8.70209 5.21565 11.815 9.72179 12.6435 13.2254 11.7586 12.8909 12.4504 9.64727 9.36841 10.2252
threshold=163.50000000000003 0.14967609500000004 0.10390558250000001 665.50000000000011 1.0000000180025095e-35 667.50000000000011 0.91040435499999994 -0.0067855199999999989 421.50000000000006 3.5000000000000004 398.50000000000006 0.9595474100000001 0.41558532000000009 2933.0629975000006
decision_type=2 2 2 2 2 2 2 2 2 2 2 2 2 2
left_child=-1 2 -2 4 5 8 7 -7 -3 10 11 -10 13 -5
right_child=1 3 -4 12 -6 6 -8 -9 9 -11 -12 -13 -14 -15
leaf_value=0.020865010640748128 0.0085137857637779934 0.015665625595511122 -0.028585823825708699 -0.003772437498566802 -0.022430427764313084 -0.01225298293908246 -0.016353584185121662 0.028626210261802735 -0.015765191966486423 0.0073788013571487385 -0.022794181724988909 0.034111636907472417 0.00069367257310046714 -0.024242202100528472
leaf_weight=9.1163962689608962 13.301413389364823 64.04169303349363 21.715325665196133 215.48179062811687 19.095349108699793 12.215842219593467 12.170070673496864 72.292054933262989 7.1971263238569945 76.400397020941455 62.436193018519134 8.8901864899239609 1243.5853211731792 43.450485839974135
leaf_count=24924 18127 138193 33888 94948 6876 166 5044 1048 1688 1516 14060 2203 147929 1306
internal_value=8.13445e-05 -7.51576e-05 -0.0151903 0.000253371 0.00473 0.00669726 0.0169244 0.0223626 0.00190472 -0.00409563 -0.0150332 0.0133505 -0.000756337 -0.00760157
internal_weight=1881.39 1872.27 35.0167 1837.26 334.739 315.644 96.678 84.5079 218.966 154.924 78.5235 16.0873 1502.52 258.932
internal_count=491916 466992 52015 414977 170794 163918 6258 1214 157660 19467 17951 3891 244183 96254
is_linear=0
shrinkage=0.04


Tree=289
num_leaves=15
num_cat=0
split_feature=3 9 15 2 14 23 26 48 7 44 0 13 11 2
split_gain=3.93249 7.40277 8.14539 18.2766 8.43351 8.19301 7.7948 10.8455 5.87812 5.66864 9.71023 11.8036 9.97513 16.8726
threshold=1.5605365000000002 0.50544229000000007 18.500000000000004 2.3104760000000004 30.500000000000004 1.1203987950000001 460.50000000000006 0.11395655750000007 173.50000000000003 0.17563164833302702 713.99150000000009 22.500000000000004 2933.0629975000006 1.7573245000000002
decision_type=2 2 2 2 2 2 2 2 2 2 2 2 2 2
left_child=9 8 3 -3 6 -6 7 -4 -2 10 11 -1 13 -12
right_child=1 2 4 -5 5 -7 -8 -9 -10 -11 12 -13 -14 -15
leaf_value=-0.0057643983837048964 0.010433181793757761 0.03507024429107039 -0.02123607707651725 -0.019183929000299759 -0.013736325508960978 0.013493260016767162 -0.026907741709197644 0.025279538415381254 -0.034692341120336624 -0.00083956633857495402 -0.015733996536616196 0.014182973457955848 -0.0046969448916021903 0.035146280358320334
leaf_weight=58.912485225242563 3.4484536560612495 19.743691725718691 11.367542417068764 12.473245144399241 24.045365019153905 40.580567289816827 38.443198956507786 10.751372153143164 15.793215929749975 1194.6422826235994 13.064786354545502 197.78520863724407 217.03247609708342 22.590619172551669
leaf_count=499 4039 3070 5722 4168 2710 730 1896 80 13484 451495 106 1571 2106 240
internal_value=7.43205e-05 -0.00552148 -0.00227664 0.0143097 -0.00693074 0.00310307 -0.0170579 0.00186604 -0.0261212 0.000668862 0.00418029 0.00958235 -0.00138694 0.0168606
internal_weight=1880.67 176.647 157.405 32.2169 125.188 64.6259 60.5621 22.1189 19.2417 1704.03 509.386 256.698 252.688 35.6554
internal_count=491916 35899 18376 7238 11138 3440 7698 5802 17523 456017 4522 2070 2452 346
is_linear=0
shrinkage=0.04


Tree=290
num_leaves=15
num_cat=0
split_feature=33 21 36 45 10 6 45 44 44 15 45 11 44 8
split_gain=3.85365 10.0283 9.57929 16.0377 10.8742 9.0889 9.03459 8.28219 6.35416 6.33896 5.80983 5.52434 7.02382 9.78033
threshold=0.0024733450000000018 0.97635714500000004 0.062632909309461998 0.11020290500000009 1999.5000000000002 1.2762179300000003 -0.011080674999999983 0.65637984939306304 0.51602399038783753 51.500000000000007 0.039111514999999993 2308.9589405000006 0.10170858139604214 0.45308509000000002
decision_type=2 2 2 2 2 2 2 2 2 2 2 2 2 2
left_child=-1 2 9 4 7 10 -6 8 -4 -2 -3 -7 -13 -14
right_child=1 5 3 -5 6 11 -8 -9 -10 -11 -12 12 13 -15
leaf_value=0.0013794498104919286 -0.022762343310872086 -0.030899316399090066 0.013989663547394029 -0.0053544209622208893 -0.0024155525164403606 0.0065805611598294999 0.044465732148495744 0.035853965797675628 -0.019463993835270067 0.015872957170848617 0.0005041388509473124 0.0023146036808028582 -0.025190528488301139 -0.0051848973320213652
leaf_weight=1233.5254404701732 20.936374177689917 28.359052923100535 11.267943305661904 52.664999050144161 7.4441312749931958 70.408977134735323 30.882006241996351 5.136289273237252 16.231797742308117 5.234582688005502 12.91746036328186 127.85295232303906 44.191092909051804 212.07867413105851
leaf_count=444222 29430 1653 104 4051 308 1031 595 1506 364 3234 633 1197 781 2807
internal_value=7.02346e-05 -0.00242259 0.00650222 0.011152 0.0229484 -0.00515703 0.036132 0.00472296 -0.00571305 -0.0137281 -0.022079 -0.00339682 -0.00528671 -0.00905072
internal_weight=1879.13 645.606 149.798 123.627 70.9622 495.808 38.3261 32.636 27.4997 26.171 41.2765 454.532 384.123 256.27
internal_count=491916 47694 39592 6928 2877 8102 903 1974 468 32664 2286 5816 4785 3588
is_linear=0
shrinkage=0.04


Tree=291
num_leaves=15
num_cat=0
split_feature=24 3 2 0 19 3 2 0 45 0 39 53 11 6
split_gain=3.95686 11.2479 10.4991 9.91133 11.5325 9.75742 9.55321 8.79736 8.25214 8.17608 7.97617 12.3049 8.60865 7.90189
threshold=1773.5000000000002 1.1723585000000003 2.9541830000000004 995.80050000000017 0.036133950000000005 1.1318275000000002 1.6535830000000002 982.53300000000002 0.051309184999999931 780.63650000000018 0.01930288653186896 0.30026044000000007 904.95386700000006 0.87308360500000004
decision_type=2 2 2 2 2 2 2 2 2 2 2 2 2 2
left_child=3 8 -3 7 5 13 -6 10 -2 -10 11 12 -1 -5
right_child=1 2 -4 4 6 -7 -8 -9 9 -11 -12 -13 -14 -15
leaf_value=-0.0038689135570466478 0.004963163356512524 0.038717817864788 -0.0069561138388199596 -0.018601969908413257 0.015770971388702974 -0.012422773607578284 -0.023883038569281357 0.024988066649518303 0.019898835166183983 -0.020354458523181958 -0.00034407312110803731 -0.015527381242167598 0.081673463251265802 0.026268316234745823
leaf_weight=2.0307792528715249 190.06547763315757 21.189809992822124 9.6900040600157791 4.1284482495354977 7.5580839064746206 28.549608044091428 76.470862660851481 17.751099162742776 5.7509439662098876 37.578451589348333 1448.3456174844368 3.1409489066813876 1.5950278174250341 24.747797717631329
leaf_count=39772 3247 428 206 58058 3497 53778 144365 7736 81 1205 141294 31040 6295 914
internal_value=6.78686e-05 0.00455757 0.0254134 -0.000678929 -0.0106031 0.00312111 -0.0196309 0.000306847 0.00132306 -0.0135059 -7.87799e-05 0.0327218 0.0592915 0.0180545
internal_weight=1878.59 264.275 30.8798 1614.32 141.455 57.4259 84.0289 1472.86 233.395 43.3294 1455.11 6.76676 3.62581 28.8762
internal_count=491916 5167 634 486749 260612 112750 147862 226137 4533 1286 218401 77107 46067 58972
is_linear=0
shrinkage=0.04


Tree=292
num_leaves=15
num_cat=0
split_feature=8 43 53 5 26 17 4 15 2 2 2 14 14 7
split_gain=3.81066 11.5423 8.60111 21.8473 14.4903 7.67013 13.7056 11.3599 10.2715 11.9885 17.0503 12.8917 12.3566 26.9629
threshold=0.97356475000000009 1.3211734100000003 1.9700084800000002 897.89536250000003 1369.5000000000002 3373.5000000000005 714.50000000000011 44.500000000000007 1.8435795000000004 2.1577470000000001 2.2269590000000004 56.500000000000007 38.500000000000007 2087.5000000000005
decision_type=2 2 2 2 2 2 2 2 2 2 2 2 2 2
left_child=2 5 -1 -4 -5 -2 7 -7 -8 11 -11 -10 13 -12
right_child=1 -3 3 4 -6 6 8 -9 9 10 12 -13 -14 -15
leaf_value=0.00035808215577725402 -0.010956039743663335 -0.028369854945703221 -0.03156001126761012 0.034273517351718449 -0.0040615692523829064 -0.0068753077503351193 -0.017761663197682912 0.042131320102120735 0.030634161926947966 -0.043269316402557371 0.036070929733113301 -0.0093308290751675654 0.0068781501335061605 -0.023212191907826703
leaf_weight=1318.2353733326258 100.41193013223165 22.047527706538631 9.9435541043294489 44.562017332165851 21.715580661526474 9.5722410993912508 45.34547289089096 17.327962163290067 35.319955271130311 10.097689008689484 10.431965397576276 16.176594532866147 156.02054832379145 60.521323294182366
leaf_count=434851 3159 43945 2359 365 302 608 1060 1233 436 236 234 335 1861 932
internal_value=7.64921e-05 -0.00296627 0.00113785 0.0137715 0.0223094 -0.0014607 0.00129541 0.0263484 -0.0010818 0.00179714 -0.00210678 0.0183652 0.000617636 -0.0126953
internal_weight=1877.73 483.273 1394.46 76.2212 66.2776 461.226 360.814 26.9002 333.914 288.568 237.072 51.4965 226.974 70.9533
internal_count=491916 54039 437877 3026 667 10094 6935 1841 5094 4034 3263 771 3027 1166
is_linear=0
shrinkage=0.04


Tree=293
num_leaves=15
num_cat=0
split_feature=37 39 53 19 8 11 0 7 16 53 5 7 2 2
split_gain=3.72586 4.99143 17.1831 5.83493 5.1774 13.3078 13.9745 11.5124 10.7938 10.3679 9.33988 11.6227 13.7287 9.39575
threshold=0.20677449285714289 0.01930288653186896 0.30026044000000007 0.031314705000000005 0.2868699500000001 2169.4599125000004 883.84900000000005 653.50000000000011 1769.5000000000002 0.67913807000000015 697.20048500000019 2617.5000000000005 1.7573245000000002 1.6535830000000002
decision_type=2 2 2 2 2 2 2 2 2 2 2 2 2 2
left_child=-1 2 3 -2 7 6 9 8 -3 -6 11 -7 -13 -12
right_child=1 4 -4 -5 5 10 -8 -9 -10 -11 13 12 -14 -15
leaf_value=-0.021268112414015002 -0.0062295450467199634 -0.0090024109595859114 -0.019616199822333428 0.073682458009392784 0.018296901849894073 -0.025486590870793902 -0.019124922618566294 -0.019688561508869624 0.008773126760103965 -0.0097813352169912639 0.019073821774123204 0.036992003488453065 -0.012304606602485732 -0.00022476780966175801
leaf_weight=8.0024746326566838 0.91393865767940807 108.33509914405749 4.7725521319512154 2.5354628998688895 145.63469067569622 45.309232604642148 17.931413598762447 60.333921367763196 100.58160794648666 21.236460153705593 36.661000559630338 8.7754244124253109 21.690392463321587 1294.054504542009
leaf_count=223099 6946 53996 49582 16760 17473 25815 27043 14065 4161 8760 803 992 10181 32240
internal_value=7.03463e-05 0.000218231 0.0247081 0.0613523 4.40749e-05 0.000916224 0.0108584 -0.00503313 -0.000439462 0.014543 -0.000423946 -0.013631 0.00510818 0.000376314
internal_weight=1876.77 1868.77 8.22195 3.4494 1860.54 1591.29 184.803 269.251 208.917 166.871 1406.49 75.775 30.4658 1330.72
internal_count=491916 268817 73288 23706 195529 123307 53276 72222 58157 26233 70031 36988 11173 33043
is_linear=0
shrinkage=0.04


Tree=294
num_leaves=15
num_cat=0
split_feature=24 0 2 2 2 43 0 44 45 45 28 39 39 29
split_gain=3.69932 9.26023 11.0409 20.8976 10.315 8.32125 8.15955 8.23596 17.5115 24.8335 20.1795 19.8109 13.9194 8.45646
threshold=1773.5000000000002 995.80050000000017 2.2324455000000003 2.1359080000000006 1.6645210000000004 1.0914833700000004 982.53300000000002 0.60780171916375803 0.025907519999999993 -0.00044065000000000071 0.10131854000000003 0.01930288653186896 0.15805313956340433 0.12691419000000001
decision_type=2 2 2 2 2 2 2 2 2 2 2 2 2 2
left_child=1 6 3 4 -3 -5 7 -1 9 -9 11 -11 13 -12
right_child=-2 2 -4 5 -6 -7 -8 8 -10 10 12 -13 -14 -15
leaf_value=-0.00088913729441868249 0.0044122813111743091 0.017442598004396345 -0.024071338017311067 0.054320043860025494 -0.015957689823705216 -0.011660072474996801 0.024037982681914098 -0.00099468527065189622 -0.0092542030575290951 0.065247251828913194 -0.0055533392083459351 -0.014313413092402446 -0.010186447086894009 0.099475694929214764
leaf_weight=1358.0531092090823 263.89430952115072 14.3930865888924 51.714813427002582 8.2025806646270194 64.231109676105916 1.9911967751936561 17.804101403958157 30.880885556086923 38.272791855335527 2.1749463189971747 0.78508528259408095 12.461096551018271 1.4002914632819727 9.2429433074939862
leaf_count=25833 5167 6616 169039 142 68303 16512 7736 94822 38914 27595 438 29636 129 1034
internal_value=6.81623e-05 -0.000654616 -0.0102799 -0.00139478 -0.00916604 0.041836 0.000296597 -7.56822e-05 0.0109918 0.0242477 0.0495011 0.0111131 0.0803189 0.0921412
internal_weight=1875.5 1611.61 140.533 88.818 78.6242 10.1938 1471.08 1453.27 95.218 56.9452 26.0644 14.636 11.4283 10.028
internal_count=491916 486749 260612 91573 74919 16654 226137 218401 192568 153654 58832 57231 1601 1472
is_linear=0
shrinkage=0.04


Tree=295
num_leaves=15
num_cat=0
split_feature=2 2 2 8 2 48 2 19 15 1 25 1 14 17
split_gain=3.72743 21.5361 11.1597 21.4521 14.9845 9.93704 9.49167 14.6549 14.1738 13.0976 10.5557 10.1172 16.6957 18.2014
threshold=2.6851510000000007 2.7019100000000003 2.6306915000000006 1.1508646300000003 2.6139950000000005 -0.035376069999999933 2.7513640000000001 0.029921005000000004 16.500000000000004 1.8892025000000003 395.50000000000006 2.0678425000000007 30.500000000000004 4660.5000000000009
decision_type=2 2 2 2 2 2 2 2 2 2 2 2 2 2
left_child=2 -2 4 -4 5 -1 7 -3 -9 -8 -10 12 -11 -14
right_child=1 6 3 -5 -6 -7 9 8 10 11 -12 -13 13 -15
leaf_value=-0.025879188561583475 -0.03157374836354488 -0.01810226637083583 0.027084117583804048 -0.023256485258206862 -0.030488542659294977 0.0014681086304992727 -0.010436975028552209 -0.021839474142962011 -0.016568830911927273 -0.0041085632564871596 0.032776025281884703 -0.004294378050439778 0.038665135220432245 -0.0036399405246147747
leaf_weight=16.64946878245928 33.298951229742443 16.304364476134879 55.275878484645091 13.30532697062017 19.691132834517248 1194.8239093305606 196.85824373612763 7.2225659624530172 4.8523089036425509 60.23072563500159 50.21639853653096 140.5131586506127 42.056848763441394 23.648610879200987
leaf_count=7869 5725 3827 15910 1678 5845 289808 61735 5039 3597 33166 3061 49612 4101 943
internal_value=8.26636e-05 -0.00258497 0.0012686 0.0164009 0.000362739 0.000987445 -0.000531284 0.0118899 0.0205019 -0.00274286 0.0274108 0.00302925 0.0110525 0.0242581
internal_weight=1874.95 575.202 1299.75 68.5812 1231.16 1211.47 541.903 78.5956 62.2913 463.308 55.0687 266.449 125.936 65.7055
internal_count=491916 170806 321110 17588 303522 297677 165081 15524 11697 149557 6658 87822 38210 5044
is_linear=0
shrinkage=0.04


Tree=296
num_leaves=15
num_cat=0
split_feature=52 25 49 7 53 7 43 11 3 0 48 3 13 2
split_gain=3.65363 6.4114 4.05821 11.217 8.52992 11.3818 12.1652 11.0375 16.0471 10.9661 10.014 11.9011 9.76326 18.5477
threshold=0.023925490000000004 1002.5000000000001 3.5000000000000004 183.50000000000003 0.17180101 759.50000000000011 1.0000000180025095e-35 1925.0863985000003 1.0409210000000002 938.58500000000015 0.080180492500000047 1.2755675000000002 20.500000000000004 2.6536640000000005
decision_type=2 2 2 2 2 2 2 2 2 2 2 2 2 2
left_child=2 -2 3 -1 -4 7 -7 -6 -9 10 11 -10 13 -8
right_child=1 -3 4 -5 5 6 12 8 9 -11 -12 -13 -14 -15
leaf_value=0.034121982508459048 -0.01039835835068607 0.043228491000458835 -0.019413628370106774 -0.0023228466206232012 -0.005160034434112587 0.021300770652209318 -0.00035500428272783395 0.039227107975716637 0.020143689933891339 -0.023492490868896813 0.022189369912442962 -0.027593264353305662 -0.0030504036016558147 0.037654713048065704
leaf_weight=8.7136764938184097 3.5934334676614972 3.1204092084626609 24.142086239649188 976.73660944640665 43.103350090018466 36.563581578433514 71.844461587848855 34.129561292879771 10.36428112362046 10.668353432785805 54.426603127532871 13.7875346545552 559.18091332481936 23.713739992252158
leaf_count=30507 7737 66 2071 431537 4823 371 1987 280 114 501 346 219 10301 1056
internal_value=6.92246e-05 0.022339 -7.02831e-05 -0.00182996 0.00189519 0.00260395 0.000313491 0.0118286 0.0177336 0.00786907 0.0132776 -0.00716649 -0.00101108 0.0104808
internal_weight=1874.09 6.71384 1867.37 985.45 881.924 857.782 691.303 166.48 123.376 89.2468 78.5784 24.1518 654.739 95.5582
internal_count=491916 7803 484113 462044 22069 19998 13715 6283 1460 1180 679 333 13344 3043
is_linear=0
shrinkage=0.04


Tree=297
num_leaves=15
num_cat=0
split_feature=3 14 50 2 2 3 48 3 36 19 47 13 18 14
split_gain=3.68447 7.86219 9.07739 11.1499 12.0675 13.3553 11.359 8.64039 7.20162 6.96623 6.57601 5.94925 5.76513 5.40559
threshold=0.68480200000000013 14.500000000000002 6.5000000000000009 2.5367780000000004 1.9973075000000002 0.61126550000000013 0.14668396750000004 0.55576850000000011 0.068478933449127879 0.019305820000000005 0.75642939750000016 172.50000000000003 0.93538340500000017 57.500000000000007
decision_type=2 2 2 2 2 2 2 2 2 2 2 2 2 2
left_child=1 10 3 4 5 -3 8 -6 -5 -7 -1 13 -9 -2
right_child=11 2 -4 6 7 9 -8 12 -10 -11 -12 -13 -14 -15
leaf_value=-0.012223773943100504 0.00020360762936324342 0.020730216016913799 0.026808333380044305 0.0010839196012243956 -0.017623690205524269 0.015992931489091772 0.016511805712345284 -0.0062358346788173513 -0.038805153262296381 -0.032664834119518205 0.038525792218790302 0.019646346546998709 0.03619956159242043 -0.0062572189986717184
leaf_weight=2.6994470183885815 1478.6955835752362 11.583388406192169 15.369972474873064 9.5636767385567527 3.9823678086158898 2.6246058539381947 8.4753930945880693 4.5539447283745202 21.761251417180119 19.829038353495434 13.097526974976061 18.305481915931068 25.714086122718527 235.90981550738297
leaf_count=8410 449458 956 268 7703 459 85 44 366 782 2768 167 1203 5050 14197
internal_value=8.00017e-05 0.00622262 0.00229287 -0.00222436 0.00748611 -0.00884594 -0.0178612 0.0227757 -0.0281539 -0.0251004 0.0289997 -0.000430095 0.0298361 -0.000700936
internal_weight=1872.17 139.255 123.458 108.088 68.2874 34.037 39.8003 34.2504 31.3249 22.4536 15.797 1732.91 30.268 1714.61
internal_count=491916 27058 18481 18213 9684 3809 8529 5875 8485 2853 8577 464858 5416 463655
is_linear=0
shrinkage=0.04


Tree=298
num_leaves=15
num_cat=0
split_feature=3 9 28 2 15 10 29 17 53 12 8 33 28 2
split_gain=3.63472 7.06861 8.95873 11.6561 16.1361 10.9161 10.7175 7.54791 10.8716 5.85609 5.82311 5.44438 6.35045 5.97245
threshold=1.5605365000000002 0.52164758500000008 0.18241813999999992 2.3532855000000006 15.500000000000002 2778.5000000000005 0.74686528500000005 3111.5000000000005 0.83699974750000006 1.0000000180025095e-35 1.0585352750000003 -0.0029100848000000006 -0.10668481499999997 2.3724420000000008
decision_type=2 2 2 2 2 2 2 2 2 2 2 2 2 2
left_child=11 -2 9 4 -4 6 -6 8 -5 -3 -11 12 -1 -14
right_child=1 2 3 7 5 -7 -8 -9 -10 10 -12 -13 13 -15
leaf_value=-0.022580170292863532 -0.024525093551177952 -0.032111050480810165 0.046625611973809128 0.0071780667833221835 -0.026818594822296912 0.026457706539158594 0.016930377058895742 0.0077833975247573531 -0.034018079764683566 0.016650833294938116 -0.019314731334823417 -0.00068381522811827649 0.010295790088684887 0.00086610552170996238
leaf_weight=8.6417395604885296 21.247322390155887 17.098850289640723 13.926417578926701 14.113699287241614 19.253099656907583 13.672154596053586 9.9925917154178006 24.726034677898497 22.050876960252026 9.5770947645905853 9.2616391269575598 1259.3709238689 197.18917525857523 231.5526716200302
leaf_count=2953 17988 11840 189 368 342 147 65 201 391 871 3497 423498 13204 16362
internal_value=8.31781e-05 -0.00532376 -0.00197975 0.00348902 0.0158442 0.00203303 -0.0115811 -0.00837221 -0.0190217 -0.0181339 -0.00137335 0.000654588 0.00447246 0.00527175
internal_weight=1871.67 174.92 153.672 117.735 56.8443 42.9178 29.2457 60.8906 36.1646 35.9376 18.8387 1696.75 437.384 428.742
internal_count=491916 35899 17911 1703 743 554 407 960 759 16208 4368 456017 32519 29566
is_linear=0
shrinkage=0.04


Tree=299
num_leaves=15
num_cat=0
split_feature=0 38 3 15 2 1 3 2 39 1 14 2 3 19
split_gain=3.62745 9.12481 9.94485 5.79442 9.84345 15.2386 5.09979 4.82684 9.7204 22.2885 9.07143 11.97 9.94591 8.90287
threshold=439.78550000000001 1.6295460600000002 1.1318275000000002 5.5000000000000009 1.7961265000000002 1.3317330000000001 1.6750335000000003 1.7660510000000003 0.054980195624544287 1.7282470000000003 34.500000000000007 2.7513640000000001 1.2145895000000004 0.051331545000000013
decision_type=2 2 2 2 2 2 2 2 2 2 2 2 2 2
left_child=1 -1 -3 4 -2 6 -6 13 9 -9 11 12 -11 -5
right_child=3 2 -4 7 5 -7 -8 8 -10 10 -12 -13 -14 -15
leaf_value=-0.032607725845046377 -0.020465130397606123 0.029193106002075975 -0.015584809126832027 0.001794167918614369 0.063938573442898702 -0.0038035725159991226 -0.00084945659669173298 -0.025748625180831375 -1.2468075513798746e-06 0.065683626813998003 -0.011892646730362935 -0.012935322460537777 -0.010909424484702154 0.02255317206103943
leaf_weight=13.480842071275672 5.0380007859685092 9.0670630601816828 13.432420498909776 192.68139433626675 8.0399761631824749 12.40784669456866 2.1319839566554029 60.113490670786405 1497.7472337445736 7.6065940307557884 7.6461829040781586 4.1576798366593257 1.840843626607011 35.173096276096203
leaf_count=3598 6095 99 234 24105 11559 61534 597 194499 62400 22187 13855 73760 12839 4555
internal_value=7.65883e-05 -0.011694 0.00448719 0.000338592 0.0170477 0.0276103 0.0545545 3.6872e-05 -0.000753667 -0.0138022 0.0184586 0.0341282 0.0521488 0.00541413
internal_weight=1870.56 35.9803 22.4995 1834.58 27.6178 22.5798 10.172 1806.97 1579.11 81.3648 21.2513 13.6051 9.44744 227.854
internal_count=491916 3931 333 487985 79785 73690 12156 408200 379540 317140 122641 108786 35026 28660
is_linear=0
shrinkage=0.04


Tree=300
num_leaves=15
num_cat=0
split_feature=37 22 44 0 30 39 14 36 14 18 2 7 18 2
split_gain=3.60137 4.9357 11.6439 12.3892 10.3799 9.27332 9.61688 9.04169 10.0875 9.03335 13.9352 14.5318 12.5948 11.6816
threshold=0.20677449285714289 0.78727159000000013 0.42050185613730934 480.35300000000007 0.023675447999999995 0.11029998264640127 44.500000000000007 0.034971840058605215 34.500000000000007 0.95583340000000006 2.0960835000000002 519.50000000000011 0.96143652000000013 2.3724420000000008
decision_type=2 2 2 2 2 2 2 2 2 2 2 2 2 2
left_child=-1 9 7 -4 -5 6 -6 8 -3 13 11 -11 -12 -2
right_child=1 2 3 4 5 -7 -8 -9 -10 10 12 -13 -14 -15
leaf_value=-0.021016946683172919 0.019863074875710394 0.02613479091641295 0.016732015908216817 -0.022176808833242884 0.045819798612040538 -0.0083660345994675638 -0.016818586994566963 -0.00027990557123417612 -0.0042427624687006076 0.014209098653654139 -0.012233165085656974 -0.017108162458951647 0.016972041924447397 -0.0074487983501394794
leaf_weight=7.8610381508131004 91.849911329094539 39.309380542486906 19.423095057522005 94.150811898769462 6.5616055577738717 49.250094058166724 2.7842397181957494 1268.8469210518524 26.866243361946545 27.23222238930839 27.938236791939971 91.507295750939647 85.372016374800296 30.809539832981045
leaf_count=223099 33045 1434 1375 23949 410 775 97 13775 1023 12162 28871 29422 83810 38669
internal_value=7.76186e-05 0.000222731 -0.000779643 -0.010415 -0.0142879 -0.00086527 0.0278011 0.0004972 0.0143703 0.00443354 -0.000262447 -0.0096418 0.00955842 0.0129798
internal_weight=1869.76 1861.9 1507.19 172.17 152.747 58.5959 9.34585 1335.02 66.1756 354.709 232.05 118.74 113.31 122.659
internal_count=491916 268817 42838 26606 25231 1282 507 16232 2457 225979 154265 41584 112681 71714
is_linear=0
shrinkage=0.04


Tree=301
num_leaves=15
num_cat=0
split_feature=3 14 53 53 50 53 47 48 9 39 15 23 3 43
split_gain=3.5946 7.44075 8.26679 7.8601 6.99395 10.3361 5.96379 5.9334 5.90546 5.58186 5.55129 5.48484 5.11835 14.2468
threshold=0.68480200000000013 18.500000000000004 2.4903600125000005 3.3845408550000005 6.5000000000000009 0.44560874750000007 0.75642939750000016 0.14668396750000004 0.90465971500000009 0.079917967150964692 189.50000000000003 0.56599189500000013 0.74857000000000007 0.70774199500000001
decision_type=2 2 2 2 2 2 2 2 2 2 2 2 2 2
left_child=1 6 4 9 5 11 -1 -7 -8 -4 12 -3 13 -2
right_child=10 2 3 -5 -6 7 8 -9 -10 -11 -12 -13 -14 -15
leaf_value=-0.011023206142168182 0.0041336792432045619 0.030840007679030227 -0.010744972441071518 -0.01437883656067456 0.020514666524071266 -0.02150752842403602 0.045956154133949427 0.01294366887714977 0.0054284508416759828 0.043350642257689913 0.022739004145870677 -0.002396846272275563 -0.00012268395431913549 -0.02683534764570205
leaf_weight=4.2022441587391794 51.122415017627645 8.2887682046157369 1.6480498325304349 3.883293682008115 11.416017124080097 50.891413079692484 11.366664737652174 5.9347007162868968 11.211294947614077 11.464438471956781 11.398579581490138 18.136064382424593 1630.655817125122 37.657959464414262
leaf_count=10757 470 4707 1247 192 197 8281 164 36 129 215 540 1133 444105 19743
internal_value=7.64839e-05 0.00616191 0.00124435 0.0233945 -0.00370644 -0.00800194 0.0232444 -0.0171538 0.0304646 0.0354623 -0.000426613 0.0112768 -0.000645671 -0.00973284
internal_weight=1869.28 138.443 111.663 16.9958 94.667 83.2509 26.7802 56.8261 22.578 13.1125 1730.83 26.4248 1719.44 88.7804
internal_count=491916 27058 16008 1654 14354 14157 11050 8317 293 1462 464858 5840 464318 20213
is_linear=0
shrinkage=0.04


Tree=302
num_leaves=15
num_cat=0
split_feature=0 24 3 2 0 3 2 8 15 48 8 13 2 42
split_gain=3.57494 4.81548 10.2462 10.3567 7.99338 11.1074 18.6013 18.4001 10.8995 10.4093 9.70684 7.98016 8.47328 12.4362
threshold=1825.5915000000002 1773.5000000000002 1.1723585000000003 2.9541830000000004 995.80050000000017 1.2367865000000002 2.2718335000000005 0.44799536000000006 38.500000000000007 0.14668396750000004 1.4149254400000004 29.500000000000004 2.7329390000000005 -0.42102800499999998
decision_type=2 2 2 2 2 2 2 2 2 2 2 2 2 2
left_child=1 4 11 -4 -1 6 7 -6 -8 -7 -9 -3 13 -13
right_child=-2 2 3 -5 5 9 8 10 -10 -11 -12 12 -14 -15
leaf_value=0.00028146508976131048 -0.02194913114679508 -0.016827762089310288 0.03888738049361682 -0.0067698220697762854 -0.017142373793761805 -0.030554880458273891 0.010117368200300122 0.033998419123164224 -0.040324934704493831 0.0060464258198775697 -0.022427796198798328 0.028819875830880758 -0.0026229425750246417 7.4972016921632444e-05
leaf_weight=1466.3813106572857 6.7095774441331733 26.181234323725221 20.458731799750243 9.6539519474899844 17.5034044566587 45.277055295816808 7.5464522389686435 34.279026942439486 16.723209217605927 14.573430186952463 2.0961627887713794 40.296429429232376 109.2114070323405 51.473705701828294
leaf_count=226137 42154 726 324 206 41453 73775 70924 12768 17386 110 2870 440 1529 1114
internal_value=8.37738e-05 0.000221762 0.00524719 0.0253703 -0.000597905 -0.00962525 0.00049865 0.0134261 -0.0255913 -0.0218635 0.0284294 0.00209074 0.00490384 0.0135338
internal_weight=1868.37 1861.66 257.275 30.1127 1604.38 137.999 78.1483 53.8786 24.2697 59.8505 36.3752 227.163 200.982 91.7701
internal_count=491916 449762 4339 530 445423 219286 145401 57091 88310 73885 15638 3809 3083 1554
is_linear=0
shrinkage=0.04


Tree=303
num_leaves=15
num_cat=0
split_feature=8 4 14 7 7 3 28 48 53 16 4 10 48 0
split_gain=3.56901 4.74261 4.18254 3.79069 6.07851 9.97256 4.15566 14.0875 10.7399 17.3692 19.6684 14.6938 14.2624 11.8991
threshold=2.0953895900000004 1793.5000000000002 117.50000000000001 6128.0000000000009 5447.5000000000009 0.80981300000000012 0.45925594500000005 0.093803340000000054 1.5843850975000002 2609.5000000000005 1382.5000000000002 2339.5000000000005 0.038856902500000005 1015.1350000000001
decision_type=2 2 2 2 2 2 2 2 2 2 2 2 2 2
left_child=3 2 -2 4 6 -6 7 8 9 11 -11 13 -13 -1
right_child=1 -3 -4 -5 5 -7 -8 -9 -10 10 -12 12 -14 -15
leaf_value=0.0021949314178477172 -0.030771677670834472 0.013198332090161446 0.012750542885572926 -0.024654318307634093 0.035550623984900109 -0.017547705918857594 0.0038459998006702884 -0.0067136265908321457 0.0079669322525816599 -0.022727555841591279 -0.00027527886105318058 -0.0034792930197706205 0.031073598609831624 -0.027873341421592274
leaf_weight=343.58881695637956 13.24475000604207 3.8209809176187255 1.4690700807832389 4.7117282682215764 13.179602202490971 4.6318614079646059 378.94546080053351 445.13122090345678 306.89527376251976 98.107416455414295 158.537299766258 28.044641840720487 49.384133810398453 17.412835371351775
leaf_count=186725 9372 146 100 677 641 137 5378 3674 46276 24320 4060 10924 889 198597
internal_value=7.57257e-05 -0.0154034 -0.0242945 0.00027206 0.000402258 0.0209228 0.000145512 -0.000833424 0.00179926 -0.000961399 -0.0091284 0.00386836 0.0191067 0.000383627
internal_weight=1867.11 18.5348 14.7138 1848.57 1843.86 17.8115 1826.05 1447.1 1001.97 695.075 256.645 438.43 77.4288 361.002
internal_count=491916 9618 9472 482298 481621 778 480843 475465 471791 425515 28380 397135 11813 385322
is_linear=0
shrinkage=0.04


Tree=304
num_leaves=15
num_cat=0
split_feature=33 21 39 45 10 45 35 27 25 21 34 23 45 42
split_gain=3.55679 9.23486 8.74922 13.0541 14.2294 10.4152 8.0668 6.87599 6.05629 7.59103 5.62782 5.55118 5.35713 4.96644
threshold=0.0024733450000000018 0.97635714500000004 0.054980195624544287 0.11020290500000009 1999.5000000000002 -0.011080674999999983 1.2766842250000001 0.24751057000000004 837.50000000000011 0.68980944500000019 0.59287914375000017 0.32643395500000005 0.039111514999999993 1.1063708000000003
decision_type=2 2 2 2 2 2 2 2 2 2 2 2 2 2
left_child=13 2 -2 4 7 -6 12 11 9 -7 -5 -4 -3 -1
right_child=1 6 3 10 5 8 -8 -9 -10 -11 -12 -13 -14 -15
leaf_value=0.0015807598785875826 -0.018648667656347963 -0.029887052537637709 0.018942799147953621 0.0032817358814163687 -0.0045876616530893984 0.0092997142111375612 -0.003324025110127719 0.022106699855788284 0.0052045337704180938 0.061513609710331263 -0.022505583912949486 -0.017729587094174923 0.0005917674868493166 -0.023877354854874234
leaf_weight=1218.2415889490853 15.263479100669199 27.11467128016011 4.2315331668523894 37.583032670813282 8.1309131310463254 7.9403941099226385 452.60424965017228 11.247611695937847 7.1363751283706724 19.213689274445642 15.304432140052084 22.603681096796208 12.678279294992533 7.3986366399703902
leaf_count=142524 27632 1375 1495 4187 751 657 6236 450 290 472 756 2902 491 301698
internal_value=6.91615e-05 -0.00233442 0.00626262 0.0096839 0.0193837 0.0340087 -0.00496673 0.00103638 0.0425797 0.0500656 -0.00547989 -0.00987996 -0.0211942 0.00133069
internal_weight=1866.69 641.052 148.655 133.392 80.5042 42.4214 492.397 38.0828 34.2905 27.1541 52.8875 26.8352 39.793 1225.64
internal_count=491916 47694 39592 11960 7017 2170 8102 4847 1419 1129 4943 4397 1866 444222
is_linear=0
shrinkage=0.04


Tree=305
num_leaves=15
num_cat=0
split_feature=52 25 49 7 53 7 43 11 3 1 0 48 3 13
split_gain=3.52954 6.11815 3.90328 10.5556 8.20618 10.4273 11.4365 10.3647 14.9169 11.2151 9.98569 9.411 11.2798 9.03698
threshold=0.023925490000000004 1061.5000000000002 3.5000000000000004 183.50000000000003 0.17180101 759.50000000000011 1.0000000180025095e-35 1925.0863985000003 1.0409210000000002 1.9711780000000003 938.58500000000015 0.080180492500000047 1.2755675000000002 20.500000000000004
decision_type=2 2 2 2 2 2 2 2 2 2 2 2 2 2
left_child=2 -2 3 -1 -4 7 -7 -6 9 -9 11 12 -10 -8
right_child=1 -3 4 -5 5 6 13 8 10 -11 -12 -13 -14 -15
leaf_value=0.032902382512327244 -0.0095316490551104367 0.043031981703607301 -0.019096719920166393 -0.0022818226729194278 -0.0050646609868108964 0.020863221597153366 0.010144903927465778 0.050403056097277299 0.019449741256059354 0.00066178530145858891 -0.022554887352918704 0.0214351448075751 -0.027076396408803362 -0.0028869026442733866
leaf_weight=8.8493382046810876 3.7625491478324866 2.9054132657929586 23.983186296273061 973.08147841636219 42.941610107246106 35.972519678063691 95.377219837039547 24.113480734042241 10.401246012599588 9.8375786247979686 10.458398826470782 54.036328516565845 13.653086713700757 556.94849802160161
leaf_count=30507 7754 49 2071 431537 4823 371 3043 193 114 87 501 346 219 10301
internal_value=6.60468e-05 0.0219973 -7.13641e-05 -0.00179965 0.00186136 0.00255787 0.000361815 0.0114156 0.0171648 0.0379252 0.0076033 0.0127565 -0.00707323 -0.000918834
internal_weight=1866.32 6.66796 1859.65 981.931 877.723 853.74 688.298 165.442 122.5 33.9511 88.5491 78.0907 24.0543 652.326
internal_count=491916 7803 484113 462044 22069 19998 13715 6283 1460 280 1180 679 333 13344
is_linear=0
shrinkage=0.04


Tree=306
num_leaves=15
num_cat=0
split_feature=13 25 0 14 1 0 1 14 8 7 9 2 35 18
split_gain=3.47972 4.89342 5.12407 4.41519 10.7754 12.9588 12.7972 8.74168 8.70455 8.44711 10.8579 14.9693 17.7103 9.31514
threshold=196.50000000000003 1212.5000000000002 488.34000000000009 57.500000000000007 1.7321605000000002 628.75400000000002 1.2345945000000003 70.500000000000014 1.8981654300000004 2749.5000000000005 2.1796209550000003 2.5564660000000008 1.0798007250000003 0.9756654950000001
decision_type=2 2 2 2 2 2 2 2 2 2 2 2 2 2
left_child=3 2 -2 9 5 6 -5 -6 -9 -1 13 12 -12 -11
right_child=1 -3 -4 4 7 -7 -8 8 -10 10 11 -13 -14 -15
leaf_value=-0.0003381265502202331 0.027327477025844635 0.031485062463078334 -0.017686064940913179 -0.020229260755803426 -0.0074808775526086103 -0.015932492778157632 0.02577582927303166 0.01959100862361875 -0.018668816523369873 0.03042970764461957 -0.023641022284117436 -0.012927418560047966 0.023345905927845058 -0.0075183188574845621
leaf_weight=1383.4875823368211 0.9766592021915147 8.1933695011612127 7.9173232508710498 10.404214406122263 48.232292453139962 141.20627554146427 22.7740554492093 56.304538929730825 7.1754109485323161 43.68411253711065 11.928251057071064 55.065102745810009 56.042495766225329 10.958923742701243
leaf_count=453325 22 95 867 439 2719 10743 755 2147 848 5181 7049 6170 751 805
internal_value=7.54216e-05 0.0158581 -0.00468761 -0.000112983 -0.00463644 -0.010732 0.0105894 0.00493087 0.014219 0.000728134 0.00881253 0.00194012 0.0140452 0.0228268
internal_weight=1864.35 17.0874 8.89398 1847.26 286.097 174.385 33.1783 111.712 63.4799 1561.17 177.679 123.036 67.9707 54.643
internal_count=491916 984 889 490932 17651 11937 1194 5714 2995 473281 19956 13970 7800 5986
is_linear=0
shrinkage=0.04


Tree=307
num_leaves=15
num_cat=0
split_feature=3 14 50 2 18 2 3 3 15 43 52 47 10 17
split_gain=3.53387 7.0511 8.09297 10.4048 10.7935 6.75129 12.2197 9.69999 6.65192 6.33775 5.96767 5.91731 5.27218 16.9787
threshold=0.68480200000000013 14.500000000000002 6.5000000000000009 2.7513640000000001 0.95454885000000012 1.9973075000000002 0.61126550000000013 0.61126550000000013 28.500000000000004 1.0544421250000002 -0.0093458249999999968 0.75642939750000016 4608.5000000000009 4424.5000000000009
decision_type=2 2 2 2 2 2 2 2 2 2 2 2 2 2
left_child=1 11 3 5 -5 6 -3 9 -8 -7 -9 -1 13 -2
right_child=12 2 -4 4 -6 7 8 10 -10 -11 -12 -13 -14 -15
leaf_value=-0.011719488105550346 -0.00066585399332942446 0.019953873143168262 0.025538779702947913 0.010743009075218364 -0.039069703723910172 0.010231090634519548 0.014274109926278516 -0.014749726688412748 -0.032119354646065197 -0.028785593608867354 0.030321131957245312 0.036690946968561948 -0.0062825613096160931 0.01701647423364052
leaf_weight=2.6208238161516411 1428.2684805871145 11.523809143772267 15.282077694078906 7.9199532739899068 15.15384921003715 10.487743116915228 3.1577744980786546 2.4013853186233929 18.857281013016291 7.3155995086208341 29.812174657325617 13.088210064786834 210.16759973389685 87.494917974046075
leaf_count=8410 448574 956 268 2390 4046 98 1021 480 1832 2336 5054 167 11697 4587
internal_value=7.58452e-05 0.00612768 0.00236049 -0.00195653 -0.0231036 0.00485795 -0.00830646 0.013638 -0.0240546 -0.00859766 0.0254309 0.0277348 -0.000423017 0.00040742
internal_weight=1863.55 137.621 121.912 106.63 23.0738 83.5558 33.5389 50.0169 22.0151 17.8033 32.2136 15.709 1725.93 1515.76
internal_count=491916 27058 18481 18213 6436 11777 3809 7968 2853 2434 5534 8577 464858 453161
is_linear=0
shrinkage=0.04


Tree=308
num_leaves=15
num_cat=0
split_feature=29 1 7 27 2 2 8 11 17 8 7 12 1 42
split_gain=3.46198 7.39796 5.72564 4.26746 4.18983 12.8953 12.6713 10.783 9.05099 9.49646 17.5346 17.7083 16.386 16.2925
threshold=-0.22156344999999997 1.7449310000000002 1857.5000000000002 -0.096246289999999887 2.3654035000000007 2.3413125000000004 0.51545548000000008 1860.3573225000002 1434.5000000000002 0.69749067000000009 2087.5000000000005 1.0000000180025095e-35 1.8945785000000002 -0.59843429999999997
decision_type=2 2 2 2 2 2 2 2 2 2 2 2 2 2
left_child=1 -1 -3 -2 5 -5 7 -7 -6 10 11 -10 13 -11
right_child=3 2 -4 4 8 6 -8 -9 9 12 -12 -13 -14 -15
leaf_value=-0.028895688303392543 0.013106900150305143 -0.013913884684252475 0.039052281339797913 0.00095038147458979371 -0.027415048018738931 -0.01142402070330332 -0.00087653465603135456 0.061745082906801647 0.0047392845688272022 -0.00072243486145726142 0.030643257616545985 -0.014399899945126013 0.0040036640225691849 -0.021379565315362416
leaf_weight=12.4415736324263 35.483104806742631 2.6351103265019438 1.8053971450035531 899.51494649143524 16.864030131954905 2.3185169220714696 14.504048160638829 10.622419183149757 337.91224090635183 110.08135865628719 28.088891725542453 94.880385342273257 162.41908797473252 133.28311074573389
leaf_count=6507 3343 2294 927 205264 156618 5432 1471 486 58717 744 3212 5976 15242 25683
internal_value=7.59429e-05 -0.0157414 0.0168987 0.000262729 -2.44032e-05 0.00184937 0.0266268 0.0491056 -0.00198963 -0.00134047 0.00257757 0.000426894 -0.00576771 -0.0122384
internal_weight=1862.85 16.8821 4.44051 1845.97 1810.49 926.96 27.445 12.9409 883.529 866.665 460.882 432.793 405.784 243.364
internal_count=491916 9728 3221 482188 478845 212653 7389 5918 266192 109574 67905 64693 41669 26427
is_linear=0
shrinkage=0.04


Tree=309
num_leaves=15
num_cat=0
split_feature=0 21 3 25 4 3 3 11 11 3 44 1 28 1
split_gain=3.43762 8.78605 7.75091 5.57268 12.876 12.0398 25.2535 13.925 13.2252 12.9701 11.7732 10.3387 10.1165 10.3096
threshold=439.78550000000001 1.4878878100000001 1.1318275000000002 694.50000000000011 1098.5000000000002 1.1022950000000002 1.2367865000000002 2028.9580550000003 3617.3477665000005 0.94852150000000013 0.38863388935161586 1.9082905000000003 0.086005445000000028 2.0753445000000004
decision_type=2 2 2 2 2 2 2 2 2 2 2 2 2 2
left_child=1 -1 -3 -2 5 7 -7 10 11 -10 -5 -9 -6 -14
right_child=3 2 -4 4 12 6 -8 8 9 -11 -12 -13 13 -15
leaf_value=-0.03133616859243251 0.0033738998714454324 0.026114155262630147 -0.01381638506782272 0.020226237757855654 0.012218345442234352 0.02188918913325338 -0.010403840685498704 -0.042636077282306256 0.025020807056006067 -0.02483232141654022 -0.019142196598378153 0.0079203846661928031 0.0012262689655006922 -0.012838806486355783
leaf_weight=14.057268918743828 626.58803778654146 9.2702997399028408 12.41168896818999 20.460499980079476 110.56435070959469 47.757957672617977 141.11984804717849 49.466767778843405 10.854746828656063 12.656187205832337 18.281700967320603 5.7334140923048826 692.48958715274875 89.711579987744699
leaf_count=3618 441391 95 218 205 10534 3707 5323 5933 1724 656 10292 1415 5875 930
internal_value=7.61354e-05 -0.0114163 0.00495054 0.000331675 -0.00126545 -0.00827111 -0.00188458 -0.018045 -0.0272244 -0.00146419 0.00158445 -0.0371633 0.00117105 -0.000458172
internal_weight=1861.42 35.7393 21.682 1825.68 1199.1 306.331 188.878 117.453 78.7111 23.5109 38.7422 55.2002 892.766 782.201
internal_count=491916 3931 313 487985 46594 29255 9030 20225 9728 2380 10497 7348 17339 6805
is_linear=0
shrinkage=0.04


Tree=310
num_leaves=15
num_cat=0
split_feature=37 37 7 4 33 26 23 2 36 43 14 51 29 28
split_gain=3.40768 4.45397 8.88574 8.57117 8.55216 9.99915 6.44144 6.1639 5.10582 10.9374 14.7041 8.95352 8.8702 7.76142
threshold=0.20677449285714289 0.44535626928571431 975.50000000000011 1212.5000000000002 -0.0016179160000000001 326.50000000000006 0.24908577500000004 2.2324455000000003 0.034971840058605215 1.1260121950000002 34.500000000000007 -0.0077128350000000281 0.19450003000000002 0.058815779999999936
decision_type=2 2 2 2 2 2 2 2 2 2 2 2 2 2
left_child=-1 2 4 -4 -2 6 -6 -8 9 10 11 -3 -12 -13
right_child=1 8 3 -5 5 -7 7 -9 -10 -11 12 13 -14 -15
leaf_value=-0.020648487716488952 -0.008122226130871232 -0.012110639209174504 -0.022558570995333479 0.027920625167049424 0.0052511742643152337 -0.009539462007550405 0.062619260164202745 -0.0075565275033835366 -0.00068943334903095847 -0.011685764446598084 -0.021096370832952207 0.040581890541758439 0.017565033400413942 0.00033424796612248738
leaf_weight=7.6184489075444608 9.029476134044442 5.5557813843915929 14.625071823871624 2.7324877936234762 6.5493372773266918 5.3102158977142144 11.935590075526305 1.1395786772400232 1692.5223332581672 29.025183692599967 18.894970753462989 36.0265825434617 11.082157199416541 9.5306056439876539
leaf_count=223099 18876 482 57436 212 18998 29127 10663 19589 52090 54784 2031 3816 217 496
internal_value=6.82946e-05 0.000208735 0.0112856 -0.010145 0.0221343 0.0326174 0.0436455 0.0561046 -0.000136972 0.00801572 0.0153368 0.0274795 -0.00633596 0.0330278
internal_weight=1861.58 1853.96 51.3218 17.3576 33.9642 24.9347 19.6245 13.0752 1802.64 110.115 81.0901 51.113 29.9771 45.5572
internal_count=491916 268817 154901 57648 97253 78377 49250 30252 113916 61826 7042 4794 2248 4312
is_linear=0
shrinkage=0.04


Tree=311
num_leaves=15
num_cat=0
split_feature=13 10 16 14 1 3 48 17 22 3 14 8 7 3
split_gain=3.34863 4.56936 5.07943 3.88848 10.0631 17.3567 12.9816 11.7627 10.0963 8.99706 8.12627 8.21721 7.8298 11.14
threshold=196.50000000000003 3304.5000000000005 2413.5000000000005 57.500000000000007 1.7321605000000002 1.1446505000000002 0.049932272499999993 6426.5000000000009 0.84825722000000014 1.2588090000000003 70.500000000000014 1.8981654300000004 2749.5000000000005 0.85154450000000015
decision_type=2 2 2 2 2 2 2 2 2 2 2 2 2 2
left_child=3 2 -2 12 5 7 -7 8 -5 -8 -6 -12 -1 -14
right_child=1 -3 -4 4 10 6 9 -9 -10 -11 11 -13 13 -15
leaf_value=-0.00035208912921491447 -0.0083364976818820699 -0.0046571051577256614 0.042669764150783919 -9.551329844932921e-06 -0.0071126354407915864 -0.017506737518135907 0.042564364839999397 0.0035559960083023207 -0.030501605847638356 0.0015010759060000798 0.019037652712082732 -0.018167909062814094 -0.0043752862212484648 0.01594559164820673
leaf_weight=1382.5707866811285 2.3952210981960906 8.6402153536437236 5.9683101034988795 22.09520975050259 48.15131075541467 13.903132199418449 14.196046665238102 31.072199868134248 76.371342665323027 16.05848631003937 56.307927792665851 7.1512323393708348 65.858524100390696 111.15060552195609
leaf_count=453325 229 374 381 5206 2719 2961 87 2062 1491 130 2147 848 7474 12482
internal_value=6.88363e-05 0.015581 0.0304085 -0.000115862 -0.00436726 -0.0102755 0.0105324 -0.0174964 -0.0239905 0.0240729 0.00487392 0.0138243 0.000673353 0.00847245
internal_weight=1861.89 17.0037 8.36353 1844.89 285.307 173.696 44.1577 129.539 98.4666 30.2545 111.61 63.4592 1559.58 177.009
internal_count=491916 984 610 490932 17651 11937 3178 8759 6697 217 5714 2995 473281 19956
is_linear=0
shrinkage=0.04


Tree=312
num_leaves=15
num_cat=0
split_feature=9 50 8 8 8 15 15 29 27 23 53 53 40 45
split_gain=3.42004 7.26206 6.66735 4.5124 10.2052 5.62818 7.87893 4.60467 5.33336 13.2654 14.9877 10.474 10.0902 9.79122
threshold=4.2925328600000006 4.5000000000000009 1.7297377250000003 1.8981654300000004 1.6688945700000002 134.50000000000003 56.500000000000007 -0.22156344999999997 -0.010146879999999995 0.96527305500000016 0.30026044000000007 0.28701391250000002 1.0957044999999994 0.0087924450000000116
decision_type=2 2 2 2 2 2 2 2 2 2 2 2 2 2
left_child=3 -2 -3 4 7 6 -6 -1 9 10 11 -9 -10 -11
right_child=1 2 -4 -5 5 -7 -8 8 12 13 -12 -13 -14 -15
leaf_value=-0.019282806247981239 -0.027299922195846905 -0.018759884131149259 0.016572275824250117 -0.017936369109171863 0.0016208517300252618 -0.011902454960462647 0.049639506194719185 -0.00090981748260697873 -0.013644936793019469 0.018506894086264204 -0.023125387191037551 0.061665532644050773 0.00036984541326680526 -0.0026703758930257137
leaf_weight=14.2221611599316 17.200387940038809 9.0491993623436446 17.056601227042847 16.34797489287007 9.1080477940206546 3.0543267632911002 10.125118287632402 12.363505155560459 82.032970234746017 107.99639613523868 37.300368235742098 1.4330941144917222 1475.1571705385543 48.906951496743204
leaf_count=8441 3572 57 246 10413 2816 332 2034 50971 129528 4219 79387 2748 194381 2771
internal_value=6.96333e-05 -0.0104356 0.00327806 0.000347803 0.000562887 0.0248394 0.0319261 0.00019007 0.000400985 0.00633779 -0.0106478 0.0202644 -0.000409764 0.0120273
internal_weight=1861.35 43.3062 26.1058 1818.05 1801.7 22.2875 19.2332 1779.41 1765.19 208 51.097 13.7966 1557.19 156.903
internal_count=491916 3875 303 488041 477628 5182 4850 472446 464005 140096 133106 53719 323909 6990
is_linear=0
shrinkage=0.04


Tree=313
num_leaves=15
num_cat=0
split_feature=0 24 3 2 13 2 0 11 10 1 39 0 39 53
split_gain=3.38639 4.44067 9.58035 9.55072 7.37945 7.84714 7.36668 10.6862 17.9156 9.55641 14.6319 7.55419 7.48983 10.716
threshold=1825.5915000000002 1773.5000000000002 1.1723585000000003 2.9541830000000004 29.500000000000004 2.3463960000000004 995.80050000000017 3899.5634590000004 2222.5000000000005 1.4699685000000002 0.13425965761023531 982.53300000000002 0.01930288653186896 0.30026044000000007
decision_type=2 2 2 2 2 2 2 2 2 2 2 2 2 2
left_child=1 6 4 -4 -3 -6 11 8 -8 10 -10 12 13 -1
right_child=-2 2 3 -5 5 -7 7 -9 9 -11 -12 -13 -14 -15
leaf_value=0.054882806656928809 -0.021537341627389187 -0.016252868417814405 0.037588086469287067 -0.0063716059349939701 0.019343361800858605 0.00049597208636747417 -0.024565907266079635 -0.023990979056602107 -0.011834243863673084 -0.0097165899408391092 0.035337326668235768 0.023183391614062809 -0.00036478381947897511 -0.014958897406005332
leaf_weight=4.0210222652294751 6.5363668171846703 26.034604633108756 20.294678370468322 9.6366582966584229 40.516396630882809 159.41716599929714 29.022382043187918 45.80808424352881 12.338837014252475 20.397838264033226 28.718475933197624 17.637476301560582 1437.1323184695439 2.9570335330136004
leaf_count=46067 42154 726 324 206 676 2407 176638 12676 11450 17734 788 7736 141294 31040
internal_value=6.76942e-05 0.000201591 0.00504066 0.0245487 0.00198116 0.00469414 -0.000586613 -0.00930865 -0.00100801 0.0111285 0.0214152 0.000255543 -0.000103509 0.0313966
internal_weight=1860.47 1853.93 255.9 29.9313 225.968 199.934 1598.03 136.286 90.4775 61.4552 41.0573 1461.75 1444.11 6.97806
internal_count=491916 449762 4339 530 3809 3083 445423 219286 206610 29972 12238 226137 218401 77107
is_linear=0
shrinkage=0.04


Tree=314
num_leaves=15
num_cat=0
split_feature=37 39 53 19 8 11 0 7 19 49 17 43 1 0
split_gain=3.29475 4.81265 14.6658 5.51601 5.31471 11.7672 12.5985 11.2625 15.263 12.6917 11.4823 10.4884 10.0826 10.1931
threshold=0.20677449285714289 0.01930288653186896 0.30026044000000007 0.031314705000000005 0.2868699500000001 2169.4599125000004 883.84900000000005 437.50000000000006 0.051557970000000002 2.5000000000000004 1815.5000000000002 1.5730182800000001 0.99494500000000008 709.77800000000013
decision_type=2 2 2 2 2 2 2 2 2 2 2 2 2 2
left_child=-1 2 3 -2 7 6 12 9 11 10 -3 -9 -6 -14
right_child=1 4 -4 -5 5 -7 -8 8 -10 -11 -12 -13 13 -15
leaf_value=-0.020414092135456655 -0.0065874228052699661 0.0057512745484168551 -0.018819760353689621 0.067761568010887258 -0.01719138276381918 -0.00034825322565151936 -0.018595098530750469 -0.021303499556749032 0.015367108573687113 -0.0048190019622634216 0.051408141946712983 0.018051022818825337 0.010758173124968778 0.036326244508436169
leaf_weight=7.4810105604979062 0.97537798217808669 27.575719521236124 4.4063055060539682 2.944348599625755 11.554365512674847 1392.858143762111 17.332847575332607 113.6798258307208 22.404671099040115 85.841148047979914 9.0969816403376154 8.1623015642630872 126.04832408575112 28.962206629948014
leaf_count=223099 6946 26833 49582 16760 1109 70031 27043 8976 5293 9231 729 21160 14688 10436
internal_value=6.90543e-05 0.000206548 0.0241583 0.0559388 3.33204e-05 0.000921051 0.0102896 -0.00513424 -0.0125267 0.0037195 0.0218861 -0.0180595 0.0137497 0.0165212
internal_weight=1859.32 1851.84 8.32603 3.91973 1843.52 1576.76 183.898 266.761 144.247 122.514 36.6727 121.842 166.565 155.011
internal_count=491916 268817 73288 23706 195529 123307 53276 72222 35429 36793 27562 30136 26233 25124
is_linear=0
shrinkage=0.04


Tree=315
num_leaves=15
num_cat=0
split_feature=0 25 2 0 1 12 3 3 0 25 53 3 18 1
split_gain=3.26083 4.2702 9.5134 13.0193 12.1419 12.8218 15.2151 10.983 10.0217 9.69314 9.20345 7.72277 7.68036 7.5948
threshold=1825.5915000000002 1603.5000000000002 3.0095670000000005 680.26700000000017 1.8854755000000003 1.0000000180025095e-35 0.83526600000000017 0.7840910000000002 1096.4215000000002 1742.5000000000002 1.2510121450000002 0.77992900000000009 0.94799748000000006 1.3896775000000001
decision_type=2 2 2 2 2 2 2 2 2 2 2 2 2 2
left_child=1 -1 3 -3 5 6 7 13 -6 -8 -7 -4 -13 -5
right_child=-2 2 11 4 8 10 9 -9 -10 -11 -12 12 -14 -15
leaf_value=-0.00055958870898898685 -0.021230159991641743 0.038351280889635353 0.013730563607157178 -0.014718755029586625 0.026699238887894369 -0.034327976061856488 -0.0014625071402833826 -0.03385937039890706 -0.018362567482269759 0.045135545491066999 -0.0027506488923206731 0.013742100678090865 -0.023774492446827541 0.023476608245817175
leaf_weight=1600.9954984954679 6.4232368490766012 16.986825674306601 14.244953353078015 9.9612717399140838 46.79247714925441 18.161506449505396 10.00698284940154 10.113468933785041 5.6910224392377122 17.546127676105243 43.478663045108988 7.5294417662080368 36.404665599155123 14.836020924347393
leaf_count=444393 42154 218 365 155 576 616 152 205 333 255 1419 92 786 197
internal_value=7.59324e-05 0.000206739 0.0049961 0.00921929 0.00543811 -0.00154149 0.010812 -0.00667142 0.0206408 0.0305864 -0.0139321 -0.00867297 -0.0165977 0.00823804
internal_weight=1859.17 1852.75 251.753 193.574 176.588 124.104 62.4639 34.9108 52.4835 27.5531 61.6402 58.1791 43.9341 24.7973
internal_count=491916 449762 5369 4126 3908 2999 964 557 909 407 2035 1243 878 352
is_linear=0
shrinkage=0.04


Tree=316
num_leaves=15
num_cat=0
split_feature=2 2 2 8 2 48 8 0 13 2 15 39 18 1
split_gain=3.37017 19.9997 10.2893 19.221 14.0391 9.14697 8.5476 9.11185 15.1852 13.0934 22.6242 16.1975 12.1144 12.0499
threshold=2.6851510000000007 2.7019100000000003 2.6306915000000006 1.1508646300000003 2.6139950000000005 -0.035376069999999933 1.5594971550000001 720.25400000000013 47.500000000000007 2.7513640000000001 18.500000000000004 0.14967282093457498 0.95047878000000019 1.7228400000000004
decision_type=2 2 2 2 2 2 2 2 2 2 2 2 2 2
left_child=2 -2 4 -4 5 -1 7 8 -3 10 -9 -12 -10 -11
right_child=1 6 3 -5 -6 -7 -8 9 12 13 11 -13 -14 -15
leaf_value=-0.025308302555877654 -0.030622405021009054 -0.0025318507815496796 0.025811868399056949 -0.02213763852359811 -0.029765606434596636 0.001391904359698593 -0.019331315091846098 -0.02785067542281499 -0.0025662865847050245 -0.024188679475517123 0.071889856059324519 0.0094360853668691552 0.024558360352036464 -0.002632428584244654
leaf_weight=15.895536509758584 32.741364538219386 152.78551741611182 55.219297975689642 13.040955531886537 19.312767883511469 1185.500618914906 30.981431932069881 9.5507543402857191 36.777487312931953 54.014813550501685 6.3970915073744008 20.440815396890684 80.649687152440492 144.73412523496631
leaf_count=7869 5725 27856 15910 1678 5845 289808 7757 6897 1396 22007 4956 304 2011 91897
internal_value=7.37741e-05 -0.0024772 0.00120523 0.0157656 0.000330052 0.000935209 -0.000492048 0.000841005 0.00580174 -0.00486182 0.015805 0.0332747 0.0163052 -0.00894068
internal_weight=1858.04 569.073 1288.97 68.2603 1220.71 1201.4 536.332 505.35 270.213 235.138 36.3887 26.8379 117.427 198.749
internal_count=491916 170806 321110 17588 303522 297677 165081 157324 31263 126061 12157 5260 3407 113904
is_linear=0
shrinkage=0.04


Tree=317
num_leaves=15
num_cat=0
split_feature=44 14 22 14 14 53 53 53 0 29 45 10 36 11
split_gain=3.45253 7.40441 6.80467 12.7288 13.7912 8.46809 9.38787 7.86425 7.71027 7.67345 7.42572 8.23576 7.17539 6.51094
threshold=0.10170858139604214 77.500000000000014 1.9484083250000002 24.500000000000004 58.500000000000007 2.9125401150000001 1.9700084800000002 0.52501931750000008 756.90050000000008 0.22242209000000004 -0.068947874999999978 2490.5000000000005 0.079310664431074832 3325.0282950000005
decision_type=2 2 2 2 2 2 2 2 2 2 2 2 2 2
left_child=1 2 3 9 7 6 10 -5 -8 -1 -4 -12 -10 -11
right_child=-2 -3 5 4 -6 -7 8 -9 12 13 11 -13 -14 -15
leaf_value=0.01805964169114337 -0.00081732341049342474 0.023220915500331386 0.017468341145647256 0.00056211051404466718 -0.012581302419984428 -0.01751265370304041 0.033844013074396689 0.032174673812200939 0.019155985390527989 -0.022858399011137006 0.0055589098113207657 -0.015038867803764079 -0.024304864618017542 0.0057988073400275265
leaf_weight=12.308895791880785 1473.7315059495236 23.074708521482535 18.761847127228975 16.29528619418852 16.083727480552625 43.025490298168734 17.795840638224036 53.215150333126076 7.4341579542960954 30.015605067834258 48.138263548084069 73.007952267769724 6.9490933406050317 17.243121789768338
leaf_count=124 488322 225 126 107 122 509 196 383 87 175 570 768 83 119
internal_value=6.43328e-05 0.00342062 0.00185196 0.0083972 0.0178793 -0.0026553 0.00144895 0.0252988 0.0193461 -0.00555735 -0.00319292 -0.00695828 -0.00269473 -0.0128479
internal_weight=1857.08 383.349 360.274 145.162 85.5942 215.113 172.087 69.5104 32.1791 59.5676 139.908 121.146 14.3833 47.2587
internal_count=491916 3594 3369 1030 612 2339 1830 490 366 418 1464 1338 170 294
is_linear=0
shrinkage=0.04


Tree=318
num_leaves=15
num_cat=0
split_feature=3 9 26 7 14 23 7 7 42 2 39 1 11 11
split_gain=3.24554 6.64077 7.01909 14.2535 10.9484 6.33842 5.93853 5.65626 5.5201 12.4444 11.364 7.77605 9.32338 14.2008
threshold=1.5605365000000002 0.50544229000000007 341.50000000000006 787.50000000000011 29.500000000000004 1.1203987950000001 2617.5000000000005 2388.5000000000005 -0.85175970499999998 2.9992215000000004 0.17931670242364947 1.7052315000000002 3553.3006025000009 2846.3058315000003
decision_type=2 2 2 2 2 2 2 2 2 2 2 2 2 2
left_child=8 -2 3 -3 6 -6 -4 -5 9 11 -11 12 13 -1
right_child=1 2 4 7 5 -7 -8 -9 -10 10 -12 -13 -14 -15
leaf_value=0.015075601013954535 -0.024914612218642766 0.036385119841329458 -0.021635225567665967 -0.020597463909683394 -0.015607849136977374 0.011537426862951916 0.018570575573003584 0.019661716309446412 -0.00010512437229001074 -0.03120946154507041 0.0095342521536239486 0.030417343104019369 0.02016841367487433 -0.026917993747169761
leaf_weight=21.847007751930505 18.476060588388918 15.305080464378078 54.838523950048057 14.55261353705737 13.708216592738152 49.326960069593042 2.731894916156306 3.3628667170887629 1538.4547956855754 17.07065623649396 18.213330409023911 29.698164560599253 38.324175568413921 20.091168998973444
leaf_count=171 17523 4536 4298 5815 1208 846 151 1522 454599 216 127 230 489 185
internal_value=6.88632e-05 -0.00507967 -0.00198795 0.013095 -0.0064984 0.00492096 -0.0183958 -0.0103993 0.000609221 0.00792738 -0.0116049 0.014427 0.00707359 -0.0057665
internal_weight=1856 172.302 153.826 33.2206 120.606 63.0352 57.5704 17.9155 1683.7 145.245 35.284 109.961 80.2624 41.9382
internal_count=491916 35899 18376 11873 6503 2054 4449 7337 456017 1418 343 1075 845 356
is_linear=0
shrinkage=0.04


Tree=319
num_leaves=15
num_cat=0
split_feature=0 38 3 15 2 1 37 21 2 0 3 23 12 24
split_gain=3.2397 8.43386 8.80383 5.31802 9.31017 13.9235 4.84501 5.10616 4.53008 8.50252 8.18319 9.98156 9.19245 12.2171
threshold=439.78550000000001 1.6295460600000002 1.1318275000000002 5.5000000000000009 1.7961265000000002 1.3317330000000001 0.59353453857142868 0.26562682500000007 1.7660510000000003 1304.2985000000001 0.86109800000000003 1.2354785750000004 1.0000000180025095e-35 818.50000000000011
decision_type=2 2 2 2 2 2 2 2 2 2 2 2 2 2
left_child=1 -1 -3 4 -2 6 7 -6 10 -10 -5 12 -12 -14
right_child=3 2 -4 8 5 -7 -8 -9 9 -11 11 -13 13 -15
leaf_value=-0.031565074845199284 -0.020153596697774629 0.02745718942253109 -0.014710412439970726 0.018657272556218102 -0.0050813178803537978 -0.0037931409440027032 0.010014759568818577 0.077437514604651134 -0.00030711439165791393 -0.020522548451812023 -0.0086502920772905528 0.018810241030548232 0.029888198667011059 -0.022576283832551267
leaf_weight=13.047716964023946 5.0321634683814436 9.1362273465201742 13.257155628103645 50.407852557343631 0.704587917536175 12.296898158194152 5.3831359582400182 4.384317530251792 1535.6514856352621 29.031309198196823 116.22602061310499 34.53609842214064 19.434353623409155 5.8286928305969914
leaf_count=3598 6095 99 234 8693 9997 61534 362 1797 254930 124610 15984 702 3068 213
internal_value=6.82277e-05 -0.0111299 0.00436495 0.000316334 0.016277 0.0265075 0.0518158 0.0691563 2.39763e-05 -0.000746371 0.0052483 0.000999144 -0.00384202 0.0160535
internal_weight=1854.36 35.4411 22.3934 1818.92 27.8011 22.7689 10.472 5.08891 1791.12 1564.68 226.433 176.025 141.489 25.263
internal_count=491916 3931 333 487985 79785 73690 12156 11794 408200 379540 28660 19967 19265 3281
is_linear=0
shrinkage=0.04


Tree=320
num_leaves=15
num_cat=0
split_feature=9 50 8 8 8 15 15 29 40 1 48 45 29 14
split_gain=3.23698 6.75224 6.35937 4.28318 9.66221 5.39418 7.27827 4.46331 16.9467 11.1931 8.98703 17.1251 15.892 8.79645
threshold=4.2925328600000006 4.5000000000000009 1.7297377250000003 1.8981654300000004 1.6688945700000002 134.50000000000003 56.500000000000007 0.74686528500000005 4.272105000000006 1.3976010000000003 0.093803340000000054 0.040411220000000032 0.48730375000000009 20.500000000000004
decision_type=2 2 2 2 2 2 2 2 2 2 2 2 2 2
left_child=3 -2 -3 4 7 6 -6 10 -9 -10 11 12 -1 -11
right_child=1 2 -4 -5 5 -7 -8 8 9 13 -12 -13 -14 -15
leaf_value=0.0014719728742897792 -0.026595548800346799 -0.018445530643731257 0.016142283640513452 -0.01757382921290947 0.0017221461491534779 -0.011751985467324812 0.04810313196215274 -0.020667319147301796 0.018882090354427752 -0.0093999172955899005 -0.0061514420082298352 -0.0082822098832730281 0.017180093932366688 0.0067144372471353835
leaf_weight=657.44762901728859 16.899437987587589 9.0066236723359925 16.875585571106058 16.109242685919071 9.0199187618814047 3.03829663221586 10.154790579625795 35.556212292392956 84.910455763805658 68.648888496325526 372.32076144184066 234.47467327560253 117.4748558780484 201.99630024178623
leaf_count=392667 3572 57 246 10413 2816 332 2034 923 642 564 3171 70897 2168 1414
internal_value=7.09565e-05 -0.0102061 0.00306851 0.000341144 0.000550286 0.0242043 0.0311539 0.00018667 0.00393091 0.00664327 -0.000883534 0.0010803 0.00394813 0.00253068
internal_weight=1853.93 42.7816 25.8822 1811.15 1795.04 22.213 19.1747 1772.83 391.112 355.556 1381.72 1009.4 774.922 270.645
internal_count=491916 3875 303 488041 477628 5182 4850 472446 3543 2620 468903 465732 394835 1978
is_linear=0
shrinkage=0.04


Tree=321
num_leaves=15
num_cat=0
split_feature=13 25 0 14 0 7 37 7 7 8 3 2 14 8
split_gain=3.25571 4.48857 4.96839 3.69616 9.95171 14.0094 10.0528 9.53837 6.92598 12.6931 16.7822 11.2787 8.64572 7.23348
threshold=196.50000000000003 1212.5000000000002 488.34000000000009 57.500000000000007 628.75400000000002 3609.5000000000005 2.4187758457142858 647.50000000000011 2617.5000000000005 1.1189101700000001 0.89791050000000017 2.5564660000000008 15.500000000000002 0.97356475000000009
decision_type=2 2 2 2 2 2 2 2 2 2 2 2 2 2
left_child=3 2 -2 8 5 -5 7 -6 13 10 -10 -11 -12 -1
right_child=1 -3 -4 4 6 -7 -8 -9 9 11 12 -13 -14 -15
leaf_value=0.00074420139651369015 0.026929117361934679 0.03025944908949231 -0.017481869235069891 -0.0045834157171702819 0.026990777835872483 0.037331257831455814 0.015638142993347003 -0.01201607046309526 0.001704022473632429 0.0093396285837766563 -0.0036073120346818959 -0.014750923519651937 0.043959547575441994 -0.0079137463225212399
leaf_weight=1178.9336281196076 0.97381123537343395 8.207665748523139 7.7563654533737463 30.867431656512508 5.9052649767509129 15.685663641381323 22.258963954693172 208.06440267326298 45.843148514920358 66.633248975698962 6.4503491158138777 49.98030604890414 32.29821925759552 172.56388016226288
leaf_count=426506 22 95 867 997 998 734 345 14577 4718 9191 256 7259 1487 23864
internal_value=6.70955e-05 0.0153853 -0.00452548 -0.000115674 -0.00428015 0.0117903 -0.00762586 -0.0103478 0.000654074 0.00748266 0.0188069 -0.00116749 0.0365339 -0.00038637
internal_weight=1852.42 16.9378 8.73018 1835.48 282.782 46.5531 236.229 213.97 1552.7 201.205 84.5917 116.614 38.7486 1351.5
internal_count=491916 984 889 490932 17651 1731 15920 15575 473281 22911 6461 16450 1743 450370
is_linear=0
shrinkage=0.04


Tree=322
num_leaves=15
num_cat=0
split_feature=33 21 36 45 10 6 24 45 15 24 24 45 34 53
split_gain=3.23961 8.53204 8.18407 12.6742 9.11077 8.17689 7.82263 7.23077 5.93033 5.65029 6.86425 4.97652 4.90386 4.79774
threshold=0.0024733450000000018 0.97635714500000004 0.062632909309461998 0.11020290500000009 1999.5000000000002 1.2762179300000003 487.50000000000006 -0.011080674999999983 51.500000000000007 885.50000000000011 507.50000000000006 0.039111514999999993 0.59287914375000017 0.16472066000000005
decision_type=2 2 2 2 2 2 2 2 2 2 2 2 2 2
left_child=13 2 8 4 6 11 -4 -6 -2 10 -9 -3 -5 -1
right_child=1 5 3 12 7 -7 -8 9 -10 -11 -12 -13 -14 -15
leaf_value=-0.011217924524688352 -0.022068296354330275 -0.029421887114741318 0.014732419212405794 0.0034683608053944445 -0.0022458626385586126 -0.0031006946009022279 -0.022967737131458815 0.013648607777710023 0.015484350943860713 0.0030083847523319431 0.062222899905499007 6.282753276160389e-05 -0.021013106202737372 0.0017824041686872324
leaf_weight=42.292426176889421 19.92888129580297 27.247399397547269 24.668508527731774 37.20354189390946 7.2895601677091681 447.48059832159925 7.621304810615583 10.759119249913061 5.2094572474370571 6.3209921924535584 14.416459295991443 12.762742747534501 14.319899633570456 1174.2139389182146
leaf_count=84282 29430 1653 1675 3611 308 5816 299 277 3234 117 201 633 440 359940
internal_value=7.85799e-05 -0.00222641 0.00605781 0.0103238 0.020728 -0.00477302 0.00394762 0.0326518 -0.0130084 0.0399297 0.0471652 -0.0210544 -0.00459268 0.00128637
internal_weight=1851.73 635.228 147.738 122.599 71.0759 487.491 32.2898 38.7861 25.1383 31.4966 25.1756 40.0101 51.5234 1216.51
internal_count=491916 47694 39592 6928 2877 8102 1974 903 32664 595 478 2286 4051 444222
is_linear=0
shrinkage=0.04


Tree=323
num_leaves=15
num_cat=0
split_feature=1 3 2 2 29 1 16 1 3 15 19 48 2 2
split_gain=3.21769 11.9368 5.08423 7.03794 11.828 8.14451 15.5049 11.3683 18.8771 11.6027 9.16308 10.0544 7.78462 10.3356
threshold=2.3414245000000005 1.0778530000000004 3.1742715000000001 3.1361645000000005 0.6316416600000001 2.1077430000000006 3497.5000000000005 2.0186950000000006 0.91710250000000015 18.500000000000004 0.052024705000000011 0.041975379999999986 3.0629330000000006 3.0412050000000002
decision_type=2 2 2 2 2 2 2 2 2 2 2 2 2 2
left_child=2 -2 3 5 -5 7 -7 12 10 -10 11 -9 13 -1
right_child=1 -3 -4 4 -6 6 -8 8 9 -11 -12 -13 -14 -15
leaf_value=-0.00026141999337064842 -0.024717777953477973 0.033498490518117506 -0.017201019208625181 0.037048123850955482 -0.0085829804040374758 -0.025908004428393673 0.0087576080741393319 0.0097633789344167936 -0.016335027274266608 0.037330583990535425 0.021982799736212505 -0.032020529235025505 -0.018959505313999956 0.032995126889826171
leaf_weight=1581.1908112430947 4.2317841088354262 11.573867150815657 22.408343690110087 15.996411713889076 13.293331510511051 46.938992505920169 30.965365199955158 12.265935614315596 4.6227547140736069 40.227665859380522 9.3535040632507371 18.015971379430994 30.222068817575746 10.094409886005222
leaf_count=402517 3512 3549 6570 11043 165 27257 2228 3579 8781 5718 859 216 12266 3656
internal_value=7.52288e-05 0.0157174 -0.000101791 0.000156252 0.0181065 -0.000188256 -0.012432 0.000405551 0.014285 0.0307156 -0.00566545 -0.0161105 -0.000359306 5.22338e-05
internal_weight=1851.4 15.8057 1835.6 1813.19 29.2897 1783.9 77.9044 1705.99 84.4858 44.8504 39.6354 30.2819 1621.51 1591.29
internal_count=491916 7061 484855 478285 11208 467077 29485 437592 19153 14499 4654 3795 418439 406173
is_linear=0
shrinkage=0.04


Tree=324
num_leaves=15
num_cat=0
split_feature=44 3 26 11 2 19 11 45 23 5 24 3 53 9
split_gain=3.26061 8.445 7.52057 9.28938 22.6207 10.0869 9.11048 8.81426 8.25311 7.88508 7.67087 8.65445 7.39802 7.25095
threshold=0.17563164833302702 0.76367250000000009 636.50000000000011 2846.3058315000003 3.0050855000000003 0.037690215000000006 2728.8325830000003 0.028135830000000004 0.41087925500000005 1307.9247945000002 1237.5000000000002 0.88354200000000016 3.1877044650000004 0.48143243500000005
decision_type=2 2 2 2 2 2 2 2 2 2 2 2 2 2
left_child=1 -1 8 4 6 10 7 13 9 -3 -5 -12 -13 -4
right_child=-2 2 3 5 -6 -7 -8 -9 -10 -11 11 12 -14 -15
leaf_value=0.021657072412325264 -0.0010978878548405181 -0.022252806220498821 0.0043728706063670512 -0.021008687195013098 -0.03219946781741153 0.0024098097187202961 0.045965205355977083 -0.01472363476337764 0.017169312699510633 0.011053695090559135 -0.028933532034080903 0.0065434499939084354 -0.018157438408059799 0.03427947632587168
leaf_weight=29.631973320152611 1242.9399103863502 16.626483708620071 30.503587789367884 64.746184380899649 12.067845700308679 199.94625810952857 11.487752055749295 12.823295585345475 78.736133244587108 19.462519200285897 13.563119699218076 78.024816126911901 20.324632334901253 20.023916532984003
leaf_count=255 486368 82 381 591 176 1817 101 120 569 137 129 826 195 169
internal_value=7.5781e-05 0.00246463 0.00130407 -0.000994916 0.0104337 -0.00373437 0.0188944 0.0109821 0.0102386 -0.00513151 -0.0105634 -0.00388032 0.000807341 0.0182443
internal_weight=1850.91 607.969 578.337 463.511 86.9064 376.605 74.8386 63.3508 114.825 36.089 176.659 111.913 98.3494 50.5275
internal_count=491916 5548 5293 4505 947 3558 771 670 788 219 1741 1150 1021 550
is_linear=0
shrinkage=0.04


Tree=325
num_leaves=15
num_cat=0
split_feature=37 39 53 19 8 11 0 7 19 49 17 43 8 16
split_gain=3.16959 4.64102 13.8544 5.16877 4.50496 10.8348 11.6144 10.6316 14.0577 11.773 10.4927 9.85414 9.69937 11.7368
threshold=0.20677449285714289 0.01930288653186896 0.30026044000000007 0.031314705000000005 0.2868699500000001 2169.4599125000004 883.84900000000005 437.50000000000006 0.051557970000000002 2.5000000000000004 1815.5000000000002 1.5730182800000001 0.18968613000000004 1391.5000000000002
decision_type=2 2 2 2 2 2 2 2 2 2 2 2 2 2
left_child=-1 2 3 -2 7 6 -6 9 11 10 -3 -9 -11 -14
right_child=1 4 -4 -5 5 -7 -8 8 -10 12 -12 -13 13 -15
leaf_value=-0.020133999992269499 -0.0065326812306644427 0.0057974564426641253 -0.018616539518032653 0.065025720131303741 0.013129734345805466 -0.00036995709651398568 -0.018100957843891707 -0.020536177617726175 0.014742535531334838 -0.01313365142089701 0.049483529386391847 0.017461141796472009 -0.021051674080410403 0.028472805745792536
leaf_weight=7.3372440141224606 0.9657062779858715 27.490829581206526 4.3172874266217605 3.1489672207219428 167.04368341244208 1384.7899151557692 17.038402940709602 112.16820516626103 22.465870087661187 58.961616148399571 9.1612161212142365 8.2712441849789666 6.9326598549628242 19.341527982664957
leaf_count=223099 6946 26833 49582 16760 26233 70031 27043 8976 5293 6814 729 21160 2081 336
internal_value=7.34817e-05 0.000208254 0.023635 0.0538604 3.65484e-05 0.000855094 0.00983685 -0.00473922 -0.011964 0.00386901 0.0213462 -0.0173347 -0.00441267 0.0141289
internal_weight=1849.43 1842.1 8.43196 4.11467 1833.67 1568.87 184.082 264.793 142.905 121.888 36.652 120.439 85.2358 26.2742
internal_count=491916 268817 73288 23706 195529 123307 53276 72222 35429 36793 27562 30136 9231 2417
is_linear=0
shrinkage=0.04


Tree=326
num_leaves=15
num_cat=0
split_feature=44 45 15 54 13 7 54 23 8 27 0 37 53 26
split_gain=3.171 5.89974 7.05767 8.33198 6.49549 5.19484 7.29083 5.11175 13.9228 9.0003 7.60257 7.24546 11.5263 10.5547
threshold=1.0000000180025095e-35 -0.068947874999999978 53.500000000000007 1.0000000180025095e-35 76.500000000000014 447.50000000000006 1.5000000000000002 0.24908577500000004 0.46325701500000005 0.052325665000000056 965.66950000000008 0.4505998971428572 0.63351066500000008 332.50000000000006
decision_type=2 2 2 2 2 2 2 2 2 2 2 2 2 2
left_child=1 -1 5 -4 -5 -3 -7 8 10 -10 -2 12 13 -9
right_child=7 2 3 4 -6 6 -8 11 9 -11 -12 -13 -14 -15
leaf_value=0.020496542557251467 -0.033355568066525711 -0.011285257710071619 0.011828305553437895 -0.03108861305104587 0.0054701074557424604 0.019170449111936126 -0.009481766193611206 0.039843599656480246 -0.017368466592738961 0.012405206582670525 0.0059816096552523512 -0.00029498727744110549 -0.022778992255659252 -0.00589499633572393
leaf_weight=28.098139281384647 32.577170587755518 13.871754385996608 14.643702837638555 22.006300727196507 9.0578603935427946 54.306550719309598 15.301456136687191 20.667487419835201 19.05956298926435 45.46216682447448 8.2151655976244893 1550.00795595007 5.6939121443165268 10.088069116400673
leaf_count=238 78592 151 133 270 124 416 378 42194 45701 1956 139119 107888 39636 35120
internal_value=7.8055e-05 0.00541961 0.00149886 -0.0104587 -0.0211482 0.00826705 0.0126587 -0.000433062 -0.00875903 0.00299354 -0.0256453 0.000145424 0.0166503 0.0261146
internal_weight=1849.06 157.286 129.188 45.7079 31.0642 83.4798 69.608 1691.77 105.314 64.5217 40.7923 1586.46 36.4495 30.7556
internal_count=491916 1710 1472 527 394 945 794 490206 265368 47657 217711 224838 116950 77314
is_linear=0
shrinkage=0.04


Tree=327
num_leaves=15
num_cat=0
split_feature=7 1 9 9 45 7 1 3 23 3 23 43 4 52
split_gain=3.13537 5.45223 5.20345 7.29282 4.5821 4.4191 11.2096 9.75551 9.09996 9.04443 12.919 9.37056 11.2629 9.14531
threshold=163.50000000000003 1.6040430000000001 0.14967609500000004 0.10644746000000001 -0.0015371099999999525 665.50000000000011 1.1029820000000001 0.89791050000000017 1.5986034700000002 1.5605365000000002 1.0002290650000003 0.91040435499999994 504.50000000000006 -0.0055762299999999989
decision_type=2 2 2 2 2 2 2 2 2 2 2 2 2 2
left_child=1 -1 3 4 -2 6 7 -4 -9 11 -11 13 -13 -8
right_child=2 -3 5 -5 -6 -7 9 8 -10 10 -12 12 -14 -15
leaf_value=0.03334419446161406 -0.014684927947096643 -0.012724802791421644 0.023296400446092297 -0.025928943271819094 0.02314434363122226 -0.0006982130990793291 -0.0028458177110977541 -0.026666046432286029 0.019837869188913251 0.017412537514457434 -0.029364363141133058 0.01718639935613046 -0.0091828246549132461 0.02092411978590163
leaf_weight=6.1670726131910651 4.3902394420665587 3.1793116629194174 5.7467943251795068 22.656767078295843 7.3418330625011077 1474.7702546320511 31.293718654545955 36.187663307775438 4.2814721615868612 11.362011727583424 18.998938352418008 35.773775626156521 66.134920532494789 119.67000370135065
leaf_count=12668 10093 12256 2319 32440 9482 244183 391 8965 78 14446 684 127727 14581 1603
internal_value=7.28265e-05 0.0187 -7.23216e-05 -0.0144549 0.00883027 0.000241004 0.00439297 -0.0129613 -0.0201057 0.00740043 -0.0118721 0.0098997 0.000444631 0.0160635
internal_weight=1847.95 9.34638 1838.61 34.3888 11.7321 1804.22 329.449 46.2159 40.4691 283.233 30.361 252.872 101.909 150.964
internal_count=491916 24924 466992 52015 19575 414977 170794 11362 9043 159432 15130 144302 142308 1994
is_linear=0
shrinkage=0.04


Tree=328
num_leaves=15
num_cat=0
split_feature=25 15 36 0 8 17 29 1 1 53 7 0 17 1
split_gain=3.10216 9.37456 11.1712 10.2476 8.90331 8.70411 7.11325 7.03128 10.3436 16.183 10.4408 10.2874 7.45326 9.67723
threshold=1603.5000000000002 77.500000000000014 0.036945105257821319 673.14750000000015 0.55063450000000003 4660.5000000000009 -0.19921346500000003 2.3608935000000004 2.1077430000000006 0.93280049750000016 465.50000000000006 647.21150000000011 5781.5000000000009 1.2217280000000004
decision_type=2 2 2 2 2 2 2 2 2 2 2 2 2 2
left_child=6 2 5 -3 -5 -2 -1 8 12 10 -10 -12 -8 -14
right_child=1 3 -4 4 -6 -7 7 -9 9 -11 11 -13 13 -15
leaf_value=-0.025508068293502734 0.039093885354493145 0.046050412811707783 -0.006671913993966644 0.028722879593368666 0.0011351225611846249 -0.009356980097186305 0.00076597452839828812 0.025606897695253417 -0.026766088527312264 -0.034690137641952661 0.034555652209498681 -0.010667393758793449 0.012872329743071158 -0.019431415204022265
leaf_weight=13.115451544647383 11.739259704735561 8.447964115533976 130.48267718742864 19.978173603554751 76.456298009353304 6.6884693733536542 1433.9341214079213 11.591107437802291 7.850256356871113 30.205264747171441 14.040241348227484 10.735534737534861 15.718650643281761 56.317752896282855
leaf_count=10009 831 125 2780 402 1671 478 429216 5017 13496 6289 1530 14086 1025 4961
internal_value=7.30506e-05 0.00413573 -0.00233184 0.0130066 0.00798454 0.0232645 -0.000584911 -0.000298283 -0.000570429 -0.0158501 0.00388401 0.0164594 0.000117404 -0.0120046
internal_weight=1847.3 253.793 148.91 104.882 96.4345 18.4277 1593.51 1580.39 1568.8 62.8313 32.626 24.7758 1505.97 72.0364
internal_count=491916 6287 4089 2198 2073 1309 485629 475620 470603 35401 29112 15616 435202 5986
is_linear=0
shrinkage=0.04


Tree=329
num_leaves=15
num_cat=0
split_feature=49 7 45 7 43 14 7 9 3 0 53 7 10 2
split_gain=3.09267 9.28455 8.41624 13.2084 14.287 15.4732 11.7027 12.0059 12.4851 11.4599 8.48418 8.13804 9.76291 10.2152
threshold=3.5000000000000004 183.50000000000003 -0.029188555000000001 1485.5000000000002 0.4016431299999999 53.500000000000007 2388.5000000000005 3.2338090350000006 0.75940800000000019 610.15200000000016 0.16946888750000003 759.50000000000011 2199.5000000000005 2.8912440000000008
decision_type=2 2 2 2 2 2 2 2 2 2 2 2 2 2
left_child=1 -1 3 -2 -5 6 9 8 -8 -6 -4 12 -12 -14
right_child=2 -3 10 4 5 -7 7 -9 -10 -11 11 -13 13 -15
leaf_value=0.030333653888117734 -0.022042597438585547 -0.0019285072687734042 -0.017480767999436351 0.016716467127501158 0.019085049671476506 -0.021784920178999845 -0.0069472937066783359 -0.018060678360732132 0.037394633525035685 -0.023045406063396598 0.005535840669457494 0.0024870312961613713 0.037977117034177325 -0.00027346882607801618
leaf_weight=9.4950939187024215 48.201904633422373 968.95297419535336 22.583314538947661 55.852495014667511 10.319472035496799 56.285753124792336 12.46360114728577 9.5007713850322926 29.358265140445837 30.016949025884742 101.696298201849 442.797129939451 33.600653287588102 15.62043447990254
leaf_count=32660 1618 437114 2024 441 66 453 101 111 306 558 5193 10824 313 134
internal_value=7.57623e-05 -0.0014628 0.00180795 -0.00429412 0.000331052 -0.00619907 0.00400365 0.0160077 0.0248493 -0.0113509 0.00431752 0.00528573 0.0131541 0.0269324
internal_weight=1846.75 978.448 868.297 251.999 203.797 147.945 91.6591 51.3226 41.8219 40.3364 616.298 593.715 150.917 49.2211
internal_count=491916 469774 22142 3654 2036 1595 1142 518 407 624 18488 16464 5640 447
is_linear=0
shrinkage=0.04


Tree=330
num_leaves=15
num_cat=0
split_feature=3 14 51 3 47 3 43 9 3 23 1 15 43 14
split_gain=3.10355 6.44509 6.72313 7.18049 5.47823 5.36677 12.6024 11.0001 8.72755 7.86583 9.57315 7.39956 7.03103 6.0713
threshold=0.68480200000000013 14.500000000000002 1.0000000180025095e-35 0.5770765000000001 0.75642939750000016 0.74857000000000007 0.61904502000000006 2.1796209550000003 0.75564350000000002 0.87914975500000014 1.6146640000000001 182.50000000000003 1.8133508700000001 17.500000000000004
decision_type=2 2 2 2 2 2 2 2 2 2 2 2 2 2
left_child=1 4 -3 -4 -1 6 7 -2 13 10 -8 12 -10 -7
right_child=5 2 3 -5 -6 8 9 -9 11 -11 -12 -13 -14 -15
leaf_value=-0.011503180164838922 0.019861115802887911 0.011459426572663927 0.013897126631673345 -0.014249718393313092 0.035068799467642582 -0.011669739984170337 -0.01902822568669146 -0.019007593539121345 -0.00011031033926281121 -0.034656275179629423 0.027962194961244299 0.027359268755633662 -0.02507877802021374 0.043259687070289897
leaf_weight=2.5823464320726535 27.303080536890775 58.156572475050325 15.630378037109038 46.948706339196633 13.055511473547083 1.9731122809864681 14.021431885361382 13.514394631376488 1586.9803374622966 27.979291712057602 5.9420467282780001 10.518913188717759 13.253087662770438 7.1490169602097922
leaf_count=8410 217 9135 1728 7618 167 1184 11520 137 133105 982 7452 503 308840 918
internal_value=7.69128e-05 0.00577301 0.00214885 -0.00671142 0.0264545 -0.000393235 -0.0096977 0.00632207 0.000144871 -0.0226456 -0.00224249 -0.000129222 -0.00039457 0.0314533
internal_weight=1845.01 136.374 120.736 62.5791 15.6379 1708.63 88.7602 40.8175 1619.87 47.9428 19.9635 1610.75 1600.23 9.12213
internal_count=491916 27058 18481 9346 8577 464858 20308 354 444550 19954 18972 442448 441945 2102
is_linear=0
shrinkage=0.04


Tree=331
num_leaves=15
num_cat=0
split_feature=0 24 3 2 0 11 10 1 39 17 44 0 43 44
split_gain=3.09003 4.06776 8.77827 8.3525 6.65081 10.3267 16.7089 8.94492 13.4297 7.55158 7.2986 7.07468 7.25723 7.13321
threshold=1825.5915000000002 1773.5000000000002 1.1723585000000003 2.9541830000000004 995.80050000000017 3899.5634590000004 2222.5000000000005 1.4699685000000002 0.13425965761023531 3197.5000000000005 0.31725031369724327 982.53300000000002 0.96592673500000015 0.60780171916375803
decision_type=2 2 2 2 2 2 2 2 2 2 2 2 2 2
left_child=1 4 -3 -4 11 6 -6 8 -8 10 -9 13 -13 -1
right_child=-2 2 3 -5 5 -7 7 9 -10 -11 -12 12 -14 -15
leaf_value=-0.00086741428326118518 -0.020854158866878574 0.0019266170176262284 0.035926608202312416 -0.0057250847920035687 -0.023884556045003929 -0.023425003697604346 -0.011268537173684199 0.036459230027034238 0.034193308946124386 -0.028561406818368631 -0.012736474847534117 0.03563820726712235 -0.010478517975140954 0.010170192253311602
leaf_weight=1338.5212982375378 6.2155148991016622 222.52778094805581 19.947281599801503 9.3711943537055031 28.0193148698188 45.130283651607215 12.123343872143776 4.0845397410448658 28.682683310615175 9.7401579409281549 6.3793198389460031 12.228139709870449 5.2695943144858566 95.704172682386343
leaf_count=25833 42154 3809 324 206 176638 12676 11450 51 788 6466 11217 175 7561 192568
internal_value=7.82726e-05 0.000205463 0.00487589 0.0237189 -0.000549218 -0.00890275 -0.000687031 0.0109688 0.020931 -0.00931267 0.0120463 0.000250673 0.0225076 -9.81144e-05
internal_weight=1843.94 1837.73 251.846 29.3185 1585.88 134.16 89.0294 61.01 40.806 20.204 10.4639 1451.72 17.4977 1434.23
internal_count=491916 449762 4339 530 445423 219286 206610 29972 12238 17734 11268 226137 7736 218401
is_linear=0
shrinkage=0.04


Tree=332
num_leaves=15
num_cat=0
split_feature=33 51 19 33 15 1 45 45 10 4 48 25 23 45
split_gain=3.07378 7.14569 9.38072 13.5111 8.10081 8.23355 9.10729 7.82144 8.10119 7.70768 6.93678 6.66769 6.5421 6.46689
threshold=-0.0015487025999999968 0.0023019599999999922 0.040818400000000005 -0.0021345246000000003 50.500000000000007 1.5809820000000003 -0.0084598000000000156 -0.00269231499999957 2706.5000000000005 519.50000000000011 0.026386040000000017 1093.5000000000002 0.52229246000000018 -0.0081973599999999886
decision_type=2 2 2 2 2 2 2 2 2 2 2 2 2 2
left_child=1 7 4 10 5 -3 -7 12 9 -9 -4 -8 -1 -2
right_child=13 2 3 -5 -6 6 11 8 -10 -11 -12 -13 -14 -15
leaf_value=-0.01308558980113959 -0.0046932361803151247 -0.012345919576207946 -0.0086341449996584479 -0.030027986808858188 -0.025987914587249149 -0.012032611409299518 0.030270143954836577 -0.018366518267622367 -0.0094796384343695198 0.010758777605471368 0.017843735038374792 -0.0092280051695700065 0.012369981509580449 0.0012830434166840262
leaf_weight=13.487202187854107 479.82000204135352 69.508690788174363 17.10175613083311 9.2323947113027298 30.902367098188734 17.639933554415165 21.980671155575241 12.380878313340871 83.815482319755347 94.298477068122793 65.6252331493356 6.5523484561244905 205.17702949074464 715.93499782357617
leaf_count=15221 140988 11043 6981 3203 1316 2828 7205 17088 6375 4611 1079 288 8145 265545
internal_value=7.65772e-05 0.00228578 -0.0031748 0.00662152 -0.00933621 -0.00399557 0.00855308 0.00546924 -0.00047487 0.00670763 0.01219 0.0211763 0.0105425 -0.00112461
internal_weight=1843.46 647.702 238.543 91.9594 146.584 115.682 46.173 409.159 190.495 106.679 82.727 28.533 218.664 1195.75
internal_count=491916 85383 33943 11263 22680 21364 10321 51440 28074 21699 8060 7493 23366 406533
is_linear=0
shrinkage=0.04


Tree=333
num_leaves=15
num_cat=0
split_feature=44 14 29 11 1 39 26 16 2 42 1 48 42 0
split_gain=3.08887 6.56239 6.51967 10.978 16.2116 9.72426 8.05173 8.02399 12.3115 11.7787 9.619 6.96016 5.8548 5.18402
threshold=0.10170858139604214 77.500000000000014 0.25783820000000007 3114.6241145000008 2.0335835000000002 0.11562165704051912 1461.5000000000002 2002.5000000000002 2.6536640000000005 -0.85175970499999998 1.4542665000000004 0.049932272499999993 -0.59843429999999997 972.31550000000004
decision_type=2 2 2 2 2 2 2 2 2 2 2 2 2 2
left_child=1 2 3 6 13 -4 12 10 11 -10 -7 -9 -1 -5
right_child=-2 -3 5 4 -6 7 -8 8 9 -11 -12 -13 -14 -15
leaf_value=0.045197944720408001 -0.00076844838100179546 0.02212379830413767 -0.022243008624085764 -0.020423617297576715 0.035437401667022049 -0.029034785092804802 -0.0095369085595581136 -0.0079024572346773035 0.0046476438472380253 -0.023010564998952314 0.0087820547975218863 0.017464623288211335 0.0020224425003159225 0.0076666907555988833
leaf_weight=19.439934050664313 1464.8048337308392 22.447782596573234 26.35450813639909 29.340198206249624 10.075786558154503 22.117933291941881 5.5090202760184175 17.907895215554163 62.480498876422644 34.325812319293618 14.765038034878669 94.33349609002471 6.9361967090515 12.018310478248166
leaf_count=255 488322 225 123 691 140 113 147 99 400 158 100 697 88 358
internal_value=6.54848e-05 0.0032645 0.00178374 0.0112311 -0.000649078 -0.00125753 0.0278852 0.00138972 0.00449671 -0.00580793 -0.0146548 0.0132529 0.0359756 -0.0123144
internal_weight=1842.86 378.052 355.605 83.3194 51.4343 272.285 31.8852 245.931 209.048 96.8063 36.883 112.241 26.3761 41.3585
internal_count=491916 3594 3369 1679 1189 1690 490 1567 1354 558 213 796 343 1049
is_linear=0
shrinkage=0.04


Tree=334
num_leaves=15
num_cat=0
split_feature=22 44 0 30 39 14 33 18 40 1 1 3 15 1
split_gain=3.07689 10.3174 11.583 9.6337 8.11816 8.40898 8.01895 7.56139 11.0224 9.27013 11.6148 9.54313 9.26227 10.5745
threshold=0.78727159000000013 0.42050185613730934 480.35300000000007 0.023675447999999995 0.11029998264640127 44.500000000000007 0.0018478416000000011 0.95583340000000006 14.395349899999998 1.3585910000000003 0.94236650000000011 0.88552800000000009 5.5000000000000009 1.7411330000000003
decision_type=2 2 2 2 2 2 2 2 2 2 2 2 2 2
left_child=7 -2 -3 -4 5 -5 -6 9 12 10 -1 -12 -9 -14
right_child=1 2 3 4 6 -7 -8 8 -10 -11 11 -13 13 -15
leaf_value=-0.01744252813319876 0.00046694156034362042 0.016331867888722471 -0.021524180164248445 0.041916344766035125 0.0070749483947750123 -0.016402751363659311 -0.02297106192063109 0.019172917384003112 0.0059349579445641329 -0.0020116235386038795 0.044875252637640077 0.012245828965921593 -0.021351078581143455 0.016875212708172629
leaf_weight=8.2652928636034613 1314.8514096161816 19.334559615634134 90.947922402440781 6.9635923419955343 25.37742282851832 2.6782505847513676 22.871591699498822 9.5942124259186112 143.43776423507302 50.818742343777785 21.355560353199508 44.118081194432762 71.246524703207797 9.8188326819772538
leaf_count=2385 16232 1375 23949 410 260 97 515 69586 9353 105840 9614 26142 149288 76870
internal_value=6.61591e-05 -0.000740091 -0.0099182 -0.0137481 -0.00079178 0.0256474 -0.0079874 0.00336431 -0.000907953 0.0111189 0.0197212 0.0253173 -0.0114788 -0.0160096
internal_weight=1841.68 1483.02 168.173 148.839 57.8909 9.64184 48.249 358.655 234.097 124.558 73.7389 65.4736 90.6596 81.0654
internal_count=491916 42838 26606 25231 1282 507 775 449078 305097 143981 38141 35756 295744 226158
is_linear=0
shrinkage=0.04


Tree=335
num_leaves=15
num_cat=0
split_feature=13 25 0 14 0 7 1 16 3 13 36 42 2 2
split_gain=3.11517 4.25981 4.79249 3.28965 9.26791 13.1133 11.918 7.69498 9.59751 10.2962 9.64598 7.92913 7.9763 7.71909
threshold=196.50000000000003 1212.5000000000002 488.34000000000009 57.500000000000007 628.75400000000002 3609.5000000000005 1.7321605000000002 6186.0000000000009 1.1540925000000002 63.500000000000007 0.16884731649510068 -0.59843429999999997 2.1307375000000004 1.8951950000000004
decision_type=2 2 2 2 2 2 2 2 2 2 2 2 2 2
left_child=3 2 -2 -1 5 -5 7 8 11 10 -10 -6 13 -13
right_child=1 -3 -4 4 6 -7 -8 -9 9 -11 -12 12 -14 -15
leaf_value=0.00061772378081401461 0.026353046379612881 0.02957516366514043 -0.017268352293414627 -0.0044223470699595183 -0.002895906505310963 0.03621957825928232 0.0034420816818923243 0.0033134093623074859 0.041012686020411228 -0.018106283594337538 -0.016097305029205426 -0.025996441035093149 -0.046151439748871474 0.012023555131109054
leaf_weight=1542.9353440296813 0.99672617096075722 8.1707479362594295 7.641599176598902 30.669855575228667 19.611214912787545 15.619081226193428 95.95863556761833 28.834061717650457 8.4352457203949616 16.336329158836406 3.976520573554807 21.372229027308553 30.515980705658194 9.095721595034318
leaf_count=473281 22 95 867 997 229 734 5177 1874 1454 1228 59 1528 3174 1197
internal_value=6.92875e-05 0.0150974 -0.00441899 -0.00011016 -0.00405574 0.0114853 -0.00730412 -0.0146265 -0.0192953 0.000598437 0.0233473 -0.0260119 -0.0326628 -0.0145513
internal_weight=1840.17 16.8091 8.63833 1823.36 280.425 46.2889 234.136 138.177 109.343 28.7481 12.4118 80.5951 60.9839 30.468
internal_count=491916 984 889 490932 17651 1731 15920 10743 8869 2741 1513 6128 5899 2725
is_linear=0
shrinkage=0.04


Tree=336
num_leaves=15
num_cat=0
split_feature=9 50 2 7 8 9 43 4 12 14 11 40 18 8
split_gain=3.13943 6.27816 6.09302 4.32173 11.1481 13.2733 12.11 11.9048 12.7545 16.1395 15.5628 14.2944 11.4161 11.3682
threshold=4.2925328600000006 4.5000000000000009 2.6788675000000004 2617.5000000000005 0.7415485850000002 1.0269605700000002 1.3211734100000003 1458.5000000000002 1.0000000180025095e-35 61.500000000000007 3617.3477665000005 27.456033999999999 0.97390183500000005 1.6688945700000002
decision_type=2 2 2 2 2 2 2 2 2 2 2 2 2 2
left_child=3 -2 -3 -1 5 -5 7 8 -6 10 -10 -11 -12 -9
right_child=1 2 -4 4 6 -7 -8 13 9 11 12 -13 -14 -15
leaf_value=-0.00062111834654725187 -0.026088985368976778 0.01461427716201965 -0.020144580815787631 -0.018432377727120513 -0.011719173471717635 0.037818317523302399 -0.024979111648353973 -0.0083500771488359358 -0.0082101740093075189 -0.01689844416454122 0.038021032986177004 0.030405424270137215 -0.0029693776543540857 0.031398244856230981
leaf_weight=1454.9141518025103 16.509559305995026 18.010721992119219 7.4916492680786169 5.4480442770386643 28.528695349465124 23.572290142109068 19.755108676007694 121.02003799301747 16.760416825432912 32.440416277109762 66.462392573754187 9.1316209087963198 12.005465911919599 7.7578071611642363
leaf_count=457173 3572 220 83 1132 879 1109 23810 1417 174 861 1025 59 258 144
internal_value=6.86244e-05 -0.0101361 0.00277506 0.000334544 0.00434025 0.0261013 0.00195044 0.00414662 0.0111078 0.0161136 0.0248226 -0.00435899 0.0319474 -0.00487154
internal_weight=1839.81 42.0119 25.5024 1797.8 342.882 29.0203 313.862 294.107 165.329 136.8 95.2283 41.572 78.4679 128.778
internal_count=491916 3875 303 488041 30868 2241 28627 4817 3256 2377 1457 920 1283 1561
is_linear=0
shrinkage=0.04


Tree=337
num_leaves=15
num_cat=0
split_feature=13 10 16 43 45 5 1 0 14 8 8 7 26 25
split_gain=3.05148 4.16652 4.63496 3.28001 13.462 13.0522 13.6279 11.2292 10.1674 14.5149 13.9765 8.88956 10.0253 11.4723
threshold=196.50000000000003 3304.5000000000005 2413.5000000000005 0.61904502000000006 -0.017194459999999977 1500.7557810000001 2.0122000000000004 480.35300000000007 61.500000000000007 0.52888747000000014 1.0585352750000003 1543.5000000000002 667.50000000000011 1603.5000000000002
decision_type=2 2 2 2 2 2 2 2 2 2 2 2 2 2
left_child=3 2 -2 11 5 7 8 -5 9 -7 -11 -1 -13 -14
right_child=1 -3 -4 4 -6 6 -8 -9 -10 10 -12 12 13 -15
leaf_value=-0.0018394038530356242 -0.0082203530745922071 -0.004527248129024177 0.040710687703267662 0.022736213266992298 0.0012481645371263644 -0.01611705781682796 -0.021090838827447136 -0.016563082198605573 -0.0096695037958180203 0.060916517336766063 -0.0052371523984068181 0.016011449132405181 -0.0038879942679298511 0.01211734954828271
leaf_weight=542.46811203283153 2.3026355795327635 8.4887933468180545 5.9698159236377251 8.1317082936388925 626.20934085014289 5.4041254309286186 14.162408721755126 185.98577366227119 10.89436207165272 14.930798428009441 5.8721749347459982 109.40966391668189 189.74564553398523 108.56557686810993
leaf_count=5388 229 374 381 2348 374622 303 339 103353 184 238 272 766 1698 1421
internal_value=6.72836e-05 0.0149574 0.0291249 -0.000110277 -0.00187687 -0.00971757 0.00767188 -0.0143872 0.0198521 0.0317073 0.0448466 0.00151153 0.00593817 0.00204062
internal_weight=1838.54 16.7612 8.27245 1821.78 871.591 245.381 51.2639 194.117 37.1015 26.2071 20.803 950.189 407.721 298.311
internal_count=491916 984 610 490932 481659 107037 1336 105701 997 813 510 9273 3885 3119
is_linear=0
shrinkage=0.04


Tree=338
num_leaves=15
num_cat=0
split_feature=9 50 8 8 8 2 15 26 29 40 45 48 29 27
split_gain=3.09176 5.85564 5.72233 4.12551 8.65987 5.07796 5.52546 5.18983 4.1865 15.2345 8.42583 12.8124 15.1227 11.6569
threshold=4.2925328600000006 4.5000000000000009 1.7297377250000003 1.8981654300000004 1.6688945700000002 2.9091900000000002 134.50000000000003 405.50000000000006 0.74686528500000005 4.272105000000006 0.051309184999999931 0.093803340000000054 0.48730375000000009 0.077363290000000043
decision_type=2 2 2 2 2 2 2 2 2 2 2 2 2 2
left_child=3 -2 -3 4 8 6 7 -6 10 -10 11 12 -1 -13
right_child=1 2 -4 -5 5 -7 -8 -9 9 -11 -12 13 -14 -15
leaf_value=0.00094628167558822999 -0.025581203678951878 -0.017918067046105979 0.015034705160891369 -0.017379522397206124 -0.008006591675896204 -0.01258624063790722 -0.010115515261571662 0.043651440069736556 -0.019684344791628044 0.0064264883474558368 -0.0070353918642105627 0.0088895336272037592 0.015902101284465227 -0.010474592775226008
leaf_weight=684.63207117721481 16.309576844925687 8.9321444129964238 16.505367070058128 15.796900903302229 2.0532655498375432 2.6690916352758896 2.660923172764341 14.485097985641231 34.873074251459911 351.25589679542463 275.08477850541021 59.001821579389798 123.64492383755533 229.57141340685848
leaf_count=404758 3572 57 246 10413 2305 984 285 1608 923 2620 59546 467 2297 1835
internal_value=7.1369e-05 -0.0100848 0.00242102 0.000334826 0.000540284 0.0230777 0.0296119 0.0368682 0.000195291 0.00384681 -0.000842661 0.000735324 0.00331783 -0.00643142
internal_weight=1837.48 41.7471 25.4375 1795.73 1779.93 21.8684 19.1993 16.5384 1758.06 386.129 1371.94 1096.85 808.277 288.573
internal_count=491916 3875 303 488041 477628 5182 4198 3913 472446 3543 468903 409357 407055 2302
is_linear=0
shrinkage=0.04


Tree=339
num_leaves=15
num_cat=0
split_feature=22 44 0 30 39 14 33 22 45 11 52 45 18 2
split_gain=3.12033 9.30937 10.6558 9.18588 7.47653 7.86118 7.5809 7.31673 7.4977 7.83159 7.25602 8.45173 6.99867 11.8438
threshold=0.78727159000000013 0.42050185613730934 480.35300000000007 0.023675447999999995 0.11029998264640127 44.500000000000007 0.0018478416000000011 1.1130638550000003 0.022607389999999953 1555.3977525000003 -0.0089728149999999968 0.24069597000000006 0.95583340000000006 2.0960835000000002
decision_type=2 2 2 2 2 2 2 2 2 2 2 2 2 2
left_child=12 10 7 -4 5 -5 -6 8 9 -3 -2 -12 -1 -14
right_child=1 2 3 4 6 -7 -8 -9 -10 -11 11 -13 13 -15
leaf_value=0.01084060496337506 -0.011805698600467103 -0.0016668028121001241 -0.020975108943121087 0.039970294818602155 0.0069470549938350562 -0.016212269329796698 -0.022383767478115428 -0.018759504604795255 -0.011859677803886482 0.056386476067569795 0.0014844501388251836 -0.02754105845240238 -0.0093625905859998308 0.0083087406615632246
leaf_weight=124.6458257030481 68.680789823556552 5.0074937469198648 88.984289439618806 7.1921471729146997 25.352010644041002 2.6387838519876823 22.431016088812612 3.8881001488298343 3.8418954561566343 6.8666296663031972 1232.6038588666561 11.269567328825358 119.17070175682329 113.72096006070115
leaf_count=143981 780 310 23949 410 260 97 515 437 307 321 15196 256 80939 224158
internal_value=6.42838e-05 -0.000748732 -0.00952185 -0.0132653 -0.000633576 0.0245084 -0.00763792 0.0154786 0.0264324 0.0386649 0.000394084 0.00111227 0.00339083 -0.000740412
internal_weight=1836.29 1478.76 166.202 146.598 57.614 9.83093 47.783 19.6041 15.716 11.8741 1312.55 1243.87 357.537 232.892
internal_count=491916 42838 26606 25231 1282 507 775 1375 938 631 16232 15452 449078 305097
is_linear=0
shrinkage=0.04


Tree=340
num_leaves=15
num_cat=0
split_feature=13 25 1 2 2 8 11 1 48 3 3 23 2 3
split_gain=3.06087 3.93636 3.44072 3.31922 11.3686 11.0013 10.0368 9.75295 9.43245 8.76767 13.1143 14.0844 15.3675 12.0593
threshold=196.50000000000003 1212.5000000000002 1.0213765000000004 2.3654035000000007 2.3413125000000004 0.51545548000000008 1860.3573225000002 1.7321605000000002 -0.035376069999999933 1.0577890000000003 1.0970710000000004 0.74310997000000012 2.2615805000000004 1.1059605000000001
decision_type=2 2 2 2 2 2 2 2 2 2 2 2 2 2
left_child=3 2 -2 4 7 6 -6 8 -1 -10 11 -11 -13 -12
right_child=1 -3 -4 -5 5 -7 -8 -9 9 10 13 12 -14 -15
leaf_value=-0.029581381597428829 0.020097252117941628 0.028799921360685269 -0.016019445600239192 -0.001868610472415527 -0.011650372354332928 -0.00096069060250115231 0.057978177395493866 0.027016135141113829 -0.0034616028437983387 -0.017251347815575035 -0.034796013750246817 0.064245708827174466 -0.0082683208074549614 0.0039076488335882476
leaf_weight=11.861595555009897 1.6798605313670139 8.2045233866738254 6.8115411283047251 884.96446457266313 2.3400322039090069 14.333949089082124 10.651427590700221 16.998126393626535 427.40001928822755 4.6413535569079185 8.3101999962686914 12.063690755698191 5.01260575447668 419.87144755217446
leaf_count=5282 43 95 846 273280 5481 1549 572 2932 93016 8273 2051 251 109 98136
internal_value=5.90484e-05 0.0149946 -0.00407426 -0.000118821 0.00154114 0.0248521 0.0456843 0.000705672 5.44367e-05 0.000620497 0.00449388 0.0317077 0.0459081 0.00276352
internal_weight=1835.14 16.6959 8.4914 1818.45 933.484 27.3254 12.9915 906.159 889.161 877.299 449.899 21.7177 17.0763 428.182
internal_count=491916 984 889 490932 217652 7602 6053 210050 207118 201836 108820 8633 360 100187
is_linear=0
shrinkage=0.04


Tree=341
num_leaves=15
num_cat=0
split_feature=33 47 39 45 10 45 26 43 34 26 45 11 13 39
split_gain=3.018 6.21147 8.5019 13.5585 9.5601 8.35117 6.49397 10.4897 6.45505 6.04881 9.00996 6.31513 6.98402 11.9581
threshold=0.0024733450000000018 0.93258322000000016 0.057609315586450223 0.11020290500000009 2036.5000000000002 -0.011080674999999983 409.50000000000006 0.52005723999999998 0.59287914375000017 636.50000000000011 0.090059949999999958 4258.8470835000016 18.500000000000004 0.21156294496593567
decision_type=2 2 2 2 2 2 2 2 2 2 2 2 2 2
left_child=-1 2 -2 4 -4 -6 7 -3 -5 11 -11 12 -8 -14
right_child=1 6 3 8 5 -7 9 -9 -10 10 -12 -13 13 -15
leaf_value=0.0012365828214273553 -0.019905790575540587 0.0039103462923870307 0.0036155879989065789 0.0030072850428161974 -0.0045770644561678583 0.040016014209789015 0.017977897448709656 -0.028218537788164348 -0.024484410919931046 -0.0029963251108482058 -0.0263359386090317 0.023453439129565316 -0.020804154056874948 0.012536240382415858
leaf_weight=1204.8430377104908 14.437582273695169 24.842133107595146 36.76852197145945 37.315633759580123 7.112517461871902 30.432791181400262 20.96465614389308 36.754290848635719 15.760345202598726 300.37196896910427 24.258667727017382 20.006506170742796 34.361275907158415 26.156961988541298
leaf_count=444222 27768 185 4271 4100 585 1133 557 755 645 5534 878 287 808 188
internal_value=6.49399e-05 -0.00216947 0.0050773 0.00855358 0.0190819 0.0320233 -0.00430696 -0.0159401 -0.00656123 -0.00246 -0.00511345 0.00586905 0.00044521 -0.00653691
internal_weight=1834.39 629.544 141.827 127.39 74.3138 37.5453 487.716 61.5964 53.076 426.12 324.631 101.489 81.4829 60.5182
internal_count=491916 47694 38502 10734 5989 1718 9192 940 4745 8252 6412 1840 1553 996
is_linear=0
shrinkage=0.04


Tree=342
num_leaves=15
num_cat=0
split_feature=52 23 28 48 9 13 11 8 3 7 2 15 0 5
split_gain=3.01917 4.02031 3.36328 7.91804 12.0403 9.1042 8.16626 7.83462 12.2501 15.3574 11.9377 17.7953 18.7566 11.2913
threshold=0.023925490000000004 0.96527305500000016 -0.038203009999999989 -0.0025657999999999961 0.57432682000000013 14.500000000000002 2411.6047890000004 0.41997411500000004 0.98921500000000007 695.50000000000011 1.6868950000000003 25.500000000000004 751.16100000000017 2389.6437990000004
decision_type=2 2 2 2 2 2 2 2 2 2 2 2 2 2
left_child=2 -2 -1 4 5 -4 -7 8 10 -10 -5 12 -12 -11
right_child=1 -3 3 7 -6 6 -8 -9 9 13 11 -13 -14 -15
leaf_value=-0.0084450446875283854 -0.00939443020859493 0.034393364611666227 -0.0066683053369158106 -0.024050107716577809 -0.0046072128396419092 0.04788668725004791 -0.0082823004281237927 0.0015561129471722943 -0.0036315088660336583 -0.026923324473119667 0.033604075783231997 -0.0026277763554798817 -0.011214908633064385 0.026201633609066587
leaf_weight=68.628908765387223 2.6156408226415797 3.9515186542121228 7.1361561979495063 19.171696661370561 28.399571862571293 20.199172199639865 3.364666373700401 1182.8415463399047 207.8956129551409 80.605203177490239 49.346746117868406 138.88040176743448 17.7657177141582 3.0257246897090218
leaf_count=63649 7706 97 56696 3428 41702 31815 1152 87690 101618 19816 10701 19740 46075 31
internal_value=5.95387e-05 0.020431 -6.92296e-05 0.000280644 0.0140815 0.0295938 0.0398205 -0.000239166 -0.00432456 -0.00967071 0.00265697 0.00565361 0.0217848 -0.0236316
internal_weight=1833.83 6.56716 1827.26 1758.63 59.0996 30.7 23.5638 1699.53 516.691 291.527 225.165 205.993 67.1125 83.6309
internal_count=491916 7803 484113 420464 131365 89663 32967 289099 201409 121465 79944 76516 56776 19847
is_linear=0
shrinkage=0.04


Tree=343
num_leaves=15
num_cat=0
split_feature=3 9 15 2 48 29 13 7 44 36 50 17 0 26
split_gain=3.04607 6.00627 6.84605 15.7343 7.36185 6.47248 5.37427 5.20356 4.77686 8.94801 9.12592 9.88201 8.98989 10.3138
threshold=1.5605365000000002 0.50544229000000007 18.500000000000004 2.3104760000000004 0.038856902500000005 0.33142097499999995 31.500000000000004 173.50000000000003 0.27371725090554838 0.033844065225568883 3.5000000000000004 5450.5000000000009 689.40950000000009 1298.5000000000002
decision_type=2 2 2 2 2 2 2 2 2 2 2 2 2 2
left_child=8 7 3 -3 -4 6 -6 -2 9 -1 11 -11 13 -12
right_child=1 2 4 -5 5 -7 -8 -9 -10 10 12 -13 -14 -15
leaf_value=0.01895010593076582 0.010371805516967834 0.032804592443069304 -0.024145172152063795 -0.018210072976255529 -0.011792667457556333 -0.0050237377892590196 0.03535912622959278 -0.032458662666847563 -0.0015719918993912856 0.01186853041274641 0.00072490570661279939 -0.012931870896551154 -0.0055745732466124676 0.021011467635478565
leaf_weight=46.001729934825448 3.2937741146749913 19.188740355906706 23.767598135684239 11.97836731239431 2.7043963099486046 85.798544901103014 7.5548666591175788 14.669398548693378 824.90164694968837 186.26614197425079 228.21412515352131 25.495311296544969 309.6667270763428 43.747136512014549
leaf_count=889 4039 3070 9705 4168 317 885 231 13484 448103 1044 1772 144 3419 646
internal_value=6.03733e-05 -0.00497695 -0.00200874 0.0133913 -0.00639031 -0.00101995 0.0231383 -0.0240568 0.000585128 0.00270177 0.00164689 0.00865323 -0.000956016 0.00430857
internal_weight=1833.25 168.956 150.993 31.1671 119.825 96.0578 10.2593 17.9632 1664.29 839.391 793.389 211.761 581.628 271.961
internal_count=491916 35899 18376 7238 11138 1433 548 17523 456017 7914 7025 1188 5837 2418
is_linear=0
shrinkage=0.04


Tree=344
num_leaves=15
num_cat=0
split_feature=53 50 1 3 8 2 2 29 1 16 1 53 16 15
split_gain=3.01252 6.58202 5.68864 6.68165 4.70434 4.55886 7.30301 11.5454 7.16469 14.4604 13.5889 20.3922 11.95 8.28191
threshold=4.2432694375000013 6.5000000000000009 2.3414245000000005 1.0778530000000004 1.8086167750000002 3.1742715000000001 3.1361645000000005 0.6316416600000001 2.1077430000000006 3497.5000000000005 2.0186950000000006 0.48918730500000002 4990.5000000000009 27.500000000000004
decision_type=2 2 2 2 2 2 2 2 2 2 2 2 2 2
left_child=2 4 5 -4 -2 6 8 -8 10 -10 -1 -12 13 -13
right_child=1 -3 3 -5 -6 -7 7 -9 9 -11 11 12 -14 -15
leaf_value=-0.00027864341486699993 -0.034577075525597543 0.0073263774790450842 -0.0148234722531893 0.033487703158274214 -0.0025547310483522035 -0.016272011385730742 0.038543643974856046 -0.0078486176975934054 -0.024849795036816263 0.0089844462572051774 -0.016462408393405733 0.0050476363730855055 -0.0072820241859030219 0.044087371447247364
leaf_weight=1567.5739252498822 12.783919639957732 19.236796712502837 3.0897599092766077 11.225968893507796 13.969908046538192 21.814491975873352 14.708171464280897 12.688728291934238 45.581501479445024 30.234789641631096 19.400313874617495 12.848805628034368 11.306912336775893 35.751073389351404
leaf_count=415215 488 243 3499 3404 3057 6552 10928 148 27186 2120 12167 3687 276 2946
internal_value=5.97712e-05 -0.00952746 0.000332523 0.0219227 -0.0208913 9.68938e-05 0.000346703 0.0191621 -7.1167e-06 -0.011636 0.000561832 0.0162058 0.0272384 0.0351997
internal_weight=1832.22 45.9906 1786.22 14.3157 26.7538 1771.91 1750.09 27.3969 1722.7 75.8163 1646.88 79.3071 59.9068 48.5999
internal_count=491916 3788 488128 6903 3545 481225 474673 11076 463597 29306 434291 19076 6909 6633
is_linear=0
shrinkage=0.04


Tree=345
num_leaves=15
num_cat=0
split_feature=0 25 15 2 36 9 0 0 18 24 45 14 43 14
split_gain=3.00676 3.64699 8.80357 10.313 11.3601 9.13429 9.10288 9.44475 8.97542 8.64187 8.59938 7.89288 7.27431 6.85502
threshold=1825.5915000000002 1603.5000000000002 77.500000000000014 3.0095670000000005 0.036945105257821319 0.78157256000000019 673.14750000000015 992.69900000000007 0.95866196000000004 2717.5000000000005 0.051309184999999931 48.500000000000007 0.70774199500000001 67.500000000000014
decision_type=2 2 2 2 2 2 2 2 2 2 2 2 2 2
left_child=1 -1 3 4 11 -6 -4 8 -8 -10 -9 -3 -7 -5
right_child=-2 2 6 13 5 12 7 10 9 -11 -12 -13 -14 -15
leaf_value=-0.00052706943538433884 -0.020670759843248843 0.044312779339373484 0.04466519801004936 -0.027608813636574504 -0.015185091252637971 0.014126320924763749 0.010687560609061505 0.029934451822236904 -0.035320321847941823 0.0091061212608869058 -0.010439983054566771 -0.0088303420039690279 -0.021266395580507007 0.011418184981896616
leaf_weight=1578.9215927758005 6.1284118620467316 11.288420354881962 8.3428075013216567 26.930555391663802 39.495021147127773 49.953368641537963 30.329450799938058 32.956694360546862 13.84621144925768 8.4612334400881082 8.1074871023447468 4.1707053911413814 6.5811670097864399 6.2679868293198515
leaf_count=444393 42154 559 125 652 715 793 348 683 177 103 426 256 434 98
internal_value=5.83683e-05 0.00018422 0.00465608 -0.001722 0.00425057 -0.00144177 0.0133575 0.00844856 -0.00287123 -0.0198874 0.0216952 0.0313212 0.00861304 -0.0197103
internal_weight=1831.78 1825.65 246.731 144.687 111.489 96.0296 102.044 93.7011 52.6369 22.3074 41.0642 15.4591 56.5345 33.1985
internal_count=491916 449762 5369 3507 2757 1942 1862 1737 628 280 1109 815 1227 750
is_linear=0
shrinkage=0.04


Tree=346
num_leaves=15
num_cat=0
split_feature=0 38 3 15 2 1 2 39 1 22 3 37 5 45
split_gain=2.99197 8.14598 7.88376 4.92789 8.67761 12.4952 4.41362 8.3205 21.1384 7.55538 10.9601 9.15622 7.37333 12.6805
threshold=439.78550000000001 1.6295460600000002 1.1318275000000002 5.5000000000000009 1.7961265000000002 1.3317330000000001 1.7660510000000003 0.054980195624544287 1.4296055000000003 1.9484083250000002 1.0554720000000002 2.4187758457142858 449.07011900000003 0.025907519999999993
decision_type=2 2 2 2 2 2 2 2 2 2 2 2 2 2
left_child=1 -1 -3 4 -2 -6 -5 8 -8 -10 -11 -12 13 -9
right_child=3 2 -4 6 5 -7 7 12 9 10 11 -13 -14 -15
leaf_value=-0.031022276689143143 -0.019642992409342187 0.026208305969132907 -0.013804246409214316 0.0051974889802988301 0.04899899573326532 -0.0036058667424518319 -0.032639940634705364 0.042974184660273106 -0.0055197215559814059 -0.011224746879796006 0.064377991318617656 -0.0089309218705915794 -0.00043556249385723534 -0.0099668028688815816
leaf_weight=12.792825422620352 4.9794188566734219 9.1462325076281576 13.053910346425253 223.90554908361446 10.763908883271599 12.161885421888199 38.021297907565781 11.410150269215139 27.289804629234936 5.6029028679477033 5.5092101823247503 2.2046715471660718 1443.9540743018558 10.194722867496919
leaf_count=3598 6095 99 234 28660 12156 61534 93016 10522 223565 272 210 77 40708 11170
internal_value=5.83958e-05 -0.010763 0.00446792 0.000298534 0.015636 0.0254436 1.30581e-05 -0.000753028 -0.0130249 0.00690628 0.0269263 0.0481535 -5.25923e-05 0.0208146
internal_weight=1830.99 34.993 22.2001 1796 27.9052 22.9258 1768.09 1544.19 78.6279 40.6066 13.3168 7.71388 1465.56 21.6049
internal_count=491916 3931 333 487985 79785 73690 408200 379540 317140 224124 559 287 62400 21692
is_linear=0
shrinkage=0.04


Tree=347
num_leaves=15
num_cat=0
split_feature=37 39 53 11 8 7 19 53 16 19 2 11 1 0
split_gain=2.99965 4.4835 12.5548 4.88654 4.0642 10.1971 12.6962 10.7355 13.1451 10.0889 9.90697 9.873 10.7563 9.45419
threshold=0.20677449285714289 0.01930288653186896 0.30026044000000007 904.95386700000006 0.2868699500000001 437.50000000000006 0.051557970000000002 0.24214549000000005 1712.5000000000002 0.042464360000000007 2.2005000000000003 2169.4599125000004 0.99494500000000008 563.55100000000004
decision_type=2 2 2 2 2 2 2 2 2 2 2 2 2 2
left_child=-1 2 3 -2 5 7 13 8 10 -9 -3 12 -6 -7
right_child=1 4 -4 -5 11 6 -8 9 -10 -11 -12 -13 -14 -15
leaf_value=-0.019776391476189474 -0.0025162994397777932 -0.0021950302954444828 -0.018151542549640673 0.064782774275699118 -0.020210291314111818 -0.0015922701302048166 0.013679288043714894 0.037399352139541257 0.012929011445525313 -0.0059594536922561352 -0.037270259280915576 -0.00037770758235376327 0.012252130048746883 -0.024982213219974875
leaf_weight=7.116520100543311 1.7635475667900644 33.372132228866121 4.1174209045827865 2.6485280794215669 13.5104480727623 43.291680831580379 22.521027748855886 19.064477433261121 40.166031501498765 11.45996417879587 16.707329512522165 1369.5159809752172 169.88050824691641 75.20367932356703
leaf_count=223099 11601 8404 49582 12105 1807 3186 5293 6560 1013 3927 16889 70031 51469 26950
internal_value=6.06147e-05 0.000191918 0.023133 0.0508362 2.08228e-05 -0.00454109 -0.0116705 0.00391659 -0.00324754 0.0225733 -0.0162178 0.000801968 0.0093877 -0.0168473
internal_weight=1830.34 1823.22 8.5295 4.41208 1814.69 261.786 141.016 120.77 90.2455 30.5244 50.0795 1552.91 183.391 118.495
internal_count=491916 268817 73288 23706 195529 72222 35429 36793 26306 10487 25293 123307 53276 30136
is_linear=0
shrinkage=0.04


Tree=348
num_leaves=15
num_cat=0
split_feature=43 39 45 2 2 26 2 36 7 23 8 27 21 34
split_gain=2.99857 5.47489 6.23995 7.10062 8.20334 6.69743 6.73717 6.37668 6.30194 4.65822 12.8623 7.97008 6.89157 6.93026
threshold=1.0000000180025095e-35 0.25863827904006409 0.036684385000000048 1.7961265000000002 2.3833555000000004 1038.5000000000002 2.9541830000000004 0.095561586564990295 1467.5000000000002 0.24908577500000004 0.46325701500000005 0.052325665000000056 1.2594803750000001 0.56694198500000015
decision_type=2 2 2 2 2 2 2 2 2 2 2 2 2 2
left_child=1 2 3 -1 7 -6 8 -5 -7 10 12 -12 13 -2
right_child=9 -3 -4 4 5 6 -8 -9 -10 -11 11 -13 -14 -15
leaf_value=0.026429571221377277 -0.026719231652040386 0.015652404193311594 -0.01883429847687047 -0.028839802527869086 -0.015372058086678084 0.037326816717494028 -0.0095834186982415286 0.0084068676161150862 0.00069939779918418512 0.00011344413627020612 -0.016510885884101295 0.011739982246998872 -0.041614504826587684 0.010229139915694732
leaf_weight=13.958665425539719 10.421794467460815 49.038039026316255 17.638097812829074 17.306439773412425 10.193659545271656 16.930402339436117 9.5623583554988709 8.2093105551321042 11.730198921170084 1571.6998250167064 18.574091789188969 45.059133538234164 16.35251578190946 13.069383581423606
leaf_count=125 216446 451 368 212 68 143 150 101 92 224838 45701 1956 170 1095
internal_value=5.83017e-05 0.00529831 -3.52403e-06 0.00458584 -0.000951273 0.00855873 0.0159808 -0.0174423 0.0246666 -0.000439517 -0.00845649 0.00289166 -0.024882 -0.00797525
internal_weight=1829.74 154.567 105.529 87.891 73.9324 48.4166 38.223 25.5158 28.6606 1675.18 103.477 63.6332 39.8437 23.4912
internal_count=491916 1710 1259 891 766 453 385 313 235 490206 265368 47657 217711 217541
is_linear=0
shrinkage=0.04


Tree=349
num_leaves=15
num_cat=0
split_feature=2 2 7 0 23 8 8 10 29 40 1 9 52 2
split_gain=2.94959 12.8636 11.4246 6.50183 8.31582 6.18745 5.8747 4.57851 4.21213 12.9831 8.13111 12.5057 7.75079 12.6713
threshold=3.1527325000000004 3.1361645000000005 1827.5000000000002 777.00900000000013 2.1015936850000005 1.0294273200000001 0.7415485850000002 2177.5000000000005 0.74686528500000005 4.272105000000006 1.3976010000000003 0.37512811000000007 -0.0093458249999999968 1.6755875000000002
decision_type=2 2 2 2 2 2 2 2 2 2 2 2 2 2
left_child=1 8 3 7 -5 6 -3 -2 12 -10 -11 -12 13 -1
right_child=2 5 -4 4 -6 -7 -8 -9 9 10 11 -13 -14 -15
leaf_value=0.023132799662957754 -0.014824665478844774 0.0062922040588255018 -0.031392097048196677 -0.029731985423268267 0.020259223550341297 -0.007464551315842771 0.058049028331638511 0.028794399352696533 -0.017824815686041197 0.016366349061182391 -0.022705648507555826 0.0053322327628960242 -2.5992205785885068e-05 -0.013128905079667233
leaf_weight=12.678150583776413 1.5715648087067418 6.9892807833880415 16.793849571814008 8.6236959686856363 4.3611073798965654 3.8622123271657065 6.599002664865111 13.152754375294533 35.733835554725374 86.064002393628471 23.503585900740291 236.02755781794622 1233.3454111268172 139.29065129788114
leaf_count=2059 2462 4839 2335 11181 46 505 288 300 995 681 241 1656 394129 70199
internal_value=5.07324e-05 0.000317094 -0.00958102 0.00641612 -0.0119774 0.0304046 0.0402807 0.021561 -6.50728e-05 0.0036299 0.00607084 0.0024119 -0.00109157 -0.00946324
internal_weight=1828.6 1784.09 44.503 27.7091 12.9848 17.4505 13.5883 14.7243 1766.64 381.329 345.595 259.531 1385.31 151.969
internal_count=491916 475592 16324 13989 11227 5632 5127 2762 469960 3573 2578 1897 466387 72258
is_linear=0
shrinkage=0.04


Tree=350
num_leaves=15
num_cat=0
split_feature=0 11 1 17 8 21 3 13 16 8 11 0 39 1
split_gain=2.94289 8.08693 12.2513 8.91638 6.84902 11.5258 8.75077 9.76248 9.63426 6.73273 7.96617 5.73868 6.54902 5.17819
threshold=1070.5350000000003 2693.4398445000002 1.6187240000000001 4424.5000000000009 0.77550906500000016 1.7090645450000002 0.86558950000000012 67.500000000000014 2438.5000000000005 0.51545548000000008 6559.0742820000005 1477.3965000000001 0.1054108867451823 1.7093310000000002
decision_type=2 2 2 2 2 2 2 2 2 2 2 2 2 2
left_child=13 3 4 -2 6 -6 7 -3 -8 -4 -11 12 -10 -1
right_child=1 2 9 -5 5 -7 8 -9 11 10 -12 -13 -14 -15
leaf_value=-0.001039431864172062 -0.033977800763385184 -0.028720861209363565 0.013535492992261644 0.021792506582684636 -0.026006538197417727 0.016138338103444852 -0.008289612031395362 0.020096133735909273 -0.010725898956771151 -0.030977805152199785 0.011925085644226438 -0.0029815480925927053 0.047094612417721338 0.0036548260323438172
leaf_weight=1116.102744022882 19.196582459367395 9.0569474184048904 6.1575355446107087 2.0547009095434978 16.744727550785004 15.25129407031636 8.5076727477071454 7.5755470460335337 1.6855025447184804 30.889221832456315 5.7581714584571264 4.6474782778354884 22.464150108473405 560.8408493287493
leaf_count=164582 194912 452 1445 244 14611 409 1217 389 1022 14386 411 1072 254 96510
internal_value=5.08509e-05 -0.00522348 -0.00105562 -0.0254619 0.00760202 -0.00645158 0.0157788 -0.0069806 0.0255519 -0.0174136 -0.0236144 0.0352971 0.0419115 0.000536724
internal_weight=1826.93 149.99 128.738 21.2513 85.9333 31.996 53.9373 16.6325 37.3048 42.8049 36.6474 28.7971 24.1497 1676.94
internal_count=491916 230824 35668 195156 19426 15020 4406 841 3565 16242 14797 2348 1276 261092
is_linear=0
shrinkage=0.04


Tree=351
num_leaves=15
num_cat=0
split_feature=22 44 5 47 30 39 14 8 11 0 8 31 0 53
split_gain=3.00812 8.42209 10.0515 11.7353 10.9353 10.4374 8.922 6.99488 12.9747 25.4175 11.6156 19.5574 12.7282 14.5561
threshold=0.78727159000000013 0.42050185613730934 436.52389200000005 0.8772575975000001 0.023675447999999995 0.11029998264640127 44.500000000000007 0.81330684500000017 3986.6404375000006 780.63650000000018 0.44799536000000006 0.012161209333333329 934.79300000000012 1.2510121450000002
decision_type=2 2 2 2 2 2 2 2 2 2 2 2 2 2
left_child=7 -2 3 -3 -4 6 -6 10 -9 -10 -1 -12 13 -13
right_child=1 2 4 -5 5 -7 -8 8 9 -11 11 12 -14 -15
leaf_value=4.0227950135157781e-06 0.00033307453013242569 -0.016965481887201359 -0.019751133511993514 0.052563443557572753 0.04394982344265725 -0.006881919325387318 -0.016037353485630762 -0.022318806899730533 0.026840600078930413 -0.02834025543979584 -0.018244046015745474 0.042787830457636893 0.001570363847643288 -0.0094329632431350494
leaf_weight=169.6526484763051 1305.8758166467815 3.5697112561692839 95.180812488369156 3.9801901741775509 8.7596014843511494 50.03646770742489 2.5969798186270046 38.326043253339321 31.809182122642596 16.16113544424843 17.047398461031435 47.674382442831302 26.870713646796503 8.2809223684416775
leaf_count=333451 16232 998 23859 402 439 812 96 34990 2906 15491 59098 1342 1654 146
internal_value=4.75523e-05 -0.000753414 -0.00915249 0.0260273 -0.0116018 0.00156854 0.0295231 0.00332115 -0.00633888 0.00732993 0.0064732 0.0169381 0.0248058 0.0349198
internal_weight=1825.82 1470 164.124 7.5499 156.574 61.393 11.3566 355.822 86.2964 47.9703 269.526 99.8734 82.826 55.9553
internal_count=491916 42838 26606 1400 25206 1347 535 449078 53387 18397 395691 62240 3142 1488
is_linear=0
shrinkage=0.04


Tree=352
num_leaves=15
num_cat=0
split_feature=13 10 16 2 2 2 8 2 1 1 0 17 2 53
split_gain=3.00559 3.9125 4.33631 3.20918 16.6058 9.07334 17.5733 12.9763 7.93929 9.16629 12.6952 11.0618 11.5182 10.0744
threshold=196.50000000000003 3304.5000000000005 2413.5000000000005 2.6851510000000007 2.7019100000000003 2.6306915000000006 1.1854459650000002 2.6139950000000005 1.4619615000000004 1.7179875000000002 569.74850000000004 2324.5000000000005 3.1476900000000003 0.46658903750000008
decision_type=2 2 2 2 2 2 2 2 2 2 2 2 2 2
left_child=3 2 -2 5 -5 7 -7 -1 -6 10 13 -12 -13 -10
right_child=1 -3 -4 4 8 6 -8 -9 9 -11 11 12 -14 -15
leaf_value=0.00073998063872752454 -0.0079502349424589377 -0.0041907136235171836 0.039741366286303204 -0.02880935360405559 0.026694504129084168 0.024088880786704299 -0.022906872664488098 -0.029111078671705207 -0.012693382968146424 0.00099415966110633991 0.014407619372370575 -0.029378117869360686 0.019607509313571195 0.03608747861734822
leaf_weight=1172.3166693610142 2.2378216265542523 8.4014143470149047 5.9462645874195914 31.330483749578548 11.270824599425621 55.266435009618363 11.88880937464978 18.77032845111421 9.0607834093320907 408.14441491605851 10.319684197008426 64.517567241221968 5.166401796516765 9.5341759793973306
leaf_count=297108 229 374 381 5699 2629 15966 1594 5845 1228 130192 22080 7536 407 648
internal_value=4.78956e-05 0.0148857 0.0286313 -0.000128935 -0.00266585 0.000984841 0.0147582 0.000149832 -0.00082434 -0.00169125 -0.0123188 -0.0190843 -0.0246767 0.0146651
internal_weight=1824.17 16.5855 8.18409 1807.59 549.344 1258.24 67.1552 1191.09 518.014 506.743 98.5986 80.0037 69.684 18.595
internal_count=491916 984 610 490932 170419 320513 17560 302953 164720 162091 31899 30023 7943 1876
is_linear=0
shrinkage=0.04


Tree=353
num_leaves=15
num_cat=0
split_feature=3 14 0 0 48 8 7 8 44 25 13 2 42 2
split_gain=3.0405 5.57082 7.37502 7.95363 10.1454 7.76179 7.01669 5.91641 5.22674 5.15258 4.86445 6.47396 4.84996 10.7863
threshold=1.5605365000000002 11.500000000000002 897.92400000000009 634.07350000000008 0.11395655750000007 1.0882040450000001 2388.5000000000005 0.40288566500000006 0.10170858139604214 1061.5000000000002 45.500000000000007 1.8166065000000002 -0.85175970499999998 2.9992215000000004
decision_type=2 2 2 2 2 2 2 2 2 2 2 2 2 2
left_child=12 -2 3 4 6 7 9 -5 -4 -3 11 -9 13 -1
right_child=1 2 8 5 -6 -7 -8 10 -10 -11 -12 -13 -14 -15
leaf_value=0.013631093833863997 -0.01881160070496286 -0.033851270299610492 -0.00058227951590692916 -0.016454285354646235 0.015872839998947601 -0.0067782985596766326 0.016344471074060399 -0.0048072760044423433 -0.029170973147450725 0.010351170230833375 -0.0024564936735161488 0.040190583775094421 -9.7079644607303594e-05 -0.011019170328580611
leaf_weight=107.11839805089403 31.815026296319729 21.884055671826907 19.961580597155262 2.3292369644641431 14.396537724387597 17.927370805829469 3.5522193807728391 4.9717611768101078 16.451457635439283 2.644935965538024 6.6712692521687122 24.981366716938965 1515.2366274577698 33.852909387787804
leaf_count=1075 21136 1894 181 681 119 873 298 209 9068 23 108 1309 454599 343
internal_value=4.85735e-05 -0.00500475 -0.00121619 0.00449497 -0.00807253 0.0137741 -0.0208923 0.0229279 -0.0154612 -0.0281393 0.0271082 0.0331024 0.000573429 0.00753689
internal_weight=1823.79 167.587 135.772 99.3588 42.4777 56.881 28.0812 38.9536 36.413 24.529 36.6244 29.9531 1656.21 140.971
internal_count=491916 35899 14763 5514 2334 3180 2215 2307 9249 1917 1626 1518 456017 1418
is_linear=0
shrinkage=0.04


Tree=354
num_leaves=15
num_cat=0
split_feature=48 39 29 15 26 0 8 1 7 39 1 43 0 0
split_gain=3.03005 15.2568 9.2678 9.93922 12.7452 8.74783 13.5898 11.4049 10.2277 14.9021 11.6513 11.8634 12.4963 13.2628
threshold=0.093803340000000054 0.21156294496593567 0.43817111000000014 19.500000000000004 667.50000000000011 634.07350000000008 0.24878387000000002 2.0254600000000003 1300.5000000000002 0.25863827904006409 1.8329960000000003 0.70774199500000001 728.50350000000014 999.29700000000014
decision_type=2 2 2 2 2 2 2 2 2 2 2 2 2 2
left_child=2 -2 -1 -4 -5 6 -3 8 9 -7 11 12 -10 -14
right_child=1 5 3 4 -6 7 -8 -9 10 -11 -12 -13 13 -15
leaf_value=-0.0010440989295841549 -0.011193605394836938 -0.016920625409569335 0.020399283729125157 -0.0073861357657009916 0.010190790450162687 -0.0098165293444687704 0.015152418875045228 -0.018779993752431369 -0.018048841066627404 0.018407554741572366 0.014503961793489475 -0.022354230129021341 0.025995664139800444 -0.0091444959948321497
leaf_weight=778.01112804092145 200.51429664724128 21.091272914316505 64.454501386690026 104.24558341340344 162.88659538675711 39.88282178688678 120.62215301417018 47.888164523887099 34.504071440547705 90.200055302324472 36.470228964593844 61.086207971631666 32.893439022824168 27.840369008481503
leaf_count=479799 1974 197 1931 3512 1149 326 851 427 198 566 212 397 238 139
internal_value=4.34045e-05 -0.00198324 0.00134872 0.00689515 0.00332189 0.00169378 0.009965 -0.00155816 0.00124357 0.00971112 -0.00457076 -0.00933247 -0.000281792 0.0104171
internal_weight=1822.59 712.993 1109.6 331.587 267.132 512.479 141.713 370.765 322.877 130.083 192.794 156.324 95.2379 60.7338
internal_count=491916 5525 486391 6592 4661 3551 1048 2503 2076 892 1184 972 575 377
is_linear=0
shrinkage=0.04


Tree=355
num_leaves=15
num_cat=0
split_feature=33 21 6 29 0 14 7 27 45 33 27 10 11 44
split_gain=2.96006 6.97441 7.29656 7.00368 7.04416 6.2874 7.97001 5.2485 7.32549 6.1987 4.98047 7.01941 4.77723 5.77579
threshold=0.0024733450000000018 0.97635714500000004 1.2762179300000003 0.11114163500000002 560.06400000000008 4.5000000000000009 3470.5000000000005 0.15516773000000003 0.099480620000000033 0.0035228987999999998 0.24751057000000004 2036.5000000000002 2308.9589405000006 0.10170858139604214
decision_type=2 2 2 2 2 2 2 2 2 2 2 2 2 2
left_child=-1 3 -3 4 -2 -5 7 9 10 -7 11 -9 -4 -14
right_child=1 2 12 5 -6 6 -8 8 -10 -11 -12 -13 13 -15
leaf_value=0.0012049187360451978 0.0098521425689166772 -0.020122141392915145 0.0064461228698519616 0.042217650270645883 -0.025989497227046396 0.0098032381660142134 0.031115000488596913 -0.014038880918309482 -0.0051718609861146512 -0.025079403340028904 0.033552612038197406 0.021999690812048025 0.0023185081001932525 -0.0081826679663574899
leaf_weight=1196.3252433000885 11.662738233583129 38.748948623795513 68.649215186116635 3.9272301136923025 15.648984350036811 9.9938263846574973 13.169552462132286 11.934494985651328 36.815205731748847 15.518985259751387 14.736316153237565 13.06565339611552 122.53352924343199 248.09118818763454
leaf_count=444222 3467 2286 1031 606 28736 2164 275 236 983 2835 139 151 1197 3588
internal_value=4.07589e-05 -0.00218124 -0.00451499 0.00533272 -0.0115281 0.00950583 0.00668172 0.00222318 0.00742646 -0.0120479 0.0183721 0.00532322 -0.0029273 -0.00472619
internal_weight=1820.82 624.496 478.023 146.473 27.3117 119.161 115.234 102.064 76.5517 25.5128 39.7365 25.0001 439.274 370.625
internal_count=491916 47694 8102 39592 32203 7389 6783 6508 1509 4999 526 387 5816 4785
is_linear=0
shrinkage=0.04


Tree=356
num_leaves=15
num_cat=0
split_feature=3 15 50 49 0 3 0 1 43 34 3 43 9 3
split_gain=3.05172 6.35519 7.51903 7.16253 6.71623 11.3104 10.8512 8.98998 7.00984 6.35215 5.01089 11.4345 11.7607 7.90308
threshold=0.68480200000000013 29.500000000000004 6.5000000000000009 2.5000000000000004 694.1015000000001 0.62794750000000021 906.61700000000008 1.6146640000000001 0.85010839500000013 0.35623331500000005 0.74857000000000007 0.70774199500000001 2.1796209550000003 0.75564350000000002
decision_type=2 2 2 2 2 2 2 2 2 2 2 2 2 2
left_child=1 3 4 -1 -3 8 -7 -8 -6 -10 11 12 -2 -12
right_child=10 2 -4 -5 5 6 7 -9 9 -11 13 -13 -14 -15
leaf_value=-0.014317523449336265 0.016228560802178146 -0.015314633651841001 0.024117103715271759 0.031722622103888279 0.010055821594444648 0.041211931819246976 -0.025993423990860409 0.022613197668147369 0.01700276509193608 -0.031650863750656649 0.030041269685905158 -0.024851397001577503 -0.020917260150059534 -0.00016606553846847856
leaf_weight=3.8167993984129707 33.226005036733113 37.171206672284825 14.508442157413809 19.019711236355761 12.715628011734227 14.332042067084332 7.7868697316425806 6.696245020350716 2.0033883043543055 16.682771250169026 8.9792413721156645 37.162756920066386 16.284019199549221 1589.7431363689059
leaf_count=9730 282 2374 237 3335 139 1254 3092 1580 3512 1805 2102 19836 190 442448
internal_value=4.52692e-05 0.0057263 0.00140654 0.0228381 -0.00298928 0.00520983 0.0215532 -0.0034843 -0.0106878 -0.0239465 -0.000424476 -0.00951922 0.00321316 9.67264e-05
internal_weight=1820.13 134.733 111.897 22.8365 97.3882 60.2169 28.8152 14.4831 31.4018 18.6862 1685.4 86.6728 49.51 1598.72
internal_count=491916 27058 13993 13065 13756 11382 5926 4672 5456 5317 464858 20308 472 444550
is_linear=0
shrinkage=0.04


Tree=357
num_leaves=15
num_cat=0
split_feature=13 25 0 2 2 8 11 35 50 24 10 7 12 0
split_gain=2.94861 3.64393 4.57135 3.25946 10.4914 10.4783 9.24566 8.41589 11.012 12.0002 10.6053 10.1287 16.8834 19.0839
threshold=196.50000000000003 1212.5000000000002 488.34000000000009 2.3654035000000007 2.3413125000000004 0.51545548000000008 1860.3573225000002 1.4881528950000003 1.5000000000000002 885.50000000000011 4608.5000000000009 529.50000000000011 1.0000000180025095e-35 717.78350000000012
decision_type=2 2 2 2 2 2 2 2 2 2 2 2 2 2
left_child=3 2 -2 4 7 6 -6 11 9 -9 -10 -1 13 -13
right_child=1 -3 -4 -5 5 -7 -8 8 10 -11 -12 12 -14 -15
leaf_value=0.009671429205971584 0.025945300996188695 0.027995738151217121 -0.016738460486330965 -0.0018680900477343293 -0.011222832504548612 -0.0011692560108064857 0.056165179218650919 -0.0053774208870180111 0.0056968088040713748 0.037457418429145253 -0.013992358631542641 -0.020998314906386296 0.0070948365102383847 -0.0012726805656059791
leaf_weight=86.379207267286347 1.0098213601340846 8.1798555170025775 7.3592091139894364 876.75601672046582 2.2708624049500967 14.248336932045047 10.565471986882583 13.947549707838332 281.09640969472821 26.642455996669014 46.808272858470445 134.58415557430953 128.23887175327627 180.82867202030457
leaf_count=83432 22 95 867 273280 5481 1549 572 93 3268 164 674 17311 23010 82098
internal_value=4.97718e-05 0.0147586 -0.00381086 -0.000125737 0.00152582 0.0240031 0.0444395 0.0007192 0.00532343 0.023763 0.00271825 -0.00250164 -0.00495312 -0.00988579
internal_weight=1818.92 16.5489 8.36903 1802.37 925.61 27.0847 12.8363 898.526 368.495 40.59 327.905 530.031 443.652 315.413
internal_count=491916 984 889 490932 217652 7602 6053 210050 4199 257 3942 205851 122419 99409
is_linear=0
shrinkage=0.04


Tree=358
num_leaves=15
num_cat=0
split_feature=25 4 7 0 45 2 0 10 37 29 28 25 2 1
split_gain=2.99708 10.0148 10.3226 9.29611 9.23632 12.838 11.2204 12.4722 10.3854 9.51285 8.5238 8.60407 8.38416 15.7285
threshold=694.50000000000011 1098.5000000000002 695.50000000000011 439.78550000000001 -0.030678779999999985 2.4524410000000008 853.65100000000018 2073.5000000000005 0.62371621142857159 0.17264277000000003 0.086005445000000028 909.50000000000011 2.2615805000000004 1.418722
decision_type=2 2 2 2 2 2 2 2 2 2 2 2 2 2
left_child=3 2 -2 -1 5 -5 -6 -8 9 -9 -3 -12 13 -13
right_child=1 10 -4 4 6 -7 7 8 -10 -11 11 12 -14 -15
leaf_value=-0.021813235863552168 0.0043727645360571617 0.011230853777466344 -0.011626423177962029 0.00088869221231289573 0.0076524387604564679 -0.03337886099071781 -0.024350604324545159 -0.017329371064049998 -0.0089721324983129628 0.036273190851151285 0.012692521015048051 -0.002572128151655014 -0.0044897129697043141 0.021598061119812079
leaf_weight=19.742260837365507 86.399948543067012 110.04080688235035 226.42187259721959 58.770775175657036 448.3178916122713 19.756951003737527 35.598542225216079 3.7530412494284091 31.939180533062427 15.973420827440348 67.279140408094463 130.53222476046358 504.44334519003223 58.649607721417851
leaf_count=3736 6761 10542 22676 26138 119149 24020 228281 38968 2606 2229 656 978 4752 424
internal_value=5.81463e-05 -0.00112947 -0.00720825 0.0022676 0.00321166 -0.00921474 0.00510201 -0.00770542 0.00490006 0.0246331 0.00108255 -0.000448813 -0.00180519 0.00528423
internal_weight=1817.62 1183.77 312.822 633.852 614.11 78.5277 535.582 87.2642 51.6656 19.7265 870.945 760.904 693.625 189.182
internal_count=491916 46789 29437 445127 441391 50158 391233 272084 43803 41197 17352 6810 6154 1402
is_linear=0
shrinkage=0.04


Tree=359
num_leaves=15
num_cat=0
split_feature=3 39 9 7 24 45 2 53 28 22 53 2 42 2
split_gain=2.94985 5.91803 13.543 8.2712 9.35096 7.27441 6.96446 5.38094 6.07497 5.17402 5.05272 4.56165 4.15019 10.3046
threshold=1.5370215 0.29616828215433172 3.0561676400000004 2617.5000000000005 1048.5000000000002 0.011302130000000002 2.7622430000000002 0.14676505250000002 0.56783068000000003 0.55486891500000002 0.78604477500000014 2.1840800000000002 -0.85175970499999998 3.0095670000000005
decision_type=2 2 2 2 2 2 2 2 2 2 2 2 2 2
left_child=12 3 -3 4 7 6 -6 -2 9 10 -9 -7 13 -1
right_child=1 2 -4 -5 5 11 -8 8 -10 -11 -12 -13 -14 -15
leaf_value=0.012971213237861498 0.015847217831044681 0.014714855941991114 -0.028105162808693629 0.020198662035070796 0.030798737868332027 0.0082950181803437446 -0.0069937434054602298 -0.01732140493515533 0.015275526260351986 -0.027891832155261888 0.029514935475778291 -0.031208505475377776 -2.7566312580149766e-05 -0.011679779716610189
leaf_weight=106.21578284626594 2.8922809511219603 47.853640613215248 10.347486912768543 9.1395594108253118 13.329094315307886 4.8406548268394527 10.918836718486999 2.8744401010541187 3.245864587172945 66.548884931734847 2.2513661732418768 7.1437529681097658 1498.3415387375612 31.592977860243991
leaf_count=1062 4109 710 186 1786 135 73 212 18779 48 7637 5650 290 450914 325
internal_value=5.19076e-05 -0.00471688 0.00548076 -0.00956082 -0.0126939 0.00377909 0.0154945 -0.0201294 -0.0224228 -0.0250148 0.00766628 -0.0175078 0.000593342 0.00710885
internal_weight=1817.54 181.386 58.2011 123.185 114.045 36.2323 24.2479 77.8128 74.9206 71.6747 5.12581 11.9844 1636.15 137.809
internal_count=491916 39615 896 38719 36933 710 347 36223 32114 32066 24429 363 452301 1387
is_linear=0
shrinkage=0.04


Tree=360
num_leaves=15
num_cat=0
split_feature=3 2 43 18 3 37 14 2 3 15 43 13 3 43
split_gain=2.93434 6.29247 7.06607 7.14159 7.05685 7.96055 6.4389 5.79454 11.1938 5.48507 5.05883 7.20364 4.79665 10.6335
threshold=0.68480200000000013 2.7513640000000001 0.52005723999999998 0.95454885000000012 0.67384300000000008 0.63354242357142876 12.500000000000002 2.0118795000000005 0.61126550000000013 28.500000000000004 0.85010839500000013 45.500000000000007 0.74857000000000007 0.61904502000000006
decision_type=2 2 2 2 2 2 2 2 2 2 2 2 2 2
left_child=1 4 -3 -4 7 -6 -5 8 -1 -10 -9 -12 13 -2
right_child=12 2 3 6 5 -7 -8 10 9 -11 11 -13 -14 -15
leaf_value=0.018240887305239883 0.0055193592881502057 0.018249933824307157 0.0091204702802275568 0.016093033539343458 -0.016651442941043201 0.036053030390592017 -0.037564191369389002 0.029418609871759437 0.015696317301694337 -0.029642909249070502 0.026735397028282704 -0.0089440824170127359 0.00010077662489954488 -0.021487448911147466
leaf_weight=12.362118348574539 39.891177220968416 7.2457468248903742 8.0858025312302306 1.4141805197039072 2.5512323103630505 19.698206600121921 15.617954063355226 13.683827978442421 1.9070324151787215 19.538699673169049 8.3058296453896236 23.583607768104457 1596.3165306757428 46.082605228652142
leaf_count=1603 354 42 2799 1595 2346 391 4378 161 2301 1819 5875 3748 444550 19954
internal_value=5.22865e-05 0.00563849 -0.00879036 -0.0183254 0.01043 0.0280632 -0.0304679 0.00411765 -0.00778922 -0.0234058 0.0128474 0.00271304 -0.000408044 -0.00934186
internal_weight=1816.28 133.994 32.3637 25.1179 101.631 22.2494 17.0321 79.3811 33.8079 21.4457 45.5733 31.8894 1682.29 85.9738
internal_count=491916 27058 8814 8772 18244 2737 5973 15507 5723 4120 9784 9623 464858 20308
is_linear=0
shrinkage=0.04


Tree=361
num_leaves=15
num_cat=0
split_feature=13 10 16 45 51 29 2 9 7 0 6 5 15 36
split_gain=2.92761 3.60483 4.05836 3.06503 11.9838 9.83701 7.21671 10.1314 13.2971 9.91548 9.87658 8.51048 7.65014 6.11713
threshold=196.50000000000003 3304.5000000000005 2413.5000000000005 0.15695614000000005 0.17474366500000002 1.0000000180025095e-35 1.6755875000000002 0.75990639500000012 519.50000000000011 780.63650000000018 1.1636571500000004 1624.4472475000002 44.500000000000007 0.24615346506907174
decision_type=2 2 2 2 2 2 2 2 2 2 2 2 2 2
left_child=3 2 -2 13 5 -5 -6 8 -8 10 -9 -10 -11 -1
right_child=1 -3 -4 4 6 -7 7 9 11 12 -12 -13 -14 -15
leaf_value=-0.00015976815189827851 -0.0077410004605490803 -0.0038081833075066674 0.038565214259617307 0.026506157558527747 0.026882712765001184 -0.028282247999470277 0.016080526957898016 -0.018167445833033424 -0.037467989339897756 0.011975342110410028 0.02716324594658617 0.011517935946030788 -0.027154447851073762 0.011104893790747328
leaf_weight=1568.5642434616025 2.19419488040967 8.3009647040908003 5.9609249676618674 2.0114116602717322 10.52091061266219 38.033910967325937 10.882661852281442 5.8963769461124675 25.181444398621128 10.101068122586186 33.345351426512934 4.5408208493900011 13.689492262911015 76.113723968903287
leaf_count=465183 229 374 381 5514 463 7767 1765 785 5208 1920 215 36 1215 861
internal_value=5.66555e-05 0.0147449 0.0278994 -0.000118209 -0.00541816 -0.0228936 0.00141544 -0.0022882 -0.0167865 0.00759878 0.0190685 -0.0294033 -0.0113462 0.000393625
internal_weight=1815.34 16.4561 8.15512 1798.88 154.203 40.0453 114.158 103.637 40.6049 63.0323 39.2417 29.7223 23.7906 1644.68
internal_count=491916 984 610 490932 24888 13281 11607 11144 7009 4135 1000 5244 3135 466044
is_linear=0
shrinkage=0.04


Tree=362
num_leaves=15
num_cat=0
split_feature=36 34 0 53 29 2 10 6 36 2 13 11 0 53
split_gain=2.87599 7.0331 9.56346 10.4284 10.3205 9.40004 9.13371 12.4381 7.53093 7.27585 7.82308 6.35512 6.12719 6.26554
threshold=0.034971840058605215 1.4572876325000002 500.88500000000005 0.30829551000000005 0.19450003000000002 1.6172505000000001 1068.5000000000002 0.78738092500000012 0.026560613543292939 2.0118795000000005 12.500000000000002 5015.1331560000008 969.15200000000016 0.17180101
decision_type=2 2 2 2 2 2 2 2 2 2 2 2 2 2
left_child=1 2 9 6 5 -5 -4 8 12 10 -1 -3 13 -8
right_child=-2 11 3 4 -6 -7 7 -9 -10 -11 -12 -13 -14 -15
leaf_value=-0.011329238228229703 -0.00037862181202183496 0.020778968074450385 -0.016302664294013478 0.022710696725700728 0.015875568973994968 -0.033642505949091357 -0.0053185964476299228 -0.016787213342734048 -0.0087781289265135617 -0.009905419767189767 0.054250596222195371 -0.01623278670278764 -0.0061221915692629214 0.085526512104351082
leaf_weight=1.9413932696121472 1690.4207707630858 47.66376048305392 6.2319715576726393 1.9053465971887806 7.383020139189056 32.774848493401123 0.76210115813773693 3.2580348471747129 1.3970511325358073 4.7543212510863668 5.9735845383488595 4.8644573996134559 0.90310559990120953 3.8544227978381969
leaf_count=1265 77059 1541 145324 2133 5534 221943 1782 1432 2979 7339 1094 281 14578 7632
internal_value=5.90895e-05 0.00582441 -0.00242659 -0.00952925 -0.0194935 -0.0280748 0.0146032 0.0326674 0.0532319 0.0237736 0.0400065 0.0162385 0.0656394 0.0755618
internal_weight=1814.09 123.667 71.1392 58.4699 42.0632 34.6802 16.4067 10.1747 6.91668 12.6693 7.91498 52.5282 5.51963 4.61652
internal_count=491916 414857 413035 403337 229610 224076 173727 28403 26971 9698 2359 1822 23992 9414
is_linear=0
shrinkage=0.04


Tree=363
num_leaves=15
num_cat=0
split_feature=25 4 7 0 45 2 0 10 29 7 26 52 7 27
split_gain=2.86163 9.01744 9.48431 8.80429 8.55758 12.3513 10.1658 11.8403 9.56746 9.58468 8.14801 14.9 16.9646 10.9159
threshold=694.50000000000011 1098.5000000000002 695.50000000000011 439.78550000000001 -0.030678779999999985 2.4524410000000008 853.65100000000018 2073.5000000000005 0.55054728000000008 1257.5000000000002 525.50000000000011 -0.95362354499999991 720.50000000000011 0.033039505000000004
decision_type=2 2 2 2 2 2 2 2 2 2 2 2 2 2
left_child=3 2 -2 -1 5 -5 10 -8 -9 -10 -6 -12 -13 -14
right_child=1 -3 -4 4 6 -7 7 8 9 -11 11 12 13 -15
leaf_value=-0.02131061400320174 0.0042128313640899945 0.0010008592432015021 -0.011131245717717338 0.0010137998139737115 0.0038750081673815198 -0.032770308522125251 -0.023722339238193217 -0.010106610309830396 0.043724029026728679 -0.0022067705712154138 -0.0055790659829252796 -0.00060776305064108712 0.0046378355618387481 0.044613239637473184
leaf_weight=19.534961314427164 86.424090796659357 870.22768303450584 225.27314499521003 58.598598349101053 321.6800705904385 19.408167875559343 34.882215926521212 28.041529226837497 9.9405607481803617 13.2717528056055 35.697367915588984 30.345265123825811 15.592848418769789 45.000985692026006
leaf_count=3736 6761 17352 22676 26138 111263 24020 228281 43436 134 233 499 2569 3564 1254
internal_value=6.38472e-05 -0.00109703 -0.00687746 0.00222643 0.00314366 -0.00885936 0.00496145 -0.0073198 0.0049597 0.021726 0.00737578 0.0157834 0.0240229 0.0354639
internal_weight=1813.92 1181.92 311.697 631.994 612.459 78.0068 534.453 86.1361 51.2538 23.2123 448.317 126.636 90.9391 60.5938
internal_count=491916 46789 29437 445127 441391 50158 391233 272084 43803 367 119149 7886 7387 4818
is_linear=0
shrinkage=0.04


Tree=364
num_leaves=15
num_cat=0
split_feature=29 1 7 41 45 11 6 9 14 28 26 45 43 10
split_gain=2.84251 5.82569 5.42181 4.49944 14.0993 5.17946 12.2071 6.57101 6.18564 7.1425 5.04602 11.2513 12.877 10.8018
threshold=-0.19921346500000003 1.7449310000000002 1857.5000000000002 3.5400545000000028 -0.0037867450000000006 1815.2977980000003 1.5186766100000002 0.21121724000000003 16.500000000000004 -0.015255239999999995 693.50000000000011 -0.031407305000000031 0.61904502000000006 2154.5000000000005
decision_type=2 2 2 2 2 2 2 2 2 2 2 2 2 2
left_child=1 -1 -3 10 5 7 -7 -5 -8 -10 11 12 -2 -13
right_child=3 2 -4 4 -6 6 8 -9 9 -11 -12 13 -14 -15
leaf_value=-0.025649055047869709 0.0052759022077610617 -0.014454322310000258 0.035720997224278343 -0.010318574071851092 -0.0068335987997688542 -0.020422356572787823 -0.0036958309402289826 0.05099383134289464 -0.0049757747673602739 0.030317319857412747 -0.0024975572045336666 -0.00094861389960544944 -0.01852707785686996 0.0094018837544418317
leaf_weight=12.898186259174738 61.733673965326602 2.7943894006962173 2.0891331833840923 1.7176260311728109 68.357847872518164 11.540531722616718 14.8517579389445 7.451649230456951 9.7039019999356224 44.188532898551784 859.43319291800367 323.75030917719243 77.707701880272452 314.90989013259514
leaf_count=7761 427 2772 1064 10105 57605 12641 282 23595 317 458 25838 268217 36000 44834
internal_value=6.01997e-05 -0.0139807 0.0142225 0.000237707 0.00657986 0.0166491 0.0118068 0.0399202 0.0182351 0.0240795 -0.000391666 0.00193544 -0.00817115 0.00418839
internal_weight=1813.13 17.7817 4.88352 1795.35 157.812 89.454 80.2847 9.16928 68.7442 53.8924 1637.53 778.102 139.441 638.66
internal_count=491916 11597 3836 480319 105003 47398 13698 33700 1057 775 375316 349478 36427 313051
is_linear=0
shrinkage=0.04


Tree=365
num_leaves=15
num_cat=0
split_feature=48 39 29 0 53 0 53 0 0 1 14 39 1 7
split_gain=2.83817 13.6611 8.53412 8.12722 10.7486 17.6678 10.4732 14.477 10.264 11.2967 8.55969 10.8683 8.38116 12.6994
threshold=0.093803340000000054 0.21156294496593567 0.43817111000000014 634.07350000000008 2.5625259475000006 725.00900000000013 0.37076934000000006 569.74850000000004 868.86050000000012 1.4619615000000004 19.500000000000004 0.25863827904006409 1.8100450000000003 1329.5000000000002
decision_type=2 2 2 2 2 2 2 2 2 2 2 2 2 2
left_child=2 -2 -1 6 8 -6 7 -3 9 -5 -10 -12 13 -13
right_child=1 3 -4 4 5 -7 -8 -9 10 -11 11 12 -14 -15
leaf_value=-0.00097733328984211726 -0.010640858599773458 0.010554847172638094 0.0066587142879568073 0.024791897942341438 -0.03318970190934336 0.0030507519562252899 0.014793174716440234 -0.04146206350550543 -0.024600570246638281 0.0016410469354929999 -0.018315008360014647 0.032179469877253272 -0.010956156866555418 -0.0038989218958032398
leaf_weight=774.02699542724122 199.56870130211246 17.354622894599746 330.13002017735926 45.211226040497422 35.517787768796552 44.285385998315178 113.90150790478219 9.4265710064792056 25.196188661386259 105.10625397390686 33.082044651746401 28.254594531026669 23.773906366608571 27.601967942202464
leaf_count=479799 1974 153 6592 321 203 295 817 78 228 678 292 174 157 155
internal_value=5.9779e-05 -0.00190882 0.00132548 0.00158701 -0.00155875 -0.0140846 0.00958745 -0.0113969 0.00209039 0.00917811 -0.0056859 -0.000592305 0.00741756 0.0154955
internal_weight=1812.44 708.281 1104.16 508.712 368.029 79.8032 140.683 26.7812 288.226 150.317 137.909 112.713 79.6305 55.8566
internal_count=491916 5525 486391 3551 2503 498 1048 231 2005 999 1006 778 486 329
is_linear=0
shrinkage=0.04


Tree=366
num_leaves=15
num_cat=0
split_feature=23 11 15 14 22 7 37 53 26 1 54 1 5 29
split_gain=2.95876 13.2791 7.43737 11.827 9.72384 7.87484 6.44734 10.1922 8.89987 6.78099 7.0767 6.05428 5.72304 5.26897
threshold=0.24908577500000004 2438.7638685000006 17.500000000000004 33.500000000000007 1.1654753800000002 4119.5000000000009 0.4505998971428572 0.63351066500000008 332.50000000000006 1.2303075000000001 1.5000000000000002 1.6733570000000002 646.07465600000012 0.96941453000000011
decision_type=2 2 2 2 2 2 2 2 2 2 2 2 2 2
left_child=1 -1 -3 4 -4 -5 7 8 9 10 -2 -6 -10 -8
right_child=6 2 3 5 11 -7 13 -9 12 -11 -12 -13 -14 -15
leaf_value=-0.026176271651200837 0.06367911476425854 0.027925720769615813 0.03346621725345543 -0.023816120563078219 -0.025236038748055672 0.017523680850330046 -0.00053573241021619351 -0.021975177302547843 -0.023001370673957452 0.0029638221087084126 0.002537629911289801 0.013229968326209608 0.020834454480930985 0.0081916276389402756
leaf_weight=31.375024131047212 9.2616171267800436 10.493360908167686 14.792133535998916 32.637306061096183 7.7973612664936836 5.3208107533332614 1549.3989958999257 5.2787935100359382 6.1740419047862343 7.5670162320561749 4.3906678967596227 8.8871183374867524 3.4866871388610434 114.16876868833788
leaf_count=241983 1725 3201 9628 7444 121 2972 108687 39636 31654 36156 4313 90 3466 840
internal_value=5.21637e-05 -0.00612087 0.00282929 -0.0025845 0.0143418 -0.0166561 0.000473159 0.0161123 0.0247782 0.0369668 0.0499669 -0.00642066 -0.00547059 8.59685e-05
internal_weight=1811.03 111.303 79.9281 69.4347 31.4766 37.9581 1699.73 36.1588 30.88 21.2193 13.6523 16.6845 9.66073 1663.57
internal_count=491916 265439 23456 20255 9839 10416 226477 116950 77314 42194 6038 211 35120 109527
is_linear=0
shrinkage=0.04


Tree=367
num_leaves=15
num_cat=0
split_feature=36 43 53 13 36 11 42 11 19 0 36 5 13 44
split_gain=2.91148 9.46081 11.8178 7.42254 6.73967 8.33168 7.29292 6.45819 6.65363 6.80607 8.97784 7.4581 5.97174 5.51038
threshold=0.034971840058605215 1.1260121950000002 0.30829551000000005 270.50000000000006 0.020199689255708527 904.95386700000006 0.64097936500000008 5015.1331560000008 0.032922445000000009 584.28850000000011 0.030741640152779848 1624.4472475000002 34.500000000000007 0.60780171916375803
decision_type=2 2 2 2 2 2 2 2 2 2 2 2 2 2
left_child=1 7 4 -4 5 -3 -7 8 -1 10 -10 -11 -8 -2
right_child=13 2 3 -5 -6 6 12 -9 9 11 -12 -13 -14 -15
leaf_value=0.033633801500561729 -0.00087481519017406826 -0.0092123919102873562 -0.03130849693950797 0.025482780746324114 -0.011459699565084434 -0.0094350826861616006 0.071766543441142763 -0.017769883773599383 0.041043931309495525 -0.012232399400398331 -0.016931574266251099 0.01976077123147264 -0.0064800122204795394 0.010160609774637459
leaf_weight=21.212695565293188 1616.1420415932623 4.3805838540473605 22.553462667924354 0.46335444752867161 7.896468938918928 1.5314992348430676 3.9259463662308463 5.5998844340901988 10.909112802939488 27.935877934269229 2.7161573133198536 13.056534676870795 0.95692691872386593 70.788294893102375
leaf_count=1874 27210 118625 227679 212 28111 1055 28128 687 414 3594 109 425 3944 49849
internal_value=5.73512e-05 0.00587053 -0.00893387 -0.0258215 0.0129224 0.0287396 0.0473402 0.0135314 0.0167992 0.00798844 0.0280439 -0.00100177 0.0609118 -0.00038308
internal_weight=1810.07 123.139 41.7082 23.0168 18.6914 10.795 6.41437 81.4303 75.8304 54.6177 13.6253 40.9924 4.88287 1686.93
internal_count=491916 414857 407754 227891 179863 151752 33127 7103 6416 4542 523 4019 32072 77059
is_linear=0
shrinkage=0.04


Tree=368
num_leaves=15
num_cat=0
split_feature=13 10 16 45 51 29 2 9 7 8 0 11 5 38
split_gain=2.8467 3.38438 3.84287 3.16582 11.1469 9.62838 6.77148 9.28506 12.4898 10.8327 10.5407 10.7226 8.03121 6.92689
threshold=196.50000000000003 3304.5000000000005 2413.5000000000005 0.15695614000000005 0.17474366500000002 1.0000000180025095e-35 1.6755875000000002 0.75990639500000012 519.50000000000011 0.68340949500000014 780.63650000000018 3986.6404375000006 1624.4472475000002 1.1633896600000002
decision_type=2 2 2 2 2 2 2 2 2 2 2 2 2 2
left_child=3 2 -2 -1 5 -5 -6 8 -8 13 11 -11 -10 -9
right_child=1 -3 -4 4 6 -7 7 9 12 10 -12 -13 -14 -15
leaf_value=0.00041031547146280496 -0.0075510424754139521 -0.0035534819315795113 0.037567606847876384 0.026213918939538804 0.025763175548740792 -0.027870970161233403 0.015292348910474483 -0.013238650271709703 -0.036882297466205818 -0.014430407808412003 -0.025259180503424235 0.027100758329403094 0.010910654057845658 0.040909155217496405
leaf_weight=1640.9473218226976 2.175386057759626 8.2628987060284071 6.002138659940556 2.0410239815096238 10.521565907006332 37.571285078081701 10.925425939318982 2.2249584019632485 24.561257837628094 13.111365184932767 16.247834001569572 18.417636418064831 4.5542617157625491 12.886211302975424
leaf_count=466044 229 374 381 5514 463 7767 1765 1197 5208 437 2173 228 36 100
internal_value=6.35975e-05 0.0145526 0.0272542 -0.000109257 -0.00551624 -0.0224586 0.00109765 -0.00250041 -0.0164851 0.00696205 -0.00309646 0.0102188 -0.0289031 0.0316273
internal_weight=1810.45 16.4404 8.17752 1794.01 153.063 39.6123 113.451 102.929 40.0409 62.888 47.7768 31.529 29.1155 15.1112
internal_count=491916 984 610 490932 24888 13281 11607 11144 7009 4135 2838 665 5244 1297
is_linear=0
shrinkage=0.04


Tree=369
num_leaves=15
num_cat=0
split_feature=3 2 43 18 3 37 2 2 3 15 45 43 13 3
split_gain=2.84325 5.86049 6.72204 6.85931 6.57313 7.52847 6.20528 5.30968 10.3565 5.19476 4.73172 4.6914 6.74604 4.40901
threshold=0.68480200000000013 2.7513640000000001 0.52005723999999998 0.95454885000000012 0.67384300000000008 0.63354242357142876 3.1681125000000003 2.0118795000000005 0.61126550000000013 28.500000000000004 -0.001092179999999991 0.85010839500000013 45.500000000000007 0.74857000000000007
decision_type=2 2 2 2 2 2 2 2 2 2 2 2 2 2
left_child=1 4 -3 -4 7 -6 -5 8 -1 -10 -7 -9 -13 -2
right_child=13 2 3 6 5 10 -8 11 9 -11 -12 12 -14 -15
leaf_value=0.017647032515365899 -0.0089902109050262625 0.017931288234790892 0.0089843322192679296 -0.036358689288136035 -0.016317859386303188 0.0063380601513849258 0.017850838401202485 0.028459500266822198 0.015400706421581091 -0.028608180041713695 0.047895649910324072 0.025792138960103381 -0.0087043278001681709 0.00010069711337164061
leaf_weight=12.346188310815476 85.190751286027535 7.2025636602193144 8.0809965323057913 15.74134509959913 2.5169628779208351 8.3850289879046631 0.93528070285788167 13.585445440025067 1.9158852721254813 19.349548829860396 11.235252772654347 8.3861485773331896 23.387339668328423 1591.2791035125347
leaf_count=1603 20308 42 2799 5358 2346 175 615 161 2301 1819 216 5875 3748 444550
internal_value=6.6657e-05 0.00558453 -0.00843737 -0.0178326 0.0102056 0.0272604 -0.0299022 0.00408618 -0.00735473 -0.0224663 0.0350294 0.0124526 0.00266944 -0.000386622
internal_weight=1809.54 133.068 31.9602 24.7576 101.108 22.1372 16.6766 78.9706 33.6116 21.2654 19.6203 45.3589 31.7735 1676.47
internal_count=491916 27058 8814 8772 18244 2737 5973 15507 5723 4120 391 9784 9623 464858
is_linear=0
shrinkage=0.04


Tree=370
num_leaves=15
num_cat=0
split_feature=52 45 2 29 0 11 1 15 16 2 2 2 15 22
split_gain=2.82346 11.7957 10.882 8.51811 9.33687 9.74698 10.1431 6.37868 6.37315 6.03508 7.30512 5.58465 6.27579 7.15918
threshold=-0.0093458249999999968 0.20389316499999996 1.6755875000000002 0.55054728000000008 751.16100000000017 3553.3006025000009 1.1985440000000003 21.500000000000004 1162.5000000000002 3.1742715000000001 3.1954650000000004 2.0960835000000002 50.500000000000007 0.75409599000000005
decision_type=2 2 2 2 2 2 2 2 2 2 2 2 2 2
left_child=2 9 7 4 5 6 8 -1 -4 -2 -11 -5 13 -13
right_child=1 -3 3 11 -6 -7 -8 -9 -10 10 -12 12 -14 -15
leaf_value=-0.0074957110292544985 0.0014476697729418012 -0.024849609310447138 0.036124382011172747 -0.015797469392435474 -0.028454461718698462 0.019031592069246969 -0.022922853821165656 0.036205987160202242 -0.0053767009573134116 -0.025394034766522595 0.017257926290441761 0.029723935999272269 -0.0088983393924771531 -0.001371300888560254
leaf_weight=5.8390646927406378 1552.6671756854485 23.530484953269479 4.4045570087928381 14.970038143685086 39.541659575848712 16.130090491511055 39.480720969115509 10.895495603797825 13.147533233834109 21.583846563956289 4.6064399820706958 22.375458380342025 19.574502490075247 20.139723715645232
leaf_count=1561 401599 7014 1188 159 57130 414 13625 513 675 5961 1430 346 145 156
internal_value=7.35146e-05 0.00064498 -0.00427135 -0.00717611 -0.0139564 -0.00480184 -0.0125331 0.022741 0.0107378 0.00110218 -0.0163283 0.00298665 0.00835538 0.0163996
internal_weight=1808.89 1602.39 206.499 189.764 112.705 73.1629 57.0328 16.7346 17.5521 1578.86 26.1903 77.0597 62.0897 42.5152
internal_count=491916 416004 75912 73838 73032 15902 15488 2074 1863 408990 7391 806 647 502
is_linear=0
shrinkage=0.04


Tree=371
num_leaves=15
num_cat=0
split_feature=24 3 25 45 7 0 2 2 3 3 2 8 15 0
split_gain=2.84744 7.94688 7.7908 6.95718 7.26218 6.13705 9.91484 18.1495 9.78285 11.3741 9.47201 8.91401 6.98128 6.72177
threshold=1773.5000000000002 1.1723585000000003 2177.5000000000005 0.051309184999999931 3048.5000000000005 995.80050000000017 2.2324455000000003 2.1359080000000006 1.2313245000000002 1.5720745000000003 1.7075790000000002 0.58368484500000017 38.500000000000007 982.53300000000002
decision_type=2 2 2 2 2 2 2 2 2 2 2 2 2 2
left_child=5 3 -3 -2 -5 13 7 8 10 -10 -7 -12 -8 -1
right_child=1 2 -4 4 -6 6 12 -9 9 -11 11 -13 -14 -15
leaf_value=-0.00014283564860237058 0.0045919113599006871 0.029697519667049359 -0.016220009247076096 -0.019691504670787726 0.018464741445762732 0.029696405529739737 -0.0012570039833952351 0.040207154640471796 -0.039036574572928834 0.0075192257000797659 -0.022570917254061431 0.01483455655919067 -0.032829565861257307 0.022162980261040216
leaf_weight=1409.7563722070238 181.59214038331174 25.106756962850344 3.9688556701876214 34.873669163803243 5.7879276264011414 11.072831596791273 17.185791881969521 9.964230186247276 19.20670320339082 10.711760423341728 18.826298490364366 13.315033598355283 29.579908466088455 16.951397597072628
leaf_count=218401 3247 405 229 890 396 8269 140888 16654 19945 5483 33501 7721 28151 7736
internal_value=6.99659e-05 0.00397715 0.0219694 0.00119179 -0.012833 -0.000571616 -0.00872777 -0.000157986 -0.00787875 -0.0236782 0.00438086 -0.00716415 -0.0224691 0.000198665
internal_weight=1807.9 251.329 29.0756 222.254 40.6616 1556.57 129.863 83.0969 73.1326 29.9185 43.2142 32.1413 46.7657 1426.71
internal_count=491916 5167 634 4533 1286 486749 260612 91573 74919 25428 49491 41222 169039 226137
is_linear=0
shrinkage=0.04


Tree=372
num_leaves=15
num_cat=0
split_feature=52 25 28 48 8 40 32 19 8 3 3 1 2 15
split_gain=2.76123 4.98737 3.07291 7.72263 10.0856 10.6656 9.79632 8.4016 7.00072 11.4153 14.1252 12.5287 11.2652 15.3552
threshold=0.023925490000000004 1002.5000000000001 -0.038203009999999989 -0.0025657999999999961 0.38020699500000005 0.22947290000000184 0.0046505656666666678 0.051331545000000013 0.41997411500000004 0.98921500000000007 1.1059605000000001 1.6969075000000002 1.6868950000000003 25.500000000000004
decision_type=2 2 2 2 2 2 2 2 2 2 2 2 2 2
left_child=2 -2 -1 4 5 -4 -7 -6 9 12 11 -11 -5 -14
right_child=1 -3 3 8 7 6 -8 -9 -10 10 -12 -13 13 -15
leaf_value=-0.0081249175163085711 -0.0098484549825043535 0.037625437135390884 0.047278026829996649 -0.023479972661336512 -0.01208196803558808 -0.022606607074175892 0.0312469711458494 0.029661674339180117 0.0014699399056985318 -0.036328108418112154 -0.004411882582209258 0.0015960876289247889 0.020582585744310666 -0.0022184272343432742
leaf_weight=67.459012095602247 3.3487596657525946 3.1881428141659853 15.339592877249062 18.83742918511814 26.102339228859254 7.8852507821621867 4.3089508518978619 5.2759289809873726 1166.0558671253691 43.166629003740013 223.97395202727841 19.039534501708658 66.631065607596952 136.43540470155813
leaf_count=63649 7737 66 64698 3428 36059 24343 447 5818 87690 16862 92024 12579 56776 19740
internal_value=7.06324e-05 0.0195772 -5.42067e-05 0.000282415 0.0139289 0.0295447 -2.41525e-05 -0.00195106 -0.000237843 -0.00413335 -0.00934693 -0.0254654 0.0026482 0.00557797
internal_weight=1807.05 6.5369 1800.51 1733.05 58.9121 27.5338 12.1942 31.3783 1674.14 508.084 286.18 62.2062 221.904 203.066
internal_count=491916 7803 484113 420464 131365 89488 24790 41877 289099 201409 121465 29441 79944 76516
is_linear=0
shrinkage=0.04


Tree=373
num_leaves=15
num_cat=0
split_feature=9 1 26 16 8 28 7 8 9 43 4 12 14 11
split_gain=2.78443 5.72313 7.5923 6.20491 3.98243 3.95345 3.76998 10.8911 11.6177 11.1079 11.1253 11.7941 14.0251 13.3069
threshold=4.2925328600000006 1.0384250000000004 1236.5000000000002 2343.5000000000005 1.8981654300000004 0.45925594500000005 2617.5000000000005 0.7415485850000002 1.0269605700000002 1.3211734100000003 1458.5000000000002 1.0000000180025095e-35 61.500000000000007 3617.3477665000005
decision_type=2 2 2 2 2 2 2 2 2 2 2 2 2 2
left_child=6 3 4 -2 -3 -6 -1 8 -8 10 11 -9 13 -13
right_child=1 2 -4 -5 5 -7 7 9 -10 -11 -12 12 -14 -15
leaf_value=-0.00057567198195113438 -0.016757392469502537 -0.039949569769319737 0.012287828569786469 0.035168811428299113 0.009586158911329681 -0.022712565607177725 -0.017253768429230928 -0.011627736699278451 0.03643563965711151 -0.02449135267173428 -0.004991196811001109 -0.0073021769087372179 -0.0038650050682134058 0.030179549793441982
leaf_weight=1429.6419078085949 2.3831910337321451 10.963075099176423 8.2265932481968758 3.9650742181693204 7.8109191268588329 7.3989106267263196 5.0842748068580503 27.73847895646395 23.502228810038559 18.99691428864935 125.96497116341925 16.470002079746337 40.825421092962642 77.540912432166806
leaf_count=457173 9 574 328 242 2642 80 1132 879 1109 23810 1561 174 920 1283
internal_value=7.24729e-05 -0.00967102 -0.0160915 0.0168808 -0.0255517 -0.00785774 0.000323992 0.00410291 0.0257397 0.00171209 0.00382506 0.0106011 0.0154263 0.0235759
internal_weight=1806.51 40.7478 34.3995 6.34827 26.1729 15.2098 1765.77 336.123 28.5865 307.537 288.54 162.575 134.836 94.0109
internal_count=491916 3875 3624 251 3296 2722 488041 30868 2241 28627 4817 3256 2377 1457
is_linear=0
shrinkage=0.04


Tree=374
num_leaves=15
num_cat=0
split_feature=13 7 3 51 19 2 23 49 3 51 18 44 3 43
split_gain=2.79018 2.92164 2.91682 5.64711 6.06486 6.18964 6.01316 7.48258 6.12853 5.59606 4.7873 4.3068 4.07287 10.6149
threshold=266.50000000000006 902.50000000000011 0.68480200000000013 0.0041849649999999858 0.039796350000000001 2.7513640000000001 0.58227855000000017 2.5000000000000004 0.62794750000000021 -7.6495000000065247e-05 0.95454885000000012 0.17563164833302702 0.74857000000000007 0.70774199500000001
decision_type=2 2 2 2 2 2 2 2 2 2 2 2 2 2
left_child=2 -2 3 4 5 6 -1 -8 -9 -6 -5 -7 13 -4
right_child=1 -3 12 10 9 11 7 8 -10 -11 -12 -13 -14 -15
leaf_value=-0.0017830092064369063 -0.0098655604509529822 0.030116255248826496 0.0032565787310798546 0.010250270780425248 0.007459606409044443 0.019686676373759537 -0.011004627834574308 0.0094064537188245194 0.0485912305204622 -0.020565056483684879 -0.019879824961444064 -0.014534094986577917 -4.6743232519302467e-05 -0.024286992783065346
leaf_weight=10.894450013336835 1.4070268798604946 4.3914243186286512 49.146124365331957 9.4868107289055406 29.176460634166006 4.0174547024071243 3.8327376337783781 12.520285187347325 19.671745632804232 12.164877590473678 17.833406858696208 12.282610181894595 1584.0772307901216 34.611004791616438
leaf_count=5541 44 320 472 1829 7453 30 597 119 192 2802 5401 3079 444244 19793
internal_value=6.66064e-05 0.0203386 -5.48751e-05 0.00555918 0.00973321 0.0170689 0.0238465 0.03087 0.0366647 -0.0021159 -0.00945013 -0.00345836 -0.000514085 -0.00885226
internal_weight=1805.51 5.79845 1799.72 131.881 104.561 63.2193 46.9192 36.0248 32.192 41.3413 27.3202 16.3001 1667.83 83.7571
internal_count=491916 364 491552 27043 19813 9558 6449 908 311 10255 7230 3109 464509 20265
is_linear=0
shrinkage=0.04


Tree=375
num_leaves=15
num_cat=0
split_feature=0 24 3 2 1 1 53 10 1 21 53 4 1 3
split_gain=2.75542 3.64321 7.37388 6.92969 5.81255 7.71117 10.5211 10.4323 8.19497 10.6141 11.6221 10.4275 9.06327 19.4907
threshold=1825.5915000000002 1773.5000000000002 1.1723585000000003 2.9541830000000004 2.3608935000000004 2.1077430000000006 0.93280049750000016 3473.5000000000005 2.0186950000000006 1.8450472200000003 1.0901084300000001 1261.5000000000002 1.9427590000000003 1.0970710000000004
decision_type=2 2 2 2 2 2 2 2 2 2 2 2 2 2
left_child=1 4 -3 -4 5 8 -7 -8 12 10 -10 -12 -1 -14
right_child=-2 2 3 -5 -6 6 7 -9 9 -11 11 -13 13 -15
leaf_value=-8.3818026303258972e-05 -0.020015333112479147 0.0019221852056016931 0.033376393863652057 -0.0050750903493241477 0.023044188499869379 0.0032525624388707519 -0.040719233843731689 0.0044068929467802739 -0.026446123215588813 0.026479972920063814 0.036418382566400891 -0.018087836532279897 0.013277315738004083 -0.028801492333917683
leaf_weight=1345.2529401745794 5.8664957959974791 217.2520561236206 19.372568909704572 9.1241483500925806 11.557858398978849 30.069258729542526 22.802615545275785 10.343820733440451 13.96416460795581 35.569358058535727 9.6059660577234336 5.2548658479845463 23.473113443614238 45.197506106175069
leaf_count=365491 42154 3809 324 206 4784 26934 4402 1480 16946 333 2705 76 9959 12313
internal_value=6.68269e-05 0.000187618 0.00466202 0.0221451 -0.000533064 -0.000783769 -0.0139325 -0.0279052 -0.000176434 0.0132458 -0.00458511 0.0174432 -0.000832245 -0.0144931
internal_weight=1804.71 1798.84 245.749 28.4967 1553.09 1541.53 63.2157 33.1464 1478.32 64.3944 28.825 14.8608 1413.92 68.6706
internal_count=491916 449762 4339 530 445423 440639 32816 5882 407823 20060 19727 2781 387763 22272
is_linear=0
shrinkage=0.04


Tree=376
num_leaves=15
num_cat=0
split_feature=8 13 7 7 3 10 17 0 45 24 7 17 43 1
split_gain=2.74042 4.24944 2.97459 4.80703 8.4407 3.16061 16.8758 12.4779 10.3406 9.16419 8.86171 8.47521 8.34806 7.03032
threshold=2.0953895900000004 156.50000000000003 6128.0000000000009 5447.5000000000009 0.80981300000000012 4608.5000000000009 4424.5000000000009 619.53850000000011 -0.0565598 2717.5000000000005 3470.5000000000005 6426.5000000000009 0.4016431299999999 1.5940085000000002
decision_type=2 2 2 2 2 2 2 2 2 2 2 2 2 2
left_child=2 -2 3 5 -5 6 -1 10 9 11 -7 13 -8 -9
right_child=1 -3 -4 4 -6 7 12 8 -10 -11 -12 -13 -14 -15
leaf_value=-0.00031946699503438173 -0.022078568022922903 0.01510535012146774 -0.022441584429580323 0.032627157754877976 -0.01664249312266064 -0.019457196735086866 0.034730431229260235 -0.014526283285870458 -0.01218162548194336 0.030969741144729262 0.032228621705042287 -0.024386680932988486 0.008477908167722625 0.021337493255632757
leaf_weight=1432.622971968241 14.145969160289953 2.7079579288215418 4.2084220066583375 12.630484193267423 4.4746112659795463 3.2592477964935851 24.614931794931181 9.2661549872395899 160.88651783027262 13.281191084082819 17.975724941327826 13.286461270215566 70.795075225321625 19.72512400638675
leaf_count=466794 9218 400 677 641 137 147 242 239 8133 98 594 141 4227 228
internal_value=6.41435e-05 -0.0140151 0.000235662 0.000351805 0.0188894 0.000119394 0.000790492 -0.00412245 -0.0071359 0.00727482 0.0220993 -0.00265681 0.016643 0.00942412
internal_weight=1803.88 16.8539 1787.03 1782.82 17.1051 1765.71 1528.03 237.68 216.445 55.5589 21.235 42.2777 95.41 28.9913
internal_count=491916 9618 482298 481621 778 480843 471263 9580 8839 706 741 608 4469 467
is_linear=0
shrinkage=0.04


Tree=377
num_leaves=15
num_cat=0
split_feature=36 45 14 15 0 31 27 36 15 13 48 2 2 16
split_gain=2.72677 5.95595 6.03597 8.84688 11.8399 9.73334 7.35468 8.02911 6.94441 10.092 9.35995 5.59716 5.56423 7.12134
threshold=0.034971840058605215 0.022607389999999953 48.500000000000007 43.500000000000007 680.26700000000017 0.0039210519999999969 -0.043079044999999982 0.014250501946215188 23.500000000000004 12.500000000000002 -0.012129837499999989 1.7451620000000003 2.9451660000000008 4124.5000000000009
decision_type=2 2 2 2 2 2 2 2 2 2 2 2 2 2
left_child=1 2 3 4 8 6 -5 -8 9 -1 -11 -3 13 -9
right_child=-2 11 -4 5 -6 -7 7 12 -10 10 -12 -13 -14 -15
leaf_value=-0.010879901976878357 -0.00036134997274853679 0.012917208666508249 -0.011456869292763976 -0.0054460739716906369 -0.014213328091518727 -0.01021076318174117 -0.006869568892606418 0.076925748624684001 -0.0041069679418557718 -0.0096377871026871939 0.054239786386041246 -0.020884822626225753 -0.0023026027602856204 -0.00050498168307903945
leaf_weight=5.1040516761954704 1679.7672907961482 7.8609702909398065 13.755004776618533 3.2667577460154069 25.53739764405816 4.9750604050043412 2.2196262344821234 10.078361840104547 12.302647892760886 2.9011898684966608 13.449312925518369 17.799589679471183 1.6951764131274547 2.1002496205394428
leaf_count=19760 77059 5111 10328 1150 261920 831 10564 5812 6423 2750 10556 77645 1260 747
internal_value=6.65151e-05 0.00569359 0.0101487 0.0141482 0.00481388 0.0321948 0.0429511 0.0517373 0.0191847 0.0307926 0.0433028 -0.0101119 0.0604496 0.0673121
internal_weight=1802.81 123.045 97.3848 83.6298 59.2946 24.3352 19.3602 16.0934 33.7572 21.4546 16.3505 25.6606 13.8738 12.1786
internal_count=491916 414857 332101 321773 301409 20364 19533 18383 39489 33066 13306 82756 7819 6559
is_linear=0
shrinkage=0.04


Tree=378
num_leaves=15
num_cat=0
split_feature=2 2 7 0 23 8 8 10 2 14 2 2 8 15
split_gain=2.69873 12.4291 10.4386 5.70483 7.64937 5.61716 5.45191 4.29104 3.82952 11.5414 8.44081 7.71539 7.52398 7.43841
threshold=3.1527325000000004 3.1361645000000005 1827.5000000000002 777.00900000000013 2.1015936850000005 1.0294273200000001 0.7415485850000002 2177.5000000000005 2.9992215000000004 28.500000000000004 3.0322910000000003 2.9750300000000007 0.7415485850000002 32.500000000000007
decision_type=2 2 2 2 2 2 2 2 2 2 2 2 2 2
left_child=1 8 3 7 -5 6 -3 -2 11 -10 -11 -1 -13 -12
right_child=2 5 -4 4 -6 -7 -8 -9 9 10 13 12 -14 -15
leaf_value=7.4254970790839654e-05 -0.014676494772011932 0.0061954604844544079 -0.030177691390737671 -0.028523768575963705 0.019513063567115747 -0.0068502088044219839 0.056287066452220452 0.027473629142865757 -0.022184440351208926 -0.012808517926007661 0.033427714063898106 0.029269269639570338 -0.012562082770500756 0.0016906016742840955
leaf_weight=1590.2116572077439 1.5389350872363845 6.9388833779316901 16.527719450858285 8.3904818956176523 4.3794269055942996 3.7598576075602059 6.6495551374769093 13.01127548678596 43.218804318989442 30.790814970790279 12.829785733617426 21.833137731427318 6.0696835810567782 36.750848448276884
leaf_count=415570 2462 4839 2335 11181 46 505 288 300 39590 2293 1577 6233 1238 3459
internal_value=6.81466e-05 0.000324774 -0.00920647 0.00618626 -0.0111945 0.0299656 0.0392548 0.0204022 -5.53963e-05 -0.0066999 0.00243835 0.000471181 0.0196435 0.012213
internal_weight=1802.9 1759.05 43.8478 27.3201 12.7699 17.3483 13.5884 14.5502 1741.7 123.59 80.3714 1618.11 27.9028 49.5806
internal_count=491916 475592 16324 13989 11227 5632 5127 2762 469960 46919 7329 423041 7471 5036
is_linear=0
shrinkage=0.04


Tree=379
num_leaves=15
num_cat=0
split_feature=7 9 53 1 26 26 40 8 42 2 1 37 0 53
split_gain=2.7174 4.81086 6.6982 4.59745 4.12429 9.69715 7.24648 6.942 6.61141 5.78759 5.6915 7.06884 6.08289 5.40849
threshold=163.50000000000003 0.14967609500000004 0.10390558250000001 1.4460470000000003 231.50000000000003 259.50000000000006 8.4150516000000106 0.13551601500000002 0.72181963999999998 1.7366285000000004 1.1597530000000003 0.59353453857142868 1450.4200000000003 0.77596399750000011
decision_type=2 2 2 2 2 2 2 2 2 2 2 2 2 2
left_child=3 2 -2 -1 6 8 7 -3 9 -6 12 -12 -8 -13
right_child=1 4 -4 -5 5 -7 10 -9 -10 -11 11 13 -14 -15
leaf_value=0.033296147814882125 0.0067022769344483269 0.026042902571948051 -0.026303023549025323 -0.0086306963746006476 -0.0099629209795279623 0.00041111239762984966 -0.022092517072931993 -0.02254597605758514 -0.013840447323779885 0.03948685952443285 0.021320881568105778 -0.018056673603194941 0.020108207142744777 0.0067980682361576871
leaf_weight=4.9266457094752223 13.360061801539926 1.0701700281820183 20.292053885897872 4.3881512081034089 2.4771349090079928 1595.4437215177295 21.953777418279973 42.603028808411636 3.2206328717733177 16.710636075421462 24.269867915128088 18.217166995600564 2.709341732192569 30.818058557791119
leaf_count=8532 18127 21304 33888 16392 397 205336 1041 156642 19896 844 8642 250 312 313
internal_value=7.02454e-05 -6.81407e-05 -0.0140278 0.017429 0.000237845 0.000817681 -0.0061872 -0.0188024 0.0244091 0.0323631 7.6455e-05 0.0057254 -0.0148486 -0.00325216
internal_weight=1802.46 1793.15 33.6521 9.3148 1759.49 1617.85 141.641 43.6732 22.4084 19.1878 97.9682 73.3051 24.6631 49.0352
internal_count=491916 466992 52015 24924 414977 226473 188504 177946 21137 1241 10558 9205 1353 563
is_linear=0
shrinkage=0.04


Tree=380
num_leaves=15
num_cat=0
split_feature=33 51 19 33 15 1 45 45 53 29 3 9 8 40
split_gain=2.723 6.25098 8.20554 12.1297 7.32973 7.03345 7.91801 6.82163 7.6548 7.94463 6.59287 6.63509 6.21905 6.40304
threshold=-0.0015487025999999968 0.0023019599999999922 0.040818400000000005 -0.0021345246000000003 50.500000000000007 1.5809820000000003 -0.0084598000000000156 -0.00269231499999957 0.70690250500000018 0.6316416600000001 1.4571805000000004 0.44226765500000004 0.30492765500000002 0.81349169999999738
decision_type=2 2 2 2 2 2 2 2 2 2 2 2 2 2
left_child=1 7 4 10 5 -3 -7 -1 12 -10 11 -4 -9 -14
right_child=-2 2 3 -5 -6 6 -8 8 9 -11 -12 -13 13 -15
leaf_value=0.0099543990510311993 -0.0010715957163253407 -0.011565683754947017 -0.0048740922057525166 -0.028865118711262811 -0.024958170713005351 -0.011419286014810995 0.019794218749345775 -0.0063498837470226015 -0.018265351891791227 0.0056580252152550201 -0.0082591512411714207 0.024029736416093149 -0.0037912651606182963 0.021551476770098082
leaf_weight=214.50993805985706 1169.7070884766574 67.497780226449322 14.739195776193354 8.8988012225451012 29.755473763488794 17.24874502338912 28.059574507962338 34.442648550324748 51.338254073025837 33.537110127752385 17.667749495088856 48.161683718675704 21.49254286817586 44.93340468447218
leaf_count=23366 406533 11043 3277 3203 1316 2828 7493 11130 10447 349 1381 3402 5309 839
internal_value=7.07112e-05 0.00217578 -0.00300702 0.00627564 -0.0088478 -0.00371936 0.0079574 0.0051803 -0.000449566 -0.00902354 0.0116168 0.0173967 0.0068504 0.0136603
internal_weight=1801.99 632.283 232.029 89.4674 142.562 112.806 45.3083 400.254 185.744 84.8754 80.5686 62.9009 100.869 66.4259
internal_count=491916 85383 33943 11263 22680 21364 10321 51440 28074 10796 8060 6679 17278 6148
is_linear=0
shrinkage=0.04


Tree=381
num_leaves=15
num_cat=0
split_feature=48 39 29 15 26 45 0 7 29 19 53 53 0 1
split_gain=2.72096 12.6421 8.12624 8.62207 11.535 7.72856 8.47281 11.4947 11.013 9.88673 7.61933 7.58758 11.9771 15.021
threshold=0.093803340000000054 0.21156294496593567 0.43817111000000014 19.500000000000004 667.50000000000011 0.019719265000000017 853.65100000000018 3470.5000000000005 0.39694962000000006 0.033171950000000006 1.1462114050000001 2.5625259475000006 868.86050000000012 1.4424805000000001
decision_type=2 2 2 2 2 2 2 2 2 2 2 2 2 2
left_child=2 5 -1 -4 10 6 7 8 -2 -8 -5 12 13 -3
right_child=1 11 3 4 -6 -7 9 -9 -10 -11 -12 -13 -14 -15
leaf_value=-0.00094549335048514334 0.0045414636871248457 0.025224036278174461 0.019096652465042229 -0.015994750202155999 0.0097111857823750872 0.00057580927830656859 -0.024902953733745004 0.0095752109144563412 -0.031587961358928392 0.019977112330253601 0.0052474367620788352 -0.0077381201402799181 -0.0054176740911751143 0.0033456600863942584
leaf_weight=770.57091289523373 14.816146053684859 63.200466824462637 64.385703167570682 58.786277986646382 161.17426326343411 68.829689481834066 7.2861227176763377 14.742326764506286 75.78854526556097 17.120212210920727 43.514984046659265 106.58762986172223 136.49631251450046 197.89830490908571
leaf_count=479799 161 500 1931 2287 1149 910 89 100 551 163 1225 684 1006 1361
internal_value=6.33461e-05 -0.00187266 0.00130486 0.0065286 0.00315888 -0.010288 -0.0158584 -0.0205979 -0.0257514 0.00462272 -0.00713567 0.00151038 0.00405504 0.0090159
internal_weight=1801.2 702.766 1098.43 327.861 263.476 198.583 129.753 105.347 90.6047 24.4063 102.301 504.183 397.595 261.099
internal_count=491916 5525 486391 6592 4661 1974 1064 812 712 252 3512 3551 2867 1861
is_linear=0
shrinkage=0.04


Tree=382
num_leaves=15
num_cat=0
split_feature=2 2 8 11 1 48 2 14 7 53 14 0 4 29
split_gain=2.68443 9.43632 9.72278 8.58385 8.09433 8.90736 7.56665 13.693 8.97345 10.4122 12.4334 14.8292 11.1487 12.43
threshold=2.3654035000000007 2.3413125000000004 0.51545548000000008 1860.3573225000002 1.7321605000000002 -0.035376069999999933 2.2910535000000007 27.500000000000004 465.50000000000006 0.52501931750000008 53.500000000000007 628.75400000000002 420.50000000000006 0.066496835000000018
decision_type=2 2 2 2 2 2 2 2 2 2 2 2 2 2
left_child=1 4 3 -3 5 -1 8 -8 -7 -10 12 -12 -11 -14
right_child=-2 2 -4 -5 -6 6 7 -9 9 10 11 -13 13 -15
leaf_value=-0.029178276534612337 -0.0015171010299525178 -0.011008776308025861 -0.001377174544729056 0.054065189033195037 0.023894736304852886 0.013953022083973719 -0.028848347592156275 0.0095023248207624002 -0.0070507403782481973 -0.02151028536191963 0.018040699308802415 -0.017079696681421112 0.034476265881268509 0.0058491247132389798
leaf_weight=11.236635340273095 877.67262637123099 2.2295704996658996 14.026334854125706 10.452715031218302 18.646413322319404 80.729307026335846 30.590599171812073 22.289763096562865 214.05131288951293 17.186738624161308 20.644187669311577 77.471099205403561 21.307073570626699 381.76937127191695
leaf_count=5284 273816 5481 1567 572 2956 64141 12936 2556 56885 39394 666 6100 11817 7745
internal_value=6.21328e-05 0.00156449 0.0230115 0.042747 0.000800967 0.000177478 0.000723666 -0.0132586 0.00170842 0.000273345 0.00333611 -0.00917364 0.00633017 0.00776627
internal_weight=1800.3 922.631 26.7086 12.6823 895.923 877.276 866.039 52.8804 813.159 732.43 518.378 98.1153 420.263 403.076
internal_count=491916 218100 7620 6053 210480 207524 202240 15492 186748 122607 65722 6766 58956 19562
is_linear=0
shrinkage=0.04


Tree=383
num_leaves=15
num_cat=0
split_feature=43 45 15 49 13 8 7 54 23 8 38 53 48 43
split_gain=2.72351 5.13184 6.07762 8.60541 6.38503 4.74973 4.66693 6.32158 4.57543 11.3008 6.48326 9.00112 8.98024 8.10435
threshold=1.0000000180025095e-35 -0.068947874999999978 53.500000000000007 3.5000000000000004 76.500000000000014 1.1189101700000001 447.50000000000006 1.5000000000000002 0.24908577500000004 0.46325701500000005 0.69956738000000007 0.33720099000000003 0.045542310000000009 1.2821619200000003
decision_type=2 2 2 2 2 2 2 2 2 2 2 2 2 2
left_child=1 5 6 4 -4 -1 -3 -8 9 -2 11 -10 -13 -14
right_child=8 2 3 -5 -6 -7 7 -9 10 -11 -12 12 13 -15
leaf_value=0.031037966202027867 -0.024282025207776784 -0.010899279533283696 -0.030246873206326838 0.014635168884602002 0.0054870199924002662 -0.00058467417265833303 0.01818028957024621 -0.0088809674694209067 0.02766235194277766 0.0022684983379539954 -0.00035412434882397425 -0.017757441683860582 -0.010809512761228718 0.055181950577943159
leaf_weight=15.393499188590797 37.93288925409945 13.596728789969118 22.010569528734781 12.215551404282449 9.4430480826413241 11.824128386564551 52.254111496265978 14.833391422173007 26.373105297383745 61.825942399124983 1499.784910696359 17.630752751061667 3.0136284344480364 1.5252858415442458
leaf_count=128 217711 151 276 124 127 110 416 378 58353 47657 63248 102194 147 896
internal_value=6.37675e-05 0.00510579 0.0013628 -0.00998134 -0.0202377 0.0193415 0.00772681 0.0119959 -0.000413977 -0.00850432 0.000132981 0.0138103 -0.00472622 0.0286673
internal_weight=1799.66 151.571 124.353 43.6692 31.4536 27.2176 80.6842 67.0875 1648.09 99.7588 1548.33 48.5428 22.1697 4.53891
internal_count=491916 1710 1472 527 403 238 945 794 490206 265368 224838 161590 103237 1043
is_linear=0
shrinkage=0.04


Tree=384
num_leaves=15
num_cat=0
split_feature=3 9 28 5 3 45 28 44 0 33 33 28 52 51
split_gain=2.68828 5.32052 6.38707 7.4058 6.38832 5.12034 4.83515 4.66303 4.59387 4.29221 4.19548 5.34285 4.4079 9.14025
threshold=1.5605365000000002 0.52164758500000008 0.18241813999999992 1236.7657510000001 1.8357250000000003 -0.046707340000000007 0.15382161499999999 0.10170858139604214 673.14750000000015 0.0068833634000000019 -0.0029100848000000006 -0.10668481499999997 -0.0089728149999999968 0.17474366500000002
decision_type=2 2 2 2 2 2 2 2 2 2 2 2 2 2
left_child=10 6 5 4 9 -3 -2 8 -5 -4 11 -1 13 -13
right_child=1 2 3 7 -6 -7 -8 -9 -10 -11 -12 12 -14 -15
leaf_value=-0.021530866629186681 0.004083263348186119 0.0036161438316034073 0.028042713963596463 -0.012485137210402649 -0.019363952726053978 -0.026479965779885754 -0.03311110120601763 -0.015804398397072792 0.011669970353998384 -0.0042126553598858061 -0.00063425472665584487 -0.02646778946404274 0.0064220116821736154 0.0049989177006453354
leaf_weight=7.9054264865321775 6.7189639821547216 12.438176601460439 26.986716086629258 14.513468630611895 3.1474370049782001 20.152792633277045 12.685849506574412 28.410939256471465 31.336317615583539 6.8186831451967 1215.1660400671794 16.446736073824013 352.37993900936476 43.664041940679454
leaf_count=2953 17470 2611 725 95 111 13597 518 362 180 230 423498 2465 22495 4606
internal_value=6.65493e-05 -0.00474954 -0.00175513 0.00294127 0.0164337 -0.0160407 -0.0220344 -0.00438583 0.00354801 0.0218322 0.000560148 0.00397947 0.00472039 -0.00498197
internal_weight=1798.77 163.209 143.805 111.214 36.9528 32.591 19.4048 74.2607 45.8498 33.8054 1635.56 420.396 412.491 60.1108
internal_count=491916 35899 17911 1703 1066 16208 17988 637 275 955 456017 32519 29566 7071
is_linear=0
shrinkage=0.04


Tree=385
num_leaves=15
num_cat=0
split_feature=13 3 5 14 3 4 45 3 19 48 7 8 37 7
split_gain=2.65439 14.6708 9.0904 12.1341 8.76209 8.27766 7.61548 7.15444 7.42185 7.18013 5.89442 6.71196 11.0691 9.47686
threshold=12.500000000000002 0.92702800000000007 405.50129850000002 18.500000000000004 1.1022950000000002 1261.5000000000002 0.35073467000000008 1.1723585000000003 0.018901965000000003 -0.032969672500000012 193.50000000000003 0.18084778500000001 0.35610714428571438 407.50000000000006
decision_type=2 2 2 2 2 2 2 2 2 2 2 2 2 2
left_child=1 2 -1 -4 -3 6 7 -6 -9 -10 -2 12 -12 -13
right_child=10 4 3 -5 5 -7 -8 8 9 -11 11 13 -14 -15
leaf_value=-0.015574851016330767 0.023073794780258759 -0.029850659270027717 0.067358800429825033 -0.00464216650130027 0.0096213460123518411 0.022019258084936318 0.025320530406223379 0.010960076468508441 0.023331960929019711 -0.026228409612134448 0.031855620465110993 0.02072096569931995 -0.016586880797822577 0.00030077537939862838
leaf_weight=3.056463817354369 13.293436075881798 22.85497752598917 5.27079461970993 4.9437699305133265 15.883728970475202 11.718508762147392 4.9573813823469655 9.1478599914221359 1.299986602076834 53.720780698463621 3.8453043068045636 32.239974528112725 62.617144766293677 1553.1067934795417
leaf_count=37787 3554 42958 2385 1334 17698 163 547 8397 1491 85434 30587 9126 10827 239628
internal_value=5.23515e-05 -0.0052825 0.0284707 0.0424375 -0.0100206 -0.00409832 -0.00872177 -0.0121945 -0.0178997 -0.0232113 0.000492546 0.000241732 -0.0117514 0.000779886
internal_weight=1797.96 132.854 13.271 10.2146 119.583 96.7282 85.0097 80.0524 64.1686 55.0208 1665.1 1651.81 66.4624 1585.35
internal_count=491916 198194 41506 3719 156688 113730 113567 113020 95322 86925 293722 290168 41414 248754
is_linear=0
shrinkage=0.04


Tree=386
num_leaves=15
num_cat=0
split_feature=2 2 7 8 24 0 23 10 47 7 0 12 0 1
split_gain=2.68108 11.7866 9.80755 5.31405 5.21038 4.61631 12.5306 4.17067 3.6652 3.59444 7.17063 12.391 12.2648 10.6091
threshold=3.1527325000000004 3.1361645000000005 1946.5000000000002 1.0294273200000001 804.50000000000011 743.75650000000007 2.1015936850000005 2177.5000000000005 2.1711293700000005 2974.5000000000005 619.53850000000011 1.0000000180025095e-35 546.69600000000014 1.1389130000000003
decision_type=2 2 2 2 2 2 2 2 2 2 2 2 2 2
left_child=1 9 5 4 -3 7 -7 -2 -6 -1 11 -11 -13 -12
right_child=2 3 -4 -5 8 6 -8 -9 -10 10 13 12 -14 -15
leaf_value=-0.00081291651664969753 -0.014556580113860832 -0.0090846796223034484 -0.030319052962244561 -0.0066849276163922031 0.056970460823841641 -0.031777327402191954 0.025393177173689763 0.027434651714723902 0.0064023523902365688 -0.018366536210206685 0.024216951487929517 -0.020279934903065292 0.035929583694070948 -0.0022338678916260795
leaf_weight=1479.1123281334403 1.5169161770904818 1.6033813894914626 15.529510702950459 3.7405679448941092 7.4513015519901256 9.2505879379176559 6.0457837453577659 11.144301524875116 4.5364788491278887 8.2893574956070761 22.70692389342048 4.1149496303673905 31.574007098881339 190.62519817987175
leaf_count=445758 2131 4809 2135 505 277 11729 64 265 41 548 2684 1182 593 19195
internal_value=6.5432e-05 0.000321062 -0.00921367 0.0291958 0.0382129 0.00533083 -0.00849206 0.019707 0.045351 -5.01453e-05 0.00426645 0.0180725 0.0277529 0.00107165
internal_weight=1797.24 1753.75 43.4871 17.3317 13.5912 27.9576 15.2964 12.6612 11.9878 1736.42 257.31 43.9783 35.689 213.332
internal_count=491916 475592 16324 5632 5127 14189 11793 2396 318 469960 24202 2323 1775 21879
is_linear=0
shrinkage=0.04


Tree=387
num_leaves=15
num_cat=0
split_feature=36 43 14 53 29 51 13 36 11 42 31 13 39 36
split_gain=2.69427 8.39729 11.6538 10.6904 7.59962 7.57494 7.2187 6.21611 7.59099 6.66216 5.58131 6.62764 7.89943 6.23235
threshold=0.034971840058605215 1.1260121950000002 34.500000000000007 0.30829551000000005 0.19450003000000002 -0.0077128350000000281 270.50000000000006 0.020199689255708527 904.95386700000006 0.64097936500000008 0.0039210519999999969 22.500000000000004 0.039162983658498171 0.023712795236346191
decision_type=2 2 2 2 2 2 2 2 2 2 2 2 2 2
left_child=1 2 5 7 -4 -1 -5 8 -3 -10 11 12 13 -7
right_child=-2 3 4 6 -6 10 -8 -9 9 -11 -12 -13 -14 -15
leaf_value=-0.01261938812184627 -0.00035896881511878517 -0.009272273172083411 -0.020912422176201338 -0.030890296193651579 0.015379054310937326 -0.01046493915157202 0.025024529336791741 -0.011495918569755893 -0.009476762595813747 0.056597430742442112 -5.5964423636182815e-06 0.042944997500542696 -0.017505411904237815 0.053935305097610069
leaf_weight=5.5229374901246038 1673.5986968124303 4.3923771612321634 17.910482420640623 21.30258380742487 10.914046614023389 1.6964377614641519 0.49988173578412798 7.9090098348547135 1.5398170101707362 5.3161732211945036 9.2475501903099921 28.090659263183625 7.122076979962003 1.3218314929254118
leaf_count=489 77059 118625 2033 227679 226 483 212 28111 1055 32072 499 2372 708 293
internal_value=6.74485e-05 0.00566624 0.0128133 -0.00845215 -0.00692902 0.0232217 -0.0251791 0.0118557 0.0267599 0.0440193 0.0281961 0.0342293 0.00387641 0.0337844
internal_weight=1796.38 122.786 81.826 40.9598 28.8245 53.0015 21.8025 19.1574 11.2484 6.85599 47.4786 38.231 10.1403 3.01827
internal_count=491916 414857 7103 407754 2259 4844 227891 179863 151752 33127 4355 3856 1484 776
is_linear=0
shrinkage=0.04


Tree=388
num_leaves=15
num_cat=0
split_feature=52 25 21 42 0 3 19 0 2 35 7 10 42 16
split_gain=2.65364 4.806 2.95461 7.9523 7.91299 7.70552 10.6932 8.4538 8.37629 9.93178 7.25347 20.0926 29.2682 17.0094
threshold=0.023925490000000004 1061.5000000000002 0.9447718300000002 0.33857703000000006 1019.0160000000001 1.4067815000000004 0.032528370000000008 574.49750000000006 2.6613735000000003 1.1708852650000001 1190.5000000000002 2054.5000000000005 0.5121803800000001 2578.5000000000005
decision_type=2 2 2 2 2 2 2 2 2 2 2 2 2 2
left_child=2 -2 4 -4 10 6 8 -7 9 -5 11 -1 -13 -14
right_child=1 -3 3 5 -6 7 -8 -9 -10 -11 -12 12 13 -15
leaf_value=0.0028914188731603524 -0.0092394518758062722 0.037427505124643455 4.3582883790090161e-05 -0.015704848162103231 -0.015408147999201156 0.042089617687686057 -0.023023078061073555 -0.011156098120784963 -0.015063333120686017 0.042285549520538208 -0.0029563430006112512 0.0074987618507959489 0.10102771390356299 -0.0011078017356666123
leaf_weight=125.17270158018277 3.4977199626273423 3.0056977935673785 1409.9492905147526 3.9944028699756045 26.295953888291251 4.0160314767817891 66.36951278068409 6.7569318029854912 11.451913507265997 8.7679181339917687 91.351948792903158 25.376690078381216 7.0760183993797892 3.1907365601350648
leaf_count=157451 7754 49 20733 704 242007 333 6244 2024 1611 507 46197 881 3861 1560
internal_value=7.16805e-05 0.019222 -5.12616e-05 -0.000751861 0.00369729 -0.0112989 -0.0151703 0.0157434 0.00661005 0.0248238 0.00595043 0.0109465 0.0353987 0.0793187
internal_weight=1796.27 6.50342 1789.77 1511.31 278.464 101.357 90.5837 10.773 24.2142 12.7623 252.168 160.816 35.6434 10.2668
internal_count=491916 7803 484113 32156 451957 11423 9066 2357 2822 1211 209950 163753 6302 5421
is_linear=0
shrinkage=0.04


Tree=389
num_leaves=15
num_cat=0
split_feature=13 45 51 29 2 9 7 8 0 11 5 6 36 52
split_gain=2.67918 2.90168 9.9802 9.33547 5.98702 8.02849 11.2922 10.1075 9.21295 9.49955 7.61294 6.99955 5.32938 6.4824
threshold=266.50000000000006 0.15695614000000005 0.17474366500000002 1.0000000180025095e-35 1.6755875000000002 0.75990639500000012 519.50000000000011 0.68340949500000014 780.63650000000018 3986.6404375000006 1624.4472475000002 1.1636571500000004 0.24615346506907174 -0.026599994999999994
decision_type=2 2 2 2 2 2 2 2 2 2 2 2 2 2
left_child=1 12 3 -3 -4 6 -6 11 9 -9 -8 -7 13 -1
right_child=-2 2 4 -5 5 7 10 8 -10 -11 -12 -13 -14 -15
leaf_value=-0.022244424540188858 0.019943673343212908 0.026488673642461963 0.024273987019506015 -0.026603381795542762 0.014539712791565363 -0.01367453514984812 -0.035688880249756368 -0.014117102919649665 -0.024427803283418641 0.02505000468600883 0.010937161135650169 0.039845273621318802 0.010544537129878606 0.00024167862873712622
leaf_weight=15.787486285752037 5.8028586444315797 2.0092245083825437 10.509936863804795 37.593559659634025 10.926623196704893 2.3272805890571808 23.540027816857449 12.963873227125079 15.6371088022247 18.310257390253355 4.5092448567156671 12.786611487506887 74.757592626738187 1548.2221219346593
leaf_count=9408 364 5522 463 7793 1765 1212 5208 437 2173 228 36 85 862 456360
internal_value=8.34028e-05 -3.63626e-05 -0.00524777 -0.0212423 0.00110049 -0.00234214 -0.015531 0.00648593 -0.00334793 0.00910633 -0.0276725 0.0302535 0.000458691 -5.5465e-05
internal_weight=1795.68 1789.88 151.114 39.6028 111.511 101.001 38.9759 62.0251 46.9112 31.2741 28.0493 15.1139 1638.77 1564.01
internal_count=491916 491552 24922 13315 11607 11144 7009 4135 2838 665 5244 1297 466630 465768
is_linear=0
shrinkage=0.04


Tree=390
num_leaves=15
num_cat=0
split_feature=9 1 26 16 8 31 8 8 2 15 26 29 27 45
split_gain=2.64061 5.15093 7.25306 6.00116 3.63759 3.7826 3.39284 7.37944 4.53918 4.82904 4.4221 3.64776 4.74397 10.357
threshold=4.2925328600000006 1.0384250000000004 1236.5000000000002 2343.5000000000005 1.8981654300000004 0.030617063000000003 1.8981654300000004 1.6688945700000002 2.9091900000000002 134.50000000000003 405.50000000000006 -0.22156344999999997 -0.038146445000000008 0.023829519999999996
decision_type=2 2 2 2 2 2 2 2 2 2 2 2 2 2
left_child=6 3 4 -2 -3 -6 7 11 9 10 -9 -1 13 -13
right_child=1 2 -4 -5 5 -7 -8 8 -10 -11 -12 12 -14 -15
leaf_value=-0.017773245009189555 -0.016862506596337496 -0.038739283106435742 0.012227618232278713 0.034053314681988051 0.0094754098585759991 -0.022268583669148061 -0.016121973882991983 -0.007588344024165407 -0.012176435702257285 -0.0095635643648254304 0.041022116009470269 0.014658519223453044 -0.00020378787680678281 -0.011221370471871557
leaf_weight=12.894783709501324 2.3875967115163794 10.812252963645053 8.1123610238173551 3.9100880844189305 7.6589250893007357 7.3174795871273091 14.838262729863571 1.8974270718729318 2.5848053692013755 2.5661143675815756 14.04873541290385 88.044412954560357 1587.8205261270505 29.553486316397539
leaf_count=8441 9 574 328 242 2642 80 10413 2305 984 285 1608 26141 430021 7843
internal_value=8.3537e-05 -0.00946315 -0.0155926 0.0158302 -0.0249085 -0.00772633 0.000328574 0.000514715 0.0216256 0.027931 0.0348073 0.000193528 0.000380935 0.00796226
internal_weight=1794.45 40.1987 33.901 6.29768 25.7887 14.9764 1754.25 1739.41 21.0971 18.5123 15.9462 1718.31 1705.42 117.598
internal_count=491916 3875 3624 251 3296 2722 488041 477628 5182 4198 3913 472446 464005 33984
is_linear=0
shrinkage=0.04


Tree=391
num_leaves=15
num_cat=0
split_feature=49 7 45 7 43 14 14 13 53 2 13 25 45 5
split_gain=2.6689 7.62967 6.59445 11.573 11.3789 13.2172 10.6247 8.97551 12.8578 11.1968 10.6673 8.5516 10.0307 8.74428
threshold=3.5000000000000004 183.50000000000003 -0.029188555000000001 1485.5000000000002 0.4016431299999999 53.500000000000007 39.500000000000007 75.500000000000014 0.32796950000000008 1.7768985000000004 159.50000000000003 703.50000000000011 0.20389316499999996 873.2068005000001
decision_type=2 2 2 2 2 2 2 2 2 2 2 2 2 2
left_child=1 -1 3 -2 -5 6 -6 8 -4 -10 -9 12 -11 -13
right_child=2 -3 7 4 5 -7 -8 10 9 11 -12 13 -14 -15
leaf_value=0.027285668744167234 -0.020610795086094612 -0.0018085101622683734 -0.0085863704554830743 0.01555103560542383 -0.0051557056372485569 -0.019919721451357272 0.02284189970260744 -0.010533433520251392 -0.0080277710899838341 0.02189455181580105 0.025344518213243409 -0.024345604545794954 -0.023325569473264498 0.0084116310884727128
leaf_weight=9.6559572204005217 46.798581371858518 942.30963834519162 74.713623380226522 53.488142994232476 61.256926912007657 54.421779987716718 27.483575865000375 99.31046428559398 50.469080298652443 125.33814146740463 10.377092256783952 9.0494126408448192 4.3801303488780823 225.18837764482669
leaf_count=32660 1618 437114 5511 441 861 453 281 1532 892 6987 152 411 639 2364
internal_value=7.54153e-05 -0.00137238 0.0017102 -0.00378886 0.000626189 -0.00528664 0.00427121 0.00395867 0.00627227 0.00902145 -0.00618221 0.0114624 0.0195586 0.00666374
internal_weight=1794.24 951.966 842.275 243.449 196.65 143.162 88.7405 598.826 489.139 414.425 109.688 363.956 129.718 234.238
internal_count=491916 469774 22142 3654 2036 1595 1142 18488 16804 11293 1684 10401 7626 2775
is_linear=0
shrinkage=0.04


Tree=392
num_leaves=15
num_cat=0
split_feature=24 3 25 13 24 26 17 7 3 8 26 32 17 9
split_gain=2.67406 6.65965 7.14066 5.79103 5.55243 8.34513 8.07907 9.97653 10.323 7.52266 7.13968 8.39257 8.8571 9.52624
threshold=1773.5000000000002 1.1723585000000003 2177.5000000000005 28.500000000000004 1523.5000000000002 1186.5000000000002 4808.5000000000009 1378.5000000000002 1.3384130000000003 0.92324848000000015 1038.5000000000002 0.014605703666666671 2447.5000000000005 0.54985701500000006
decision_type=2 2 2 2 2 2 2 2 2 2 2 2 2 2
left_child=4 3 -3 -2 5 10 7 8 -7 -9 -1 12 13 -12
right_child=1 2 -4 -5 -6 6 -8 9 -10 -11 11 -13 -14 -15
leaf_value=0.00028094687370835628 -0.015470703894724791 0.027950369342643416 -0.016061852158254158 0.0036904581904048704 -0.0078435085646031185 -0.0090053176348299409 -0.017621653892263146 0.044673739173906574 0.031468088624162241 0.0060710919608072912 -0.019253287606501034 0.0052612675901063475 -0.026382094778888306 0.030646273043377893
leaf_weight=1218.7592892509635 23.881658596795205 24.715614525659479 3.8847618628205955 196.42415213837012 145.81942436700047 31.8425541372917 8.7366354773162112 19.398904391357746 8.9100792359768075 14.759844820093347 7.5667325115032309 32.454434462182689 48.772230986114664 7.2105447756730427
leaf_count=473903 780 405 229 3753 2586 2479 504 1046 427 1044 1279 198 2782 501
internal_value=7.21688e-05 0.00387696 0.0204717 0.00131611 -0.000551638 0.000233957 0.0121135 0.016467 0.0023156 0.0308987 -0.000564873 -0.0107848 -0.0187655 0.00668731
internal_weight=1793.14 248.906 28.6004 220.306 1544.23 1398.41 83.648 74.9114 40.7526 34.1587 1314.76 96.0039 63.5495 14.7773
internal_count=491916 5167 634 4533 486749 484163 5500 4996 2906 2090 478663 4760 4562 1780
is_linear=0
shrinkage=0.04


Tree=393
num_leaves=15
num_cat=0
split_feature=48 39 29 15 26 12 27 43 43 43 45 45 0 7
split_gain=2.6366 11.667 7.5295 7.89728 10.5003 7.36812 7.40312 7.24166 19.4359 17.1494 10.6076 7.01437 7.71167 10.5681
threshold=0.093803340000000054 0.21156294496593567 0.43817111000000014 19.500000000000004 667.50000000000011 1.0000000180025095e-35 0.061986655000000009 0.91040435499999994 0.70774199500000001 1.1260121950000002 0.033484799999999988 0.019719265000000017 853.65100000000018 3470.5000000000005
decision_type=2 2 2 2 2 2 2 2 2 2 2 2 2 2
left_child=2 11 -1 -4 5 -5 -7 8 -3 -9 -11 12 13 -2
right_child=1 7 3 4 -6 6 -8 9 -10 10 -12 -13 -14 -15
leaf_value=-0.00087266581480691162 -0.024694753244939034 0.0035673587118279938 0.018372511150925454 -0.01470013148280656 0.0093452410836699171 -0.013380941761023207 0.018962496422926595 0.024191446996294434 -0.017833778114534661 -0.016925578830683564 0.011712624844267201 0.00044983219286543272 0.00436845388925086 0.0092577835520538925
leaf_weight=767.59875439041753 90.48786250142075 283.25422248709947 64.270748294262376 63.442937220438125 160.66570809810219 14.26151034356735 23.612892687569911 60.101522670709528 83.858830768149346 39.51075576923904 33.962721830102964 68.529209215575975 24.255962764187643 14.638200253044486
leaf_count=479799 712 1836 1931 2639 1149 635 238 396 431 462 426 910 252 100
internal_value=7.31573e-05 -0.00183892 0.00129713 0.00633828 0.0030972 -0.00678427 0.00664347 0.00142677 -0.0014952 0.00922162 -0.0037849 -0.00993224 -0.0152434 -0.0197614
internal_weight=1792.45 698.599 1093.85 326.254 261.983 101.317 37.8744 500.688 367.113 133.575 73.4735 197.911 129.382 105.126
internal_count=491916 5525 486391 6592 4661 3512 873 3551 2267 1284 888 1974 1064 812
is_linear=0
shrinkage=0.04


Tree=394
num_leaves=15
num_cat=0
split_feature=3 39 9 7 24 45 2 53 28 22 0 49 53 15
split_gain=2.73712 4.93082 12.1228 7.18772 8.38517 6.52514 6.4837 4.86391 5.63905 5.02174 4.78069 5.13155 4.72621 4.46775
threshold=1.5370215 0.29616828215433172 3.0561676400000004 2617.5000000000005 1048.5000000000002 0.011302130000000002 2.7622430000000002 0.14676505250000002 0.56783068000000003 0.55486891500000002 910.58600000000013 2.5000000000000004 0.78604477500000014 21.500000000000004
decision_type=2 2 2 2 2 2 2 2 2 2 2 2 2 2
left_child=-1 3 10 4 7 6 -6 -2 9 12 11 -3 -9 -7
right_child=1 2 -4 -5 5 13 -8 8 -10 -11 -12 -13 -14 -15
leaf_value=0.00059339784471400486 0.014999928647539768 -0.0053070982171987613 -0.027214877711570457 0.018781097608915547 0.029553517174573038 0.011689816029464463 -0.0070441316154317432 -0.016619388504330253 0.014887245057873782 -0.026904276448302449 -0.0052768030581507091 0.028305838955507215 0.029028412165702244 -0.028457883353396045
leaf_weight=1615.0686706812999 2.8952902722403442 7.6732061263719507 10.046124351498291 9.0381250254434899 13.211710896841398 3.3359757371945298 10.728421442709076 2.7249490476059455 3.2059450985543654 64.418202735537079 13.279966398769828 25.821072339342209 2.2369530568641949 8.1969256153206498
leaf_count=452301 4109 178 186 1786 135 31 212 18779 48 7637 315 217 5650 332
internal_value=7.13307e-05 -0.00458258 0.00484015 -0.00905968 -0.0120396 0.00368928 0.0147694 -0.0192015 -0.0214444 -0.0240112 0.0136882 0.0209163 0.00820058 -0.0168216
internal_weight=1791.88 176.813 56.8204 119.992 110.954 35.473 23.9401 75.4813 72.586 69.3801 46.7742 33.4943 4.9619 11.5329
internal_count=491916 39615 896 38719 36933 710 347 36223 32114 32066 710 395 24429 363
is_linear=0
shrinkage=0.04


Tree=395
num_leaves=15
num_cat=0
split_feature=2 2 51 2 8 53 4 10 2 14 2 2 53 0
split_gain=2.67198 5.64827 5.89283 5.41164 8.04945 5.19942 8.97384 8.17772 3.50494 10.8204 7.79097 7.21601 8.11782 7.08557
threshold=3.1742715000000001 3.1954650000000004 0.0075258349999999816 3.1361645000000005 1.1508646300000003 1.9042582075000001 1261.5000000000002 3536.5000000000005 2.9992215000000004 28.500000000000004 3.0322910000000003 2.9750300000000007 1.6428400050000003 728.50350000000014
decision_type=2 2 2 2 2 2 2 2 2 2 2 2 2 2
left_child=3 2 -2 8 5 7 -7 -5 11 -10 13 -1 -13 -11
right_child=1 -3 -4 4 -6 6 -8 -9 9 10 -12 12 -14 -15
leaf_value=8.2397763817708102e-05 -0.026299222406420769 0.017044377502551413 0.015288842725954065 0.022841501529769239 -0.015838104423509452 -0.010076892740479888 0.056742405769412682 -0.024742655093716374 -0.021576305528537228 0.0027587870515746399 0.011784024439039973 0.028949614008370071 -0.014322590691887571 -0.032754236122846218
leaf_weight=1580.5729343149274 20.643422738567558 5.0100827344538166 3.3934309602921067 10.435117562175725 6.5372138500301835 2.5516161039106446 7.4144939804100432 4.4025229508733892 42.409182054164148 19.875337112128367 49.472261154998705 22.012873010035268 5.9144789978797681 10.423015768465346
leaf_count=415570 5732 1678 1485 11239 1234 307 78 203 39590 516 5036 6533 938 1777
internal_value=7.17353e-05 -0.0110277 -0.0188063 0.000285397 0.0155615 0.0251059 0.0419836 0.00604497 -3.52712e-05 -0.00642835 0.00242253 0.000468755 0.0190021 -0.0123672
internal_weight=1791.07 29.0469 24.0369 1762.02 31.341 24.8038 9.96611 14.8376 1730.68 122.18 79.7706 1608.5 27.9274 30.2984
internal_count=491916 8895 7217 483021 13061 11827 385 11442 469960 46919 7329 423041 7471 2293
is_linear=0
shrinkage=0.04


Tree=396
num_leaves=15
num_cat=0
split_feature=0 0 0 10 1 12 4 7 9 0 44 7 10 3
split_gain=2.61175 3.90354 5.82009 5.51103 4.51975 4.454 3.82878 4.83378 7.07719 4.20533 3.86878 8.20186 17.5625 9.4033
threshold=1589.9925000000003 1450.4200000000003 1304.2985000000001 2778.5000000000005 1.1118755000000002 1.0000000180025095e-35 2746.5000000000005 2749.5000000000005 0.90465971500000009 1010.985 0.60780171916375803 1053.5000000000002 2054.5000000000005 0.85765550000000002
decision_type=2 2 2 2 2 2 2 2 2 2 2 2 2 2
left_child=1 2 6 -3 -4 -5 10 8 -8 -9 -1 12 -12 -13
right_child=-2 3 4 5 -6 -7 7 9 -10 -11 11 13 -14 -15
leaf_value=-0.00055797359119518376 -0.015819662806645915 -0.015355714664694421 0.010544087753878217 0.037446433282178164 -0.029725087373032283 -0.010880524155360814 0.016587004316890967 0.0051969583842215285 -0.019894077112151479 0.037260559400523821 0.0044838964332374288 0.012920358383585085 0.052379445555213747 -0.025819904756709835
leaf_weight=1595.8388519138289 11.401323074192531 2.6032004525984567 3.1410410666449016 9.0559103091316011 12.55098091261584 1.4950123030312177 11.872550184605645 15.531517864263153 12.224228235718327 9.4234949978999776 63.679059503612962 14.068191968280191 10.521299806844125 17.226181268395976
leaf_count=32762 87600 22618 2584 1355 41767 2816 76 171 147 90 212598 26505 6744 54083
internal_value=6.96907e-05 0.000215556 2.57924e-05 0.0186691 -0.0210644 0.0293021 0.000274324 0.0107551 -0.00215814 0.0215032 -5.84815e-05 0.00718077 0.0141533 -0.00902371
internal_weight=1790.63 1779.23 1766.08 13.1541 15.692 10.5509 1750.39 49.0518 24.0968 24.955 1701.33 105.495 74.2004 31.2944
internal_count=491916 404316 377527 26789 44351 4171 333176 484 223 261 332692 299930 219342 80588
is_linear=0
shrinkage=0.04


Tree=397
num_leaves=15
num_cat=0
split_feature=2 2 2 8 2 48 8 0 15 2 45 13 18 9
split_gain=2.60871 17.1648 8.2547 15.6761 12.129 7.6466 6.86952 7.35085 12.6511 23.36 12.5118 12.484 10.7815 8.44555
threshold=2.6851510000000007 2.7019100000000003 2.6306915000000006 1.1854459650000002 2.6139950000000005 -0.035376069999999933 1.5594971550000001 720.25400000000013 24.500000000000004 2.7513640000000001 0.062529305000000049 47.500000000000007 0.9494174700000001 3.8373327750000006
decision_type=2 2 2 2 2 2 2 2 2 2 2 2 2 2
left_child=2 -2 4 -4 5 -1 7 11 -9 10 -10 -3 -13 -14
right_child=1 6 3 -5 -6 -7 -8 8 9 -11 -12 12 13 -15
leaf_value=-0.024126487995093395 -0.028709012273006405 -0.0023659568409494973 0.023100306116255173 -0.021744537863990311 -0.028214909489041977 0.0012683262242395524 -0.017951834893384724 -0.025592626125794955 0.041089514796191537 -0.0059884277254581668 -0.022224297494393169 -0.0043520693310945581 0.025635914508458243 -0.016752051845065691
leaf_weight=14.294812576388265 31.550473106360982 145.98561160602731 54.668538556792328 11.535595176479317 18.428439842412899 1146.9931442447269 28.155258531086929 32.627387530325564 23.091565825519869 166.30504800002836 2.7608472203323791 31.646673894116248 77.372077753403573 4.8898639800722767
leaf_count=7869 5725 27856 15975 1613 5845 289808 7757 87136 2956 35242 727 1265 2102 40
internal_value=7.3015e-05 -0.00222481 0.00108189 0.0143082 0.000282393 0.000853637 -0.00033398 0.000862303 -0.00438254 -0.000223468 0.0318221 0.00539571 0.0150243 0.0223008
internal_weight=1790.31 544.385 1245.92 66.2041 1179.72 1161.29 512.834 484.679 224.785 192.157 25.8524 259.894 113.909 82.2619
internal_count=491916 170806 321110 17588 303522 297677 165081 157324 126061 38925 3683 31263 3407 2142
is_linear=0
shrinkage=0.04


Tree=398
num_leaves=15
num_cat=0
split_feature=44 51 45 48 48 13 14 10 8 22 1 28 36 11
split_gain=2.73579 5.73028 6.74206 5.24242 8.50092 13.0835 9.19304 7.94971 6.36286 5.98249 5.20205 4.75206 4.35473 4.30024
threshold=0.10170858139604214 -0.0092398399999999974 -0.054144424999999934 0.034370302500000019 0.080180492500000047 47.500000000000007 29.500000000000004 2549.5000000000005 0.89841849000000018 1.9484083250000002 2.0335835000000002 -0.023282244999999983 0.16884731649510068 5815.8900675000014
decision_type=2 2 2 2 2 2 2 2 2 2 2 2 2 2
left_child=1 -1 -3 8 7 6 12 -5 11 -8 -10 -4 -6 -2
right_child=13 2 3 4 5 -7 9 -9 10 -11 -12 -13 -14 -15
leaf_value=0.02553063493968951 -0.00031925827550864107 0.011261252200686377 -0.0063742232486941053 0.0022993145382248972 -0.028818970131873831 0.016696172937089953 0.024218473330254463 -0.023721113978779212 -0.016011707038548852 -0.0086988062550048036 0.020184957456653926 0.021631321255733884 -0.0016682075691910262 -0.012311558608813274
leaf_weight=12.436230155290103 1379.4227191047376 87.90500699786935 10.073517966055077 27.793216950725764 25.799507644958794 50.261416531167924 12.503995114937426 48.130462708882987 20.633366704510994 13.968516724184154 3.8095436802832401 37.381561175340266 14.567754931747912 44.574464631675255
leaf_count=114 483167 628 473 173 148 384 105 264 689 88 90 320 118 5155
internal_value=5.77043e-05 0.00312173 0.00198617 -0.00124302 -0.00466403 0.00214017 -0.00920572 -0.0146423 0.00764745 0.00822675 -0.0079005 0.0156455 -0.0202845 -0.00073641
internal_weight=1789.26 365.264 352.828 264.923 193.025 117.101 66.8398 75.9237 71.898 26.4725 24.4429 47.4551 40.3673 1424
internal_count=491916 3594 3480 2852 1280 843 459 437 1572 193 779 793 266 488322
is_linear=0
shrinkage=0.04


Tree=399
num_leaves=15
num_cat=0
split_feature=13 44 14 29 7 39 17 2 42 48 2 2 52 15
split_gain=2.56151 2.76368 5.59553 6.1037 10.3307 8.1434 8.97136 10.8098 10.6263 6.28096 6.23415 13.428 7.79459 6.97411
threshold=266.50000000000006 0.10170858139604214 77.500000000000014 0.25783820000000007 2682.5000000000005 0.11562165704051912 2032.5000000000002 2.6536640000000005 -0.85175970499999998 0.049932272499999993 2.9992215000000004 2.8431610000000003 0.0015380849999999965 50.500000000000007
decision_type=2 2 2 2 2 2 2 2 2 2 2 2 2 2
left_child=1 2 3 4 10 -5 -7 9 -9 -8 11 12 -1 -14
right_child=-2 -3 -4 5 -6 6 7 8 -10 -11 -12 -13 13 -15
leaf_value=-0.0011833519858460671 0.019435074601512475 -0.00085995732708951395 0.020874667702332986 -0.020758314742407143 -0.025998655816290669 -0.016454479793808305 -0.0075605663439025266 0.0046979605978385089 -0.021935751736014929 0.016855646384873912 -0.012828453408556203 0.056813308991088739 0.038543508415140572 -0.0055769556529251486
leaf_weight=37.970997373922273 5.8496312027082231 1417.9187580993121 21.143307166174054 25.713179796002805 6.3787074274150646 34.204251321498305 17.413858689600602 60.519927246496081 33.279836842790246 90.883537547197193 7.64119253764511 7.8737035631202152 15.244285860448146 6.4074984169565132
leaf_count=737 364 487958 225 123 179 201 100 404 158 704 228 123 290 122
internal_value=5.81867e-05 -5.95823e-05 0.00302196 0.00163947 0.0108559 -0.00137749 0.00111788 0.0044174 -0.00538348 0.0127692 0.0154116 0.0192729 0.0103031 0.02689
internal_weight=1788.44 1782.59 364.674 343.531 81.5164 262.015 236.301 202.097 93.7998 108.297 75.1377 67.4965 59.6228 21.6518
internal_count=491916 491552 3594 3369 1679 1690 1567 1366 562 804 1500 1272 1149 412
is_linear=0
shrinkage=0.04


Tree=400
num_leaves=15
num_cat=0
split_feature=22 8 8 28 1 23 0 53 45 11 0 0 2 5
split_gain=2.57098 7.16512 10.1898 16.366 10.4111 11.22 10.3702 12.8944 16.8528 10.1127 19.5541 9.55758 9.34523 9.28907
threshold=0.78727159000000013 0.81330684500000017 0.44799536000000006 0.18241813999999992 1.7760945000000004 0.66154624500000014 934.79300000000012 1.2510121450000002 0.13883959500000004 3986.6404375000006 780.63650000000018 510.99400000000009 2.3532855000000006 655.14985550000017
decision_type=2 2 2 2 2 2 2 2 2 2 2 2 2 2
left_child=1 2 4 -4 12 -6 7 8 -5 11 -11 -3 -1 -10
right_child=-2 9 3 6 5 -7 -8 -9 13 10 -12 -13 -14 -15
leaf_value=0.0010559568630218324 -0.00068570174792517778 0.023433297762459851 -0.017138574198849368 0.061209164541814499 -0.0075385233542204022 0.048373276536340166 0.001851926684645579 -0.0093640465717868045 -0.022291938034443081 0.022423218381499438 -0.026988090330730671 -0.027680426462678504 -0.024840170474741279 0.024380400180861312
leaf_weight=127.9685316270909 1440.5924709411574 2.9883192277839035 15.760624223115427 23.199914688257195 7.8635063730878327 8.7125346524599063 25.994960692645009 8.1702176575126924 5.1240469322192466 31.501676102469446 14.881030000010808 33.707178517036482 21.910025323890864 19.014458502744674
leaf_count=145781 42838 496 59098 304 103506 2754 1654 146 812 2906 15491 34494 81410 226
internal_value=6.07653e-05 0.00312726 0.00633549 0.0162731 0.000223428 0.0262489 0.0233512 0.0324344 0.0398539 -0.00683829 0.00548694 -0.0212071 -0.00340938 0.0123478
internal_weight=1787.39 346.797 263.719 97.2642 166.455 16.576 81.5036 55.5086 47.3384 83.0782 46.3827 36.6955 149.879 24.1385
internal_count=491916 449078 395691 62240 333451 106260 3142 1488 1342 53387 18397 34990 227191 1038
is_linear=0
shrinkage=0.04


Tree=401
num_leaves=15
num_cat=0
split_feature=48 39 53 12 10 4 15 0 0 3 7 29 4 0
split_gain=2.61302 10.8192 7.53286 14.8854 11.9878 19.515 10.9901 22.9119 23.1034 13.2758 11.1749 10.635 10.5293 11.8933
threshold=0.093803340000000054 0.21156294496593567 1.5843850975000002 1.0000000180025095e-35 2610.5000000000005 1382.5000000000002 44.500000000000007 717.78350000000012 1015.1350000000001 0.85765550000000002 1096.5000000000002 0.48730375000000009 1007.5000000000001 623.0205000000002
decision_type=2 2 2 2 2 2 2 2 2 2 2 2 2 2
left_child=2 -2 4 -4 6 -6 12 9 10 -8 -9 -11 13 -1
right_child=1 -3 3 -5 5 -7 7 8 -10 11 -12 -13 -14 -15
leaf_value=0.0028835665826246614 -0.0096465578264122095 0.00131051659201115 -0.016360725709168682 0.0094230885600745974 -0.020074564621057937 0.00097101178807400669 0.026743487284015714 0.071392130858923916 -0.021062257671019106 -0.021684882601046382 0.0012200911353753739 0.017244658424269827 0.011140656048700326 -0.013327469650787101
leaf_weight=174.5948444307113 197.36942130655552 498.21093911239223 36.198052097802929 288.24139657528008 110.28567075402998 180.33862194417634 17.273798516502211 16.404059045883976 4.5924173847663488 32.070853221403922 4.5849348984870621 11.796788305458902 97.358748104521055 117.06418681223056
leaf_count=41350 1974 3551 18219 39082 23322 4361 1404 3164 10329 2490 2564 126 4168 335812
internal_value=6.29509e-05 -0.00184519 0.00128259 0.00634171 -0.000886401 -0.00721978 0.00301744 0.0154726 0.0437435 0.00123156 0.0592472 -0.0105228 7.97186e-05 -0.00373807
internal_weight=1786.38 695.58 1090.8 324.439 766.365 290.624 475.741 86.7229 25.5814 61.1414 20.989 43.8676 389.018 291.659
internal_count=491916 5525 486391 57301 429090 27683 401407 20077 16057 4020 5728 2616 381330 377162
is_linear=0
shrinkage=0.04


Tree=402
num_leaves=15
num_cat=0
split_feature=2 2 3 17 36 0 26 21 14 7 13 14 8 19
split_gain=2.66268 12.312 12.9643 10.9056 10.2896 13.0369 12.0772 13.6831 12.6617 10.615 15.7919 10.2825 14.1932 9.52182
threshold=2.2615805000000004 2.2269590000000004 1.2490895000000004 1325.5000000000002 0.089381203617175109 623.0205000000002 486.50000000000006 0.34081287500000007 64.500000000000014 659.50000000000011 36.500000000000007 6.5000000000000009 0.33245659000000005 0.041835020000000007
decision_type=2 2 2 2 2 2 2 2 2 2 2 2 2 2
left_child=1 4 13 -2 5 6 7 -1 -9 -8 -11 12 -7 -3
right_child=3 2 -4 -5 -6 11 9 8 -10 10 -12 -13 -14 -15
leaf_value=0.044768662586595655 -0.032341453236199622 0.051110312902333623 -0.0047741830677522339 -0.00073539573693618505 0.0051208657917936485 -0.019493406032024249 0.035949879054690832 -0.01767901711295124 0.03502745758803931 -0.021641987066442745 0.021544078613803315 -0.012176171672717846 0.045594960441645731 0.0023977082026434837
leaf_weight=2.5975701604806991 12.787833000607973 16.992687587333879 18.077044732521927 991.30035273759142 374.24336510150079 5.6580522809446148 23.215157879923936 57.602188472577836 3.573930148882936 17.995691881806124 28.238328954212193 215.98628704168061 7.3444478261565109 9.7911277180933194
leaf_count=8651 165894 4644 4266 142841 6715 38098 347 6890 183 535 804 102855 6364 2829
internal_value=6.37922e-05 0.00180865 0.0210454 -0.00129618 0.000502835 -0.00427335 0.0055451 -0.00678005 -0.012186 0.0165583 0.00426312 -0.00998203 0.0197241 0.0364814
internal_weight=1785.4 781.316 44.8609 1004.09 736.455 362.212 133.223 63.7737 61.1761 69.4492 46.234 228.989 13.0025 26.7838
internal_count=491916 183181 11739 308735 171442 164727 17410 15724 7073 1686 1339 147317 44462 7473
is_linear=0
shrinkage=0.04


Tree=403
num_leaves=15
num_cat=0
split_feature=36 43 53 13 39 15 13 11 11 19 48 15 18 44
split_gain=2.7308 7.52418 10.0015 7.00218 5.895 6.9887 9.26637 6.54334 5.74896 6.16496 5.74009 7.83494 7.03959 5.13023
threshold=0.034971840058605215 1.1260121950000002 0.30829551000000005 270.50000000000006 0.01930288653186896 10.500000000000002 16.500000000000004 904.95386700000006 5015.1331560000008 0.032922445000000009 -0.0020195000000000035 49.500000000000007 0.95826161000000021 0.60780171916375803
decision_type=2 2 2 2 2 2 2 2 2 2 2 2 2 2
left_child=1 8 4 -4 7 6 -6 -3 9 -1 12 -12 -11 -2
right_child=13 2 3 -5 5 -7 -8 -9 -10 10 11 -13 -14 -15
leaf_value=0.031462683898898398 -0.00083564345080316548 -0.0074417722328439682 -0.030486654685498209 0.024488229823880239 -0.015682089604497792 -0.022311974931080881 0.05060403333171018 0.053109782193739775 -0.017528536221032603 0.042962158223513729 -0.016955624668203662 0.014234360884931269 -0.0060411215539683304 0.0098483634149774488
leaf_weight=21.648269335141322 1591.327031806064 2.7786732055157044 20.203750605102645 0.54267228283879276 3.1822415943221349 8.5549261661579958 1.8787662099689439 2.9144159218682262 5.273318729014135 7.4477491121433541 20.092713195190299 21.51090096392727 5.7758813684522465 70.30809009933364
leaf_count=1874 27210 104364 227679 212 20719 28208 4782 21790 687 1004 1809 872 857 49849
internal_value=7.53603e-05 0.00573385 -0.0078317 -0.0245723 0.0115096 -0.0044402 0.0218446 0.0338953 0.012449 0.0154649 0.00704674 -0.00103204 0.0257733 -0.000355386
internal_weight=1783.44 121.804 40.0554 20.7464 19.309 13.6159 5.06101 5.69309 81.7488 76.4755 54.8272 41.6036 13.2236 1661.64
internal_count=491916 414857 407754 227891 179863 53709 25501 126154 7103 6416 4542 2681 1861 77059
is_linear=0
shrinkage=0.04


Tree=404
num_leaves=15
num_cat=0
split_feature=36 43 14 8 44 11 29 51 14 9 28 28 16 42
split_gain=2.64606 6.82064 10.4931 9.33922 7.89042 11.413 7.21961 6.90758 6.12022 5.98108 5.19318 5.24145 5.06483 4.73079
threshold=0.034971840058605215 1.1260121950000002 34.500000000000007 0.21679173500000001 0.71029962373785238 904.95386700000006 0.19450003000000002 -0.0077128350000000281 135.50000000000003 0.16582821500000003 -0.028320789999999988 0.038960805000000008 4606.5000000000009 1.1063708000000003
decision_type=2 2 2 2 2 2 2 2 2 2 2 2 2 2
left_child=1 2 7 4 -3 -6 -4 -1 -5 -7 -11 13 -9 -12
right_child=-2 3 6 8 5 9 -8 12 -10 10 11 -13 -14 -15
leaf_value=-0.012540615643627595 -0.00034008295085552183 -0.019102650917305057 -0.020713254131255143 -0.027222608727048563 -0.010029505331254232 -0.0075682966473327408 0.014813274763636355 0.030154590556255353 0.022922559078096462 -0.0056009740658418666 0.089776890808942217 -0.004820213874923083 -0.0078516808731302623 -0.0038216351235722907
leaf_weight=5.4425559763039919 1661.9834462487484 4.4940753510873064 17.533072974307292 22.421695668389024 5.8272633475097546 1.1596322862928898 10.886603063030632 44.113739723358776 0.68104404540213082 0.81136958464946918 2.8514766467963004 0.68276250280553075 4.2877955570511395 0.52801151823530279
leaf_count=489 77059 2709 2033 226519 139458 7500 226 4175 754 5998 6503 3451 180 14862
internal_value=8.374e-05 0.00565572 0.0119835 -0.0074009 0.013451 0.027793 -0.00692408 0.0217035 -0.021929 0.0523142 0.0631798 0.0724283 0.0263678 0.0815987
internal_weight=1783.7 121.721 82.2638 39.4573 16.3546 11.8605 28.4197 53.8441 23.1027 6.03325 4.87362 4.06225 48.4015 3.37949
internal_count=491916 414857 7103 407754 180481 177772 2259 4844 227273 38314 30814 24816 4355 21365
is_linear=0
shrinkage=0.04


Tree=405
num_leaves=15
num_cat=0
split_feature=21 44 30 1 9 8 0 10 45 53 53 10 24 42
split_gain=2.64684 8.09975 10.6558 10.318 7.79245 11.8983 7.18706 7.08559 6.56569 10.1049 10.0348 13.7389 13.8553 12.2104
threshold=0.9447718300000002 0.42050185613730934 0.021262623999999997 1.3691550000000003 0.49538250500000008 0.30492765500000002 1019.0160000000001 3915.5000000000005 0.081413010000000022 0.16027413000000001 1.7035763575 2036.5000000000002 507.50000000000006 0.5121803800000001
decision_type=2 2 2 2 2 2 2 2 2 2 2 2 2 2
left_child=6 -2 4 -4 5 -3 8 -8 9 -1 11 12 -11 -13
right_child=1 2 3 -5 -6 -7 7 -9 -10 10 -12 13 -14 -15
leaf_value=-0.015857467137035626 0.00046926034196120836 -0.021580250049968944 0.030380936477023248 -0.0047503911531150975 -0.027728882394180424 0.021054762672806284 -0.025429279218236196 0.014532478382289542 -0.003588135247373391 0.016105975131950351 -0.0085986509257069531 0.013813688952138303 -0.018902484307245723 0.056654920233588708
leaf_weight=17.26142480262763 1338.3127463609344 18.134748106152983 11.100063542951828 74.266563440673053 50.024526097829948 14.188508222709059 19.23682339115658 6.2667733242361683 79.699450084410046 64.283296204035196 24.891924766918009 28.570657774871506 19.851836430803814 17.674739465990342
leaf_count=45497 16622 3264 117 1406 9565 1298 234422 11640 19125 113084 11830 1775 7214 15057
internal_value=8.37887e-05 -0.000581102 -0.00873364 0.0012459 -0.0185581 -0.00255187 0.00363568 -0.0148373 0.00575559 0.0100513 0.0133364 0.0176871 0.0072487 0.0341176
internal_weight=1783.76 1506.03 167.714 85.3666 82.3478 32.3233 277.737 25.5036 252.233 172.534 155.272 130.381 84.1351 46.2454
internal_count=491916 32272 15650 1523 14127 4562 459644 246062 213582 194457 148960 137130 120298 16832
is_linear=0
shrinkage=0.04


Tree=406
num_leaves=15
num_cat=0
split_feature=1 3 2 53 2 29 1 14 42 53 1 53 16 24
split_gain=2.49671 9.21449 3.83621 5.43237 5.42789 8.46164 6.20032 12.8474 10.4035 10.7639 8.50185 14.755 13.3835 9.37667
threshold=2.3414245000000005 1.0778530000000004 3.1742715000000001 0.21890337250000003 3.1361645000000005 0.6316416600000001 2.1077430000000006 65.500000000000014 -0.85175970499999998 0.7159196025000002 2.0186950000000006 0.48918730500000002 4990.5000000000009 2196.5000000000005
decision_type=2 2 2 2 2 2 2 2 2 2 2 2 2 2
left_child=2 -2 4 -4 6 -6 10 8 -8 -10 -1 -12 -13 -14
right_child=1 -3 3 -5 5 -7 7 -9 9 -11 11 12 13 -15
leaf_value=-0.00031463255459244458 -0.021696100341455752 0.029914690650134187 0.016058283825077322 -0.023537232029253171 0.031836807619295519 -0.0074872159934532148 0.0087619361142838789 0.019349924018727135 -0.0017190382863505077 -0.041092366044902677 -0.015848845735226987 0.03055259105158617 -0.03098297446598159 0.019970069620863899
leaf_weight=1563.2533237326506 4.132014627499756 11.136870470030997 3.4575171996606313 17.779849749372829 15.962440431352208 12.333229203137305 14.032974061905405 13.438283235385482 17.426634774052218 28.010654013423505 18.592036975048245 49.346974626730002 8.2731465735328111 5.7555595770390928
leaf_count=418439 3512 3549 2023 4547 11043 165 127 785 21494 7079 12167 6674 230 82
internal_value=8.22201e-05 0.0140412 -7.76213e-05 -0.0152592 0.000150029 0.0161462 -0.000159497 -0.0111861 -0.0190518 -0.0276589 0.000361563 0.0125343 0.021411 -0.010324
internal_weight=1782.93 15.2689 1767.66 21.2374 1746.43 28.2957 1718.13 72.9085 59.4703 45.4373 1645.22 81.9677 63.3757 14.0287
internal_count=491916 7061 484855 6570 478285 11208 467077 29485 28700 28573 437592 19153 6986 312
is_linear=0
shrinkage=0.04


Tree=407
num_leaves=15
num_cat=0
split_feature=22 33 45 52 8 8 28 1 23 14 11 0 53 45
split_gain=2.52519 6.76072 8.1862 6.63901 6.60856 9.59202 15.0647 10.0087 10.3869 9.47803 9.71253 9.43633 12.1278 15.0665
threshold=0.78727159000000013 0.010217197000000003 -0.036675900000000004 -0.0093458249999999968 0.81330684500000017 0.44799536000000006 0.18241813999999992 1.7760945000000004 0.66154624500000014 42.500000000000007 3818.4905830000002 934.79300000000012 1.2510121450000002 0.13883959500000004
decision_type=2 2 2 2 2 2 2 2 2 2 2 2 2 2
left_child=4 3 -3 -2 5 7 -7 -1 -9 10 -6 12 13 -8
right_child=1 2 -4 -5 9 6 11 8 -10 -11 -12 -13 -14 -15
leaf_value=-0.0033146170048277334 -0.012409828003080854 0.010027761105249449 -0.019520194509111907 0.00060591765916289102 -0.03421713954011734 -0.016624376366115544 0.058523177571970751 -0.0071475524319836274 0.046824169895306911 0.0072662533272851854 0.0018007550887883935 0.0019878970299532831 -0.0092482641128238605 0.012153731323599601
leaf_weight=149.12298882598407 60.850750923144005 16.653050767719833 53.693193406390492 1306.5413085485161 22.306079370943394 15.318254268465806 23.383157197089531 7.7481170573552189 8.8199983740882981 39.289211732920307 20.493199771926015 25.89957806119719 8.1603672838045878 24.012477626950385
leaf_count=227191 2153 248 689 39748 25440 59098 304 103506 2754 17855 10092 1654 146 1038
internal_value=8.0042e-05 -0.00065922 -0.0123241 -1.64023e-05 0.00313011 0.00620923 0.0158746 0.000264416 0.0257784 -0.00650617 -0.0185867 0.0225942 0.0312433 0.0384323
internal_weight=1782.29 1437.74 70.3462 1367.39 344.553 262.465 96.7738 165.691 16.5681 82.0885 42.7993 81.4556 55.556 47.3956
internal_count=491916 42838 937 41901 449078 395691 62240 333451 106260 53387 35532 3142 1488 1342
is_linear=0
shrinkage=0.04


Tree=408
num_leaves=15
num_cat=0
split_feature=38 9 14 51 11 0 8 11 0 17 7 17 3 4
split_gain=2.56146 7.61502 8.64482 7.65099 5.70968 5.42765 4.87162 9.67728 9.68857 8.1876 9.61894 11.1006 8.87327 7.92531
threshold=0.69956738000000007 0.31710597000000001 7.5000000000000009 0.0064587799999999982 943.13792950000004 992.69900000000007 0.25328506500000009 2169.4599125000004 868.86050000000012 3720.5000000000005 519.50000000000011 1434.5000000000002 0.87922350000000005 552.50000000000011
decision_type=2 2 2 2 2 2 2 2 2 2 2 2 2 2
left_child=1 2 -1 -3 -4 -6 9 8 -8 10 11 -2 -12 -9
right_child=6 3 4 -5 5 -7 7 13 -10 -11 12 -13 -14 -15
leaf_value=-0.0082084387864676672 -0.02063561879678754 -0.017298296015523719 -0.00028458826137625929 0.019962762661918248 0.053717168407141837 -0.0081096933483577639 0.011745058647906799 -0.015615169786305208 -0.017538019160139893 0.01840377375569778 -0.0045444280749240649 0.0049986165089201786 -0.037501111290081816 -2.2821140629504797e-05
leaf_weight=8.3827768222932963 32.863446037973745 21.439057456890968 5.3677512207378895 8.438283008326378 10.780329485242417 1.2620081709113709 172.73039454884656 49.338854519171036 15.686484792325244 15.020905468605632 26.076111648352708 89.971763555461621 24.815671006218508 1299.3733853662093
leaf_count=112291 5182 186293 47191 46062 15222 17594 9575 8936 4413 279 1972 3077 2767 31062
internal_value=8.05399e-05 0.00815893 0.0222158 -0.00542144 0.0354278 0.0467595 -0.000202854 0.000548836 0.00891677 -0.00618067 -0.0087617 -0.00239846 -0.0225318 -0.000648792
internal_weight=1781.55 55.6702 25.7929 29.8773 17.4101 12.0423 1725.88 1537.13 188.417 188.748 173.727 122.835 50.8918 1348.71
internal_count=491916 424653 192298 232355 80007 32816 67263 53986 13988 13277 12998 8259 4739 39998
is_linear=0
shrinkage=0.04


Tree=409
num_leaves=15
num_cat=0
split_feature=2 2 8 11 1 8 1 8 5 0 11 1 3 1
split_gain=2.53859 8.63676 9.06723 7.97956 7.51196 13.0407 25.4623 14.6545 12.7369 12.359 11.8784 12.8778 15.4602 11.765
threshold=2.3654035000000007 2.3413125000000004 0.51545548000000008 1860.3573225000002 1.7052315000000002 0.45308509000000002 1.3505395000000002 0.69749067000000009 2389.6437990000004 1088.3250000000003 3379.9137645000005 1.5731580000000001 0.99299000000000015 1.6774705000000003
decision_type=2 2 2 2 2 2 2 2 2 2 2 2 2 2
left_child=1 -1 3 -3 5 6 -2 13 -8 -6 -9 12 -12 -7
right_child=4 2 -4 -5 9 7 8 10 -10 -11 11 -13 -14 -15
leaf_value=0.00080735392763793198 0.033900437598517338 -0.010782134108069483 -0.0015326704186635468 0.052107909411039113 0.0026184663447829321 0.017500069025669619 -0.027822304885766386 -0.033838417615912462 0.028710793198955496 -0.025845847302561113 -0.014725224404380522 -0.017445931811662058 0.022238450600638653 -0.028489993624146587
leaf_weight=886.59029474863735 9.1662682940157065 2.1876629211665231 13.835187236508544 10.40077098074198 532.82570005781713 72.217151382302632 88.013027373954742 19.502800698574788 2.8954137153923503 20.578415750770546 25.204570155587589 50.340848752248121 41.672863775836504 5.5216795947762867
leaf_count=210480 5449 5481 1567 572 96751 10099 59937 7373 77 82827 2438 4124 3206 1535
internal_value=7.40971e-05 0.00154242 0.0221533 0.0412205 -0.00147047 -0.00635553 -0.0179007 -0.000683053 -0.0246188 0.00133807 -0.00847754 -0.00304627 0.00825242 0.0127092
internal_weight=1780.95 913.014 26.4236 12.5884 867.939 314.535 100.075 214.46 90.9084 553.404 136.721 117.218 66.8774 77.7388
internal_count=491916 218100 7620 6053 273816 94238 65463 28775 60014 179578 17141 9768 5644 11634
is_linear=0
shrinkage=0.04


Tree=410
num_leaves=15
num_cat=0
split_feature=48 39 53 12 10 4 51 15 0 0 3 29 4 2
split_gain=2.54616 10.2242 7.25075 13.7432 11.192 18.4428 10.3206 10.2718 20.9932 20.8557 11.8772 10.0835 9.84471 12.5698
threshold=0.093803340000000054 0.21156294496593567 1.5843850975000002 1.0000000180025095e-35 2610.5000000000005 1382.5000000000002 0.0064587799999999982 44.500000000000007 717.78350000000012 1015.1350000000001 0.85765550000000002 0.48730375000000009 1007.5000000000001 2.8841785000000004
decision_type=2 2 2 2 2 2 2 2 2 2 2 2 2 2
left_child=2 -2 4 6 7 -6 -4 12 10 -10 -9 -12 -1 -14
right_child=1 -3 3 -5 5 -7 -8 8 9 -11 11 -13 13 -15
leaf_value=-0.0036471943783011806 -0.0094086969651179988 0.0012578817995641325 -0.025119188306341904 0.0091907701828993354 -0.019574386237663052 0.00095575099276631545 0.020752563626208951 0.025161471809632525 0.05601080245782649 -0.020637879349021625 -0.021057703024409839 0.016912535448646508 0.016401315005206377 -0.021007123706700229
leaf_weight=289.65769029871535 196.84425386546172 496.55754929651084 29.589542416887753 287.85326715548103 109.11638017494784 180.00841550386485 6.0451021718334905 17.444950304130998 21.574522735219038 4.4238316651534424 31.574303551087723 11.791270880865339 84.763778787489628 12.672256149794064
leaf_count=377162 1974 3551 16009 39082 23322 4361 2210 1404 5728 10329 2490 126 3129 1039
internal_value=7.03854e-05 -0.00181585 0.00127696 0.0062465 -0.00085684 -0.00699341 -0.0157414 0.00292097 0.0149499 0.0417433 0.00119373 -0.0100524 6.71443e-05 0.0107482
internal_weight=1779.92 693.402 1086.52 323.488 763.027 289.125 35.6346 473.903 86.8089 25.9984 60.8105 43.3656 387.094 97.436
internal_count=491916 5525 486391 57301 429090 27683 18219 401407 20077 16057 4020 2616 381330 4168
is_linear=0
shrinkage=0.04


Tree=411
num_leaves=15
num_cat=0
split_feature=21 44 30 1 9 8 19 52 3 26 7 2 2 7
split_gain=2.57484 7.71027 9.94128 9.53737 7.48065 11.0311 6.09313 8.12149 10.2499 11.136 10.2159 8.76739 7.63319 9.68817
threshold=0.9447718300000002 0.42050185613730934 0.021262623999999997 1.3691550000000003 0.49538250500000008 0.30492765500000002 0.045029880000000001 0.0071854099999999971 1.3083710000000002 616.50000000000011 433.50000000000006 1.6645210000000004 2.7019100000000003 475.50000000000006
decision_type=2 2 2 2 2 2 2 2 2 2 2 2 2 2
left_child=6 -2 4 -4 5 -3 12 8 9 10 -8 -12 13 -1
right_child=1 2 3 -5 -6 -7 7 -9 -10 -11 11 -13 -14 -15
leaf_value=0.013098320343418474 0.00043487440901033805 -0.021122519334548357 0.02899726337547635 -0.004740202184568827 -0.027298422001906394 0.020016675651802047 -0.014088160159523036 -0.010848685986950841 -0.010371148151166633 -0.0086647937478021089 -0.0064717086415508442 0.042504730137031384 0.022180866088019693 -0.0087264430644772278
leaf_weight=38.239239916997803 1336.1032541734894 17.678649717818189 11.156352229998445 73.934743347112089 48.881446721560678 14.361045450681557 4.5732295041382249 17.419152303673854 14.73443263061108 11.620042951743242 5.3143443326425759 40.664251615412013 15.779927912017 128.61358421176215
leaf_count=78340 16622 3264 117 1406 9565 1298 17565 46672 20827 7346 1169 43317 106960 137448
internal_value=6.94515e-05 -0.000587102 -0.00858442 0.00104698 -0.0181837 -0.00246996 0.00357761 0.0115522 0.0169785 0.0237498 0.03131 0.0367644 -0.000739173 -0.00348909
internal_weight=1779.07 1502.12 166.012 85.0911 80.9211 32.0397 276.958 94.3255 76.9063 62.1719 50.5518 45.9786 182.633 166.853
internal_count=491916 32272 15650 1523 14127 4562 459644 136896 90224 69397 62051 44486 322748 215788
is_linear=0
shrinkage=0.04


Tree=412
num_leaves=15
num_cat=0
split_feature=9 1 26 10 13 37 39 7 8 9 43 10 39 18
split_gain=2.5396 4.94887 6.75497 5.2821 3.54311 3.44565 3.17965 3.12358 9.73236 10.3578 9.87554 10.2044 9.60584 7.17196
threshold=4.2925328600000006 1.0384250000000004 1236.5000000000002 2339.5000000000005 12.500000000000002 2.4187758457142858 0.14967282093457498 2617.5000000000005 0.7415485850000002 1.0269605700000002 1.3211734100000003 3536.5000000000005 0.077305329176484847 0.93957396500000012
decision_type=2 2 2 2 2 2 2 2 2 2 2 2 2 2
left_child=7 3 4 -2 -3 -6 -4 -1 9 -9 11 -10 -13 -14
right_child=1 2 6 -5 5 -7 -8 8 10 -11 -12 12 13 -15
leaf_value=-0.00051457827104626011 -0.015990609054724221 0.011047534140445273 -0.0135220277434567 0.032150356050532417 -0.032661951307405492 0.0066923831239130904 0.022631582037532971 -0.016737030079286969 0.032303805423748923 0.034395835818068467 -0.02381127346239835 -0.022244023258009473 -0.025501753620039955 0.0052289012994700566
leaf_weight=1409.5411195997488 2.2169657091144463 1.5367447591038423 2.0276165193245097 4.0026843134801311 21.445576194204936 2.3618482347810632 5.8893635920539964 4.8812055315258958 13.409456611399944 23.301471560614345 17.917197665163712 19.93468265989577 7.862398090233909 241.78558861436613
leaf_count=457173 8 69 232 243 3194 33 96 1132 350 1109 23810 1956 77 2434
internal_value=6.73616e-05 -0.00937099 -0.0154429 0.0155117 -0.0244621 -0.0282738 0.0117222 0.000307945 0.00378589 0.0243522 0.00149314 0.00348083 0.001485 0.00377935
internal_weight=1778.11 39.4808 33.2611 6.21965 25.3442 23.8074 7.91698 1738.63 329.092 28.1827 300.909 282.992 269.583 249.648
internal_count=491916 3875 3624 251 3296 3227 328 488041 30868 2241 28627 4817 4467 2511
is_linear=0
shrinkage=0.04


Tree=413
num_leaves=15
num_cat=0
split_feature=7 12 1 1 2 26 1 1 39 25 4 26 8 3
split_gain=2.49415 12.2561 8.45356 15.7017 10.5652 14.1997 10.1202 9.34802 9.08293 8.93464 8.25892 7.89872 7.46205 21.0463
threshold=665.50000000000011 1.0000000180025095e-35 1.7816040000000004 1.9427590000000003 2.2766680000000004 1008.5000000000001 1.5531895000000002 1.1029820000000001 0.14158606188751224 853.50000000000011 326.50000000000006 417.50000000000006 0.41558532000000009 0.98921500000000007
decision_type=2 2 2 2 2 2 2 2 2 2 2 2 2 2
left_child=1 2 4 11 7 6 -6 -1 -9 10 -10 -4 13 -2
right_child=12 -3 3 -5 5 -7 -8 8 9 -11 -12 -13 -14 -15
leaf_value=-0.007288826850017428 0.002209239297753198 -0.023445041495174578 -0.0020151852785283207 -0.00036760222807305336 -0.032042958011930016 0.024382865264617335 -0.0032132448527639086 0.003267162992086633 0.04361189256518383 0.050832678724248667 0.003583250728784414 0.044585744971879324 0.00063943926237568997 -0.021568122939709104
leaf_weight=49.0916729996801 152.58258841581039 21.207989601751706 6.7155313656354592 40.805688802115242 30.479565171931881 12.219594011364277 46.014010103988085 77.312565498550725 6.0086715125771653 10.89565987386595 37.216808745907656 24.710392285755233 1170.0721343854698 91.850655780804232
leaf_count=15715 57210 8575 27819 44832 27989 417 42431 75246 444 110 1116 3005 147929 39078
internal_value=6.37088e-05 0.00299964 0.0049567 0.0166281 0.00157942 -0.00940025 -0.0159619 0.00708294 0.0125213 0.0243466 0.0130923 0.0357177 -0.000696977 -0.00697882
internal_weight=1777.18 362.678 341.47 72.2316 269.239 88.7132 76.4936 180.525 131.434 54.1211 43.2255 31.4259 1414.51 244.433
internal_count=491916 247699 239124 75656 163468 70837 70420 92631 76916 1670 1560 30824 244217 96288
is_linear=0
shrinkage=0.04


Tree=414
num_leaves=15
num_cat=0
split_feature=10 17 0 9 12 16 14 19 1 21 14 15 50 8
split_gain=2.56017 13.7837 9.54922 10.4625 11.0198 9.58069 8.47882 10.7809 8.45518 7.44751 9.39235 7.19033 6.34033 9.52615
threshold=4608.5000000000009 4424.5000000000009 787.58500000000015 2.0455095400000003 1.0000000180025095e-35 6186.0000000000009 45.500000000000007 0.033539825000000002 1.7449310000000002 1.144740265 127.50000000000001 90.500000000000014 4.5000000000000009 1.5089750800000001
decision_type=2 2 2 2 2 2 2 2 2 2 2 2 2 2
left_child=1 -1 3 4 -2 6 7 -4 -9 11 -11 -3 13 -7
right_child=2 9 5 -5 -6 12 -8 8 -10 10 -12 -13 -14 -15
leaf_value=-0.00030868607630365103 -0.015570037034396052 -0.024969407458425869 -0.023332060848915464 -0.0025729182317334592 0.032862569975488677 -0.0285307244407948 -0.028369653431411918 0.035204516797627212 -0.018509460679938194 0.024380960666453649 -0.016849073982445516 0.015875249131914425 0.017089294729771509 0.020067823712093893
leaf_weight=1416.386310220747 6.7077594953244697 9.693255395662165 11.920710657664815 116.54281318574544 24.889453073403274 12.255573309873855 51.277665638455119 10.160236857833068 3.1194574317257766 71.267585678775504 6.4634000904625273 8.3913547593006097 21.045240836770972 5.9377704348199805
leaf_count=471010 355 2731 1824 2899 416 934 4595 1215 362 980 50 1617 421 2507
internal_value=7.00919e-05 0.000707405 -0.00352767 0.00318163 0.0218583 -0.0118929 -0.0197348 -0.000376585 0.0209753 0.0149981 0.0201415 -0.00668371 0.00389429 -0.0117627
internal_weight=1776.06 1512.2 263.857 148.14 31.5972 115.717 76.4781 25.2004 13.2797 95.8156 77.731 18.0846 39.2386 18.1933
internal_count=491916 476388 15528 3670 771 11858 7996 3401 1577 5378 1030 4348 3862 3441
is_linear=0
shrinkage=0.04


Tree=415
num_leaves=15
num_cat=0
split_feature=36 43 14 36 8 44 11 13 13 14 29 28 8 29
split_gain=2.51591 6.11798 9.7362 10.4188 8.74786 7.4163 10.0242 6.26143 5.69022 7.18177 6.11455 5.65155 5.06253 5.15193
threshold=0.034971840058605215 1.1260121950000002 14.500000000000002 0.026560613543292939 0.21679173500000001 0.71029962373785238 1227.9774925000004 270.50000000000006 22.500000000000004 34.500000000000007 0.19450003000000002 0.058815779999999936 0.24039414500000003 0.33142097499999995
decision_type=2 2 2 2 2 2 2 2 2 2 2 2 2 2
left_child=1 2 3 -1 5 -3 -7 -6 -4 11 -11 12 -10 -14
right_child=-2 4 8 -5 7 6 -8 -9 9 10 -12 -13 13 -15
leaf_value=-0.00042578523123072291 -0.00034930768579168471 -0.018876868045904441 -0.0210588304124322 0.05103897784907796 -0.026893624173790091 0.00068934446579835479 0.063180677455280276 0.023990905754123101 -0.010399783274413901 -0.019536614466579564 0.014251292086126965 -0.009695191808844518 0.040492989615207649 -0.011047150632184867
leaf_weight=9.9926117086481572 1653.3661932714106 4.3955236657038794 8.584809712279819 11.634397474561409 21.743942942988614 10.102506917455797 2.0525530712393438 0.58208849257516604 2.3812941503420069 16.334691433996344 9.7905828339571581 5.2381865345960241 17.219215213135616 1.4601334684411984
leaf_count=1257 77059 2709 1089 821 227060 166139 11633 213 224 1827 202 195 1409 79
internal_value=6.56691e-05 0.00550272 0.0114433 0.0316453 -0.0069897 0.0129295 0.0265808 -0.0214199 0.00242738 0.00777215 -0.00661915 0.020842 0.0288401 0.0349822
internal_weight=1774.88 121.513 82.6359 21.627 38.8766 16.5506 12.1551 22.326 61.0089 52.4241 26.1253 26.2988 21.0606 18.6793
internal_count=491916 414857 7103 2078 407754 180481 177772 227273 5025 3936 2029 1907 1712 1488
is_linear=0
shrinkage=0.04


Tree=416
num_leaves=15
num_cat=0
split_feature=44 45 45 10 53 0 0 23 27 53 9 26 53 37
split_gain=2.4938 10.1021 17.5469 16.962 8.39147 7.52495 7.2202 7.19852 6.78167 5.84306 7.23347 5.8887 5.6359 6.95431
threshold=0.60780171916375803 0.025907519999999993 -0.00044065000000000071 2073.5000000000005 1.7035763575 947.82500000000016 673.14750000000015 0.47898977000000004 -0.0093526999999999898 0.45363549000000009 0.21121724000000003 582.50000000000011 0.57737289500000011 0.43566243214285721
decision_type=2 2 2 2 2 2 2 2 2 2 2 2 2 2
left_child=-1 2 9 6 5 8 -4 12 -5 10 -2 -12 -3 -14
right_child=1 7 3 4 -6 -7 -8 -9 -10 -11 11 -13 13 -15
leaf_value=-0.00031757395241687809 -0.017539672565314517 -0.0087339036037264832 0.026392759490841255 -0.004507543179470299 -0.0071787968809599399 -0.0056546927422395955 -0.012295092405967642 -0.02543953741817517 0.10033882470892078 -0.022680675395465543 0.031993569352139102 -0.014323801081213668 -0.014569972147494772 0.039058526200087186
leaf_weight=1667.0286749855359 7.5830290003582403 16.604124930283096 14.067123811537504 0.63276381772129742 1.053504334532249 0.79951765330588376 9.1040657847975108 17.161852871929568 5.1954792434871697 11.878778755632309 11.658913213513868 2.7146830257966021 2.6564114278729658 6.5410888947546937
leaf_count=36239 68730 35817 17190 1244 4915 6297 105851 19628 2085 79980 64189 6927 38370 4454
internal_value=7.07376e-05 0.00583112 0.0153561 0.0348981 0.0726553 0.0829754 0.0117078 -0.00861596 0.0921306 -0.00466198 0.00748507 0.0218067 0.00488727 0.0238932
internal_weight=1774.68 107.651 64.6879 30.8525 7.68127 6.62776 23.1712 42.9635 5.82824 33.8354 21.9566 14.3736 25.8016 9.1975
internal_count=491916 455677 357408 137582 14541 9626 123041 98269 3329 219826 139846 71116 78641 42824
is_linear=0
shrinkage=0.04


Tree=417
num_leaves=15
num_cat=0
split_feature=44 15 45 51 45 2 23 1 19 7 3 19 15 36
split_gain=2.50613 5.37455 5.43939 6.74537 6.52488 5.43724 4.88741 6.32656 5.26336 4.70395 4.37961 14.547 15.2871 10.3862
threshold=0.10170858139604214 14.500000000000002 -0.041110674999999951 -0.0092398399999999974 -0.025410064999999992 2.2615805000000004 1.4870991650000003 1.048726 0.029630950000000003 1043.5000000000002 1.3753760000000002 0.031850015000000009 39.500000000000007 0.079310664431074832
decision_type=2 2 2 2 2 2 2 2 2 2 2 2 2 2
left_child=1 5 -3 -4 -5 -1 7 -6 9 -8 -2 -12 13 -13
right_child=10 2 3 4 6 -7 8 -9 -10 -11 11 12 -14 -15
leaf_value=0.0086745994047402828 0.00033633528505106467 0.012230486260764464 0.028919200775617104 -0.017339878953444028 -0.0085606440990361448 -0.018650221322424873 0.0027414715183766438 0.018053851979007489 0.0016644912786928771 -0.031310625606527705 -0.021871802192154392 -0.0095260942024559588 -0.012698999370176307 0.017257093172447148
leaf_weight=14.220795907429645 1168.3932038438591 101.65063850115985 8.1924676035996509 26.680014629149809 16.412823002785444 28.469708473770879 9.4263065871782619 45.944614648586139 99.606757355446462 11.625565566006115 59.416004921992226 28.521745954308699 78.806254109955489 77.36139775433594
leaf_count=163 397344 764 80 231 90 257 136 360 1328 185 26699 53674 8041 2564
internal_value=7.42426e-05 0.00301893 0.00482569 0.00117429 -0.000557901 -0.00959279 0.00228464 0.0109333 -0.00244226 -0.0184635 -0.000688896 -0.00550435 0.000198912 0.00993827
internal_weight=1774.73 362.23 319.539 217.889 209.696 42.6905 183.016 62.3574 120.659 21.0519 1412.5 244.105 184.689 105.883
internal_count=491916 3594 3174 2410 2330 420 2099 450 1649 321 488322 90978 64279 56238
is_linear=0
shrinkage=0.04


Tree=418
num_leaves=15
num_cat=0
split_feature=25 4 7 0 0 45 2 45 10 7 22 22 13 2
split_gain=2.53254 7.50461 8.7497 8.03769 7.24715 7.0925 10.5452 7.21162 12.9148 15.6795 20.5471 18.843 18.0109 12.3286
threshold=694.50000000000011 1098.5000000000002 695.50000000000011 783.55600000000015 439.78550000000001 -0.031407305000000031 2.4524410000000008 0.13111237499999998 2054.5000000000005 1243.5000000000002 0.98779721500000017 0.95591560500000006 60.500000000000007 1.8261460000000003
decision_type=2 2 2 2 2 2 2 2 2 2 2 2 2 2
left_child=4 2 3 -2 -1 6 -6 8 -7 11 -11 12 13 -10
right_child=1 -3 -4 -5 5 7 -8 -9 9 10 -12 -13 -14 -15
leaf_value=-0.019629889235731925 0.0092409527376519987 0.00089982558343858785 -0.010520460334383896 -0.022253765881455379 0.0010315336750143205 0.0014180592515089293 -0.03099517355913077 -0.0031654664148785152 0.0041533470089723332 -0.0077862078807435257 0.028677707393189613 3.173857133139759e-05 -0.004785242206293944 0.072118269195665829
leaf_weight=18.647947041179691 74.841796784543476 852.1313377089507 219.70287094460502 10.605687036015864 56.108903976775991 234.21806441040144 18.095489960640862 137.43949367509458 5.8233388901203424 62.226783648083824 34.430603852984859 19.438840251816146 7.5540353975675307 22.155689948115878
leaf_count=3736 1831 17352 22676 4930 25280 316293 23164 27322 923 38651 962 409 1443 6944
internal_value=6.77861e-05 -0.00103433 -0.00636288 0.00431774 0.00212953 0.00296592 -0.00824213 0.00461823 0.00739583 0.0162895 0.00597436 0.0324164 0.0479436 0.0607469
internal_weight=1773.42 1157.28 305.15 85.4475 616.139 597.491 74.2044 523.287 385.847 151.629 96.6574 54.9719 35.5331 27.979
internal_count=491916 46789 29437 6761 445127 441391 48444 392947 365625 49332 39613 9719 9310 7867
is_linear=0
shrinkage=0.04


Tree=419
num_leaves=15
num_cat=0
split_feature=2 2 7 8 0 26 24 10 2 7 15 3 2 53
split_gain=2.50692 10.3267 8.68742 4.80309 4.80138 6.74055 4.73897 3.71678 3.32295 9.23048 8.06543 13.3374 6.88087 7.93778
threshold=3.1527325000000004 3.1361645000000005 1827.5000000000002 1.0294273200000001 777.00900000000013 1236.5000000000002 804.50000000000011 2177.5000000000005 2.9992215000000004 2617.5000000000005 18.500000000000004 1.1853460000000002 2.9750300000000007 1.6428400050000003
decision_type=2 2 2 2 2 2 2 2 2 2 2 2 2 2
left_child=1 8 4 6 7 -6 -3 -2 12 10 11 -10 -1 -14
right_child=2 3 -4 -5 5 -7 -8 -9 9 -11 -12 -13 13 -15
leaf_value=7.3732280228458471e-05 -0.014142267664820549 -0.0089156793203188575 -0.028449617821124675 -0.006718631542911465 -0.030268986763102461 0.01463576955445221 0.042731074512119181 0.025039440914985282 0.04342865595669216 0.01195765002555042 -0.0174101496910463 -0.017390770585357283 0.028364952763448605 -0.014425772770598744
leaf_weight=1564.7705435352727 1.4730660014878392 1.5887023488214733 15.850045581228526 3.6672636407645305 6.4663886628261462 5.8534053672697155 12.001785978335645 12.800392732362523 5.7121146355692636 29.010409747332915 77.199723289913322 8.2907421811962632 22.058786520154971 5.8647003860559144
leaf_count=415570 2462 4809 2335 505 11093 134 318 300 13835 2953 16902 13229 6533 938
internal_value=6.66501e-05 0.000314502 -0.00900519 0.0273851 0.00525239 -0.0108678 0.0359195 0.0183759 -3.71476e-05 -0.00631203 -0.0124428 0.012318 0.000454738 0.0185518
internal_weight=1772.61 1730.16 42.4433 17.2578 26.5933 12.3198 13.5905 14.2735 1712.91 120.213 91.2026 14.0029 1592.69 27.9235
internal_count=491916 475592 16324 5632 13989 11227 5127 2762 469960 46919 43966 27064 423041 7471
is_linear=0
shrinkage=0.04


Tree=420
num_leaves=15
num_cat=0
split_feature=13 10 16 2 2 2 8 2 24 15 48 3 13 1
split_gain=2.49136 3.02168 3.30473 2.77443 14.5783 7.88179 14.4858 11.0974 8.95621 7.75355 6.93007 6.55004 8.644 6.46231
threshold=196.50000000000003 3304.5000000000005 2413.5000000000005 2.6851510000000007 2.7019100000000003 2.6306915000000006 1.0012194950000002 2.6139950000000005 1237.5000000000002 18.500000000000004 -0.035376069999999933 1.4353410000000002 23.500000000000004 1.4619615000000004
decision_type=2 2 2 2 2 2 2 2 2 2 2 2 2 2
left_child=3 2 -2 5 -5 7 9 10 -8 -7 -1 12 -11 -6
right_child=1 -3 -4 4 13 6 8 -9 -10 11 -12 -13 -14 -15
leaf_value=-0.023487441808916369 -0.0071136303746100991 -0.0036688931095995537 0.035002355439044563 -0.027283807571012973 0.024286199792500709 -0.0085291677308934038 -0.037498803764279998 -0.027319175839071536 0.0098131582440823747 0.061014865378589543 0.0011053307333698701 0.0031117202962226633 0.014822701256864045 -0.0015374898404804948
leaf_weight=13.639385073375022 2.0879720406510405 7.939362807640463 6.073580913283422 30.460688463010456 11.010862137925413 7.4542272596112289 7.5570287655862129 18.055232346265939 9.7841624741004107 11.863931502463517 1127.3066306839821 11.442667162357791 17.703155044220011 489.76587526123467
leaf_count=7860 229 374 381 5699 2629 9524 1807 5845 194 2628 289248 685 2722 162091
internal_value=6.69056e-05 0.0137296 0.0256186 -9.69914e-05 -0.00249769 0.000950191 0.013906 0.000158017 -0.0145827 0.0245102 0.00071014 0.0307899 0.0395021 -0.000735215
internal_weight=1772.14 16.1009 8.16155 1756.04 531.237 1224.81 65.8052 1159 17.3412 48.464 1140.95 41.0098 29.5671 500.777
internal_count=491916 984 610 490932 170419 320513 17560 302953 2001 15559 297108 6035 5350 164720
is_linear=0
shrinkage=0.04


Tree=421
num_leaves=15
num_cat=0
split_feature=44 0 28 13 1 1 23 1 18 7 8 2 45 2
split_gain=2.52504 7.40231 9.13756 8.90255 7.90777 9.6954 9.46458 13.2917 9.0161 8.46576 9.47902 7.94713 7.69476 7.66833
threshold=0.17563164833302702 713.99150000000009 0.19984436999999997 39.500000000000007 1.9519470000000003 1.7816040000000004 2.4241735500000003 1.2804375000000003 0.96410182500000008 1085.5000000000002 0.40708894000000007 2.4273785000000001 -0.061880605000000026 2.8511165000000003
decision_type=2 2 2 2 2 2 2 2 2 2 2 2 2 2
left_child=1 3 12 4 5 6 7 -1 -9 10 -6 -10 -3 -4
right_child=-2 2 13 -5 9 -7 -8 8 11 -11 -12 -13 -14 -15
leaf_value=0.014666479060438803 -0.00098692800885220389 0.0067683860671301681 0.0085576997353810479 0.01336572086995862 -0.023193445369087337 0.032544284674812844 0.029885561270189202 0.0019855981524895087 -0.0058705499079746825 -0.037289813555819118 0.025608558436339787 -0.04349044468840723 -0.016262243839588891 -0.010107695375988678
leaf_weight=33.198490580897214 1192.2662430602973 27.708556241588667 125.06107809953392 148.00790508522186 7.2898446125909713 11.721935141598804 9.6361747573828307 28.661003997898661 18.335925081046298 12.17079925094731 8.267739946022628 16.851294992025942 88.842816053424031 43.629158057970926
leaf_count=264 486368 186 806 1281 118 83 173 205 171 88 73 106 1778 216
internal_value=6.53076e-05 0.00222054 -0.00235395 0.00662182 -0.000424797 0.00422488 -0.000204439 -0.00451012 -0.0148222 -0.0178919 0.00266198 -0.0270563 -0.0107338 0.00357818
internal_weight=1771.65 579.383 285.242 294.141 146.133 118.405 106.683 97.0467 63.8482 27.7284 15.5576 35.1872 116.551 168.69
internal_count=491916 5548 2986 2562 1281 1002 919 746 482 279 191 277 1964 1022
is_linear=0
shrinkage=0.04


Tree=422
num_leaves=15
num_cat=0
split_feature=48 39 53 14 0 1 1 14 2 39 29 15 26 12
split_gain=2.46837 9.76237 7.03373 10.9107 10.7406 13.0806 24.9308 7.63901 8.07459 10.2556 6.71683 7.43512 9.21237 7.08351
threshold=0.093803340000000054 0.21156294496593567 2.5625259475000006 71.500000000000014 868.86050000000012 1.4424805000000001 1.4919945000000003 27.500000000000004 3.0179060000000004 0.25863827904006409 0.43817111000000014 19.500000000000004 659.50000000000011 1.0000000180025095e-35
decision_type=2 2 2 2 2 2 2 2 2 2 2 2 2 2
left_child=10 -2 4 -4 5 -3 -7 -6 9 -9 -1 -12 13 -13
right_child=1 2 3 -5 7 6 -8 8 -10 -11 11 12 -14 -15
leaf_value=-0.00080850708055320655 -0.0092394563246930069 0.023831053263593277 -0.015654680384123956 0.011562317912418135 -0.017320246590243268 -0.038703467534995026 0.0077289793094482409 -0.012525871155558727 -0.023596514197590394 0.016949932394182864 0.017757713474342341 -0.014420233086254102 0.0087029497828181503 0.006738334954593298
leaf_weight=758.35010023778068 195.74099962397668 61.089356755604967 74.577071532432456 29.280462040798739 47.951910665506148 15.599280218593774 178.85995422369524 24.400081433646847 11.593477939270086 50.007126297452487 63.729817497444401 61.624062179899738 159.87090310991334 37.028658739549428
leaf_count=479799 1974 500 516 168 396 95 1266 183 118 309 1931 2633 1161 867
internal_value=6.23737e-05 -0.00180082 0.00121356 -0.00780279 0.00368613 0.00843898 0.00312739 -0.00535854 0.00189622 0.00710396 0.00125335 0.00604368 0.00287387 -0.00653655
internal_weight=1769.7 689.1 493.359 103.858 389.501 255.549 194.459 133.953 86.0007 74.4072 1080.6 322.253 258.524 98.6527
internal_count=491916 5525 3551 684 2867 1861 1361 1006 610 492 486391 6592 4661 3500
is_linear=0
shrinkage=0.04


Tree=423
num_leaves=15
num_cat=0
split_feature=36 43 14 36 53 13 13 14 29 39 15 13 11 31
split_gain=2.44056 5.63005 8.97073 9.43266 8.79994 6.62377 5.38618 6.5072 5.82095 5.37799 6.73328 8.63733 5.51326 5.23072
threshold=0.034971840058605215 1.1260121950000002 14.500000000000002 0.026560613543292939 0.30829551000000005 270.50000000000006 22.500000000000004 34.500000000000007 0.19450003000000002 0.01930288653186896 10.500000000000002 16.500000000000004 904.95386700000006 0.0039210519999999969
decision_type=2 2 2 2 2 2 2 2 2 2 2 2 2 2
left_child=1 2 3 -1 9 -6 -4 13 -9 12 11 -11 -3 -8
right_child=-2 4 6 -5 5 -7 7 8 -10 10 -12 -13 -14 -15
leaf_value=-0.0003836826385023822 -0.00035416729468528996 -0.0069602609834460063 -0.020657637767771221 0.048447054309431074 -0.029686728564245615 0.023642988776464379 0.027422808987703353 -0.019085854947639806 0.013959181716859866 -0.015450469415731454 -0.02211983900249417 0.048292578504992377 0.048652557351278762 -0.0095647598166362525
leaf_weight=9.9663089835878527 1646.9466193550613 2.6679893263047942 8.4094218732643622 11.980975770020448 18.281692610987083 0.6102307223468405 21.445060774491143 16.016201582908256 9.8045053811511007 3.1068027914244558 8.4150855864497753 2.0536091484335657 3.3012156340569163 5.1969717781612408
leaf_count=1257 77059 104364 1089 821 227679 212 1712 1827 202 20719 28208 4782 21790 195
internal_value=5.56673e-05 0.00541578 0.0110812 0.0303161 -0.00666182 -0.0233767 0.00237135 0.00753902 -0.00630918 0.0109656 -0.00437977 0.0211983 0.0319535 0.0198365
internal_weight=1768.2 121.256 82.8194 21.9473 38.4366 18.8919 60.8722 52.4627 25.8207 19.5447 13.5755 5.16041 5.9692 26.642
internal_count=491916 414857 7103 2078 407754 227891 5025 3936 2029 179863 53709 25501 126154 1907
is_linear=0
shrinkage=0.04


Tree=424
num_leaves=15
num_cat=0
split_feature=44 45 45 10 9 48 23 0 0 11 27 11 29 43
split_gain=2.48604 9.50879 16.0907 15.0952 7.3782 7.26789 6.85802 6.7622 6.70881 6.31784 6.20965 5.71905 5.64054 5.33926
threshold=0.60780171916375803 0.025907519999999993 -0.00044065000000000071 2073.5000000000005 1.7849673450000003 -0.0025657999999999961 0.47898977000000004 947.82500000000016 673.14750000000015 1718.0259015000001 -0.0093526999999999898 1443.4687795000002 0.027357280000000015 1.1844826500000003
decision_type=2 2 2 2 2 2 2 2 2 2 2 2 2 2
left_child=13 2 5 8 7 12 9 10 11 -3 -5 -4 -2 -1
right_child=1 6 3 4 -6 -7 -8 -9 -10 -11 -12 -13 -14 -15
leaf_value=0.00036303786793948962 -0.0017791160551565294 -0.016415049202028721 0.034606053381652048 -0.0045761828267295987 -0.006966831191449965 -0.017545482053377175 -0.025014790558224431 -0.0056249776643882967 -0.011987586851763807 0.018009139183593079 0.093608576915620523 -0.013080984707207199 0.043391463950824258 -0.0077557233554671539
leaf_weight=1524.0577578131958 10.661352504535783 9.4443266303335367 11.936961715191279 0.64352976540476436 1.0160061307288968 20.684653817614389 16.658801600697302 0.79474181192745152 8.9587508204943997 16.335697928985951 5.6352950396781107 2.3886092303810065 2.1370166239875052 136.61728675463019
leaf_count=26314 91258 37358 14546 1265 4805 122473 19628 6370 105851 41283 2101 2644 6095 9925
internal_value=6.24023e-05 0.0058228 0.0150097 0.033468 0.0683919 -0.00438706 -0.00831929 0.0776186 0.0113893 0.00478015 0.0859778 0.0253276 0.0158342 -0.000326137
internal_weight=1767.97 107.296 64.8569 31.3739 8.08957 33.483 42.4388 7.07357 23.2843 25.78 6.27882 14.3256 12.7984 1660.68
internal_count=491916 455677 357408 137582 14541 219826 98269 9736 123041 78641 3366 17190 97353 36239
is_linear=0
shrinkage=0.04


Tree=425
num_leaves=15
num_cat=0
split_feature=52 25 26 45 13 45 43 19 2 29 45 52 19 0
split_gain=2.42274 4.2449 2.91951 9.20658 9.49868 8.2863 12.0586 8.79073 9.7657 9.93185 11.0567 10.7519 8.64886 8.12936
threshold=0.023925490000000004 1002.5000000000001 693.50000000000011 0.065356680000000014 65.500000000000014 -0.031407305000000031 0.61904502000000006 0.045029880000000001 1.6645210000000004 0.33142097499999995 0.15695614000000005 0.0067773300000000024 0.024917840000000004 849.05950000000018
decision_type=2 2 2 2 2 2 2 2 2 2 2 2 2 2
left_child=2 -2 5 13 -5 6 -1 -7 -9 11 -11 -10 -8 -4
right_child=1 -3 3 4 -6 7 12 8 9 10 -12 -13 -14 -15
leaf_value=0.0056215303908286199 -0.0092695528435148972 0.034751682212829801 -0.0026274346410577439 -0.019767967652759434 0.0016874321234489451 0.00051677982330447622 0.013040218971575326 -0.017325147506124954 0.033166856095959915 0.010817340736432549 -0.020387641940654577 -0.0050487734646450936 -0.022040799344159732 0.0058695908438467946
leaf_weight=65.213644346104729 3.1999531951914824 3.2532159113848138 567.3087216851518 76.998282788951656 54.039488283367291 459.42426557289912 9.8873716611398077 14.384031816103287 49.949727511622541 107.74788359668742 16.907643083497987 13.460343117792489 67.761195043952625 257.91518948578971
leaf_count=483 7737 66 10987 5087 3277 278193 5666 2454 71991 2250 550 34919 42485 25771
internal_value=6.80336e-05 0.0184057 -5.10856e-05 -0.00154153 -0.011183 0.00171858 -0.00686363 0.00360858 0.0104433 0.0129609 0.00596185 0.0252786 -0.0170551 4.75785e-05
internal_weight=1767.45 6.45317 1761 956.262 131.038 804.736 142.862 661.874 202.45 188.066 124.656 63.4101 77.6486 825.224
internal_count=491916 7803 484113 45122 8364 438991 48634 390357 112164 109710 2800 106910 48151 36758
is_linear=0
shrinkage=0.04


Tree=426
num_leaves=15
num_cat=0
split_feature=43 26 4 7 0 36 45 15 8 7 19 8 3 11
split_gain=2.44244 4.50098 8.21911 5.73491 6.0788 4.89804 4.36422 5.50251 4.30743 8.17959 10.0616 5.71086 20.2413 7.92093
threshold=-1.0000000180025095e-35 622.50000000000011 1212.5000000000002 1004.5000000000001 651.94000000000017 0.055831198233227027 -0.0565598 50.500000000000007 0.12619509500000003 407.50000000000006 0.042095190000000011 0.25105796500000005 0.86109800000000003 2169.4599125000004
decision_type=2 2 2 2 2 2 2 2 2 2 2 2 2 2
left_child=1 -1 3 -3 -5 -4 -7 -8 -2 10 -10 12 -11 -13
right_child=8 2 5 4 -6 6 7 -9 9 11 -12 13 -14 -15
leaf_value=0.020569372087121902 -0.012946035228755244 0.0041699231743470124 -0.0090508731035573355 -0.039533545346300193 0.0024939329430506132 0.027009581810158712 0.015634714861048473 -0.0075616153503356969 0.02414684777726496 0.01172833045493144 -0.0062872828413865246 0.0071955907359495643 -0.023847667632607972 -0.0012456642275742961
leaf_weight=19.65912344888784 37.564494494083192 15.26132907066494 18.04274453734979 11.565835840418005 7.4053519982844582 18.364384815562516 32.418999768677168 24.984418793523218 41.851226201681357 38.822156326950676 24.902450591065872 203.22293496899806 58.627443486725156 1214.8076812273805
leaf_count=196 93243 185 266 146 93 165 361 298 34886 26980 21441 149089 57783 106784
internal_value=6.5572e-05 0.00490204 0.00181392 -0.0137508 -0.0260299 0.00790209 0.0122495 0.00574175 -0.000389172 -5.12117e-05 0.0131464 -0.000673859 -0.00979414 -1.48864e-05
internal_weight=1767.5 147.702 128.043 34.2325 18.9712 93.8105 75.7678 57.4034 1619.8 1582.23 66.7537 1515.48 97.4496 1418.03
internal_count=491916 1710 1514 424 239 1090 824 659 490206 396963 56327 340636 84763 255873
is_linear=0
shrinkage=0.04


Tree=427
num_leaves=15
num_cat=0
split_feature=3 17 8 37 28 29 43 9 7 17 38 17 9 26
split_gain=2.38955 5.42726 7.20335 6.43167 7.29796 6.04838 5.71709 3.39567 6.58988 6.84083 13.5231 7.06937 6.41742 6.12369
threshold=1.6434930000000003 3111.5000000000005 1.7297377250000003 0.85427667571428578 0.14203753500000002 0.96941453000000011 1.0000000180025095e-35 0.14967609500000004 407.50000000000006 1434.5000000000002 0.64849902000000015 874.50000000000011 0.10644746000000001 231.50000000000003
decision_type=2 2 2 2 2 2 2 2 2 2 2 2 2 2
left_child=7 3 -3 -2 6 -6 -5 12 9 10 -9 -12 -1 -11
right_child=1 2 -4 4 5 -7 -8 8 -10 13 11 -13 -14 -15
leaf_value=0.0072562940093231281 0.010382555389178743 0.021519038361272842 -0.0228314025241763 0.022988247847006336 -0.0328385048726011 0.001002116757202767 -0.017921377652936023 0.034280482226461455 0.00014179554551805559 -0.014221029796191531 0.022810840099392427 -0.02659966251138331 -0.022574973437554671 0.02561069931912139
leaf_weight=16.576553885091528 13.624382837688016 16.115525508210343 3.5624927980290968 8.0345565656898525 30.484442357461376 10.711628929770084 4.7579300457355194 5.9296016865941992 1569.0201502630721 3.8953678489681343 1.7088758946192708 19.036208348563378 22.546611684924699 40.537739194680171
leaf_count=37572 17698 362 1028 103 400 75 1269 58375 333047 588 745 3041 35530 2083
internal_value=6.40745e-05 -0.00620304 0.0104908 -0.0114494 -0.0173719 -0.0248833 0.00701229 0.0004073 0.00069982 0.0121946 -0.00352483 -0.0188898 -0.0105454 0.0210335
internal_weight=1766.54 87.291 19.678 67.6129 53.9886 41.1961 12.7925 1679.25 1640.13 71.1078 26.6747 20.7451 39.1232 44.4331
internal_count=491916 20935 1390 19545 1847 475 1372 470981 397879 64832 62161 3786 73102 2671
is_linear=0
shrinkage=0.04


Tree=428
num_leaves=15
num_cat=0
split_feature=44 14 29 7 39 17 2 42 0 18 17 11 5 51
split_gain=2.38511 4.9708 5.85461 9.86337 7.18046 8.28763 9.55813 9.33188 6.02271 6.06837 5.82373 11.5871 6.55587 6.39332
threshold=0.10170858139604214 77.500000000000014 0.25783820000000007 2682.5000000000005 0.11562165704051912 2032.5000000000002 2.6536640000000005 -0.85175970499999998 947.82500000000016 0.97214579500000009 4424.5000000000009 3114.6241145000008 1786.7301255000002 -0.001547300000000029
decision_type=2 2 2 2 2 2 2 2 2 2 2 2 2 2
left_child=1 2 3 10 -4 -6 8 -8 9 -7 11 13 -13 -1
right_child=-2 -3 4 -5 5 6 7 -9 -10 -11 -12 12 -14 -15
leaf_value=0.043055616138994383 -0.00068203490557473974 0.019983880451733677 -0.019628314968372168 -0.025697274031569496 -0.015941657779494488 0.022230357586458704 0.0044817277184165802 -0.020634571929889756 -0.0040511131794421376 -0.0047363181557825759 0.041055852150122918 -0.02120689868748989 0.009398396272707955 0.007198921782627622
leaf_weight=12.724481845682023 1407.1860689276698 20.530724654439837 25.413229547906667 6.1633645344409151 33.799183459486812 65.576671333983541 59.675539741292596 32.807055776007473 25.775147777982056 14.543704393319784 7.3460805985960169 16.771974377828883 18.76620351645397 18.939036323225082
leaf_count=186 488322 225 123 179 201 509 404 158 177 118 161 374 476 303
internal_value=6.21808e-05 0.00294994 0.00164019 0.0107003 -0.00134831 0.00102416 0.00423562 -0.00502935 0.012189 0.0173446 0.0151356 0.0096552 -0.00587969 0.0255151
internal_weight=1766.02 358.832 338.302 80.7111 257.591 232.177 198.378 92.4826 105.896 80.1204 74.5478 67.2017 35.5382 31.6635
internal_count=491916 3594 3369 1679 1690 1567 1366 562 804 627 1500 1339 850 489
is_linear=0
shrinkage=0.04


Tree=429
num_leaves=15
num_cat=0
split_feature=53 1 1 3 45 13 4 22 2 2 29 1 16 1
split_gain=2.37737 4.75142 4.54242 5.24209 4.11364 4.50469 3.84087 3.63182 3.35921 5.12307 8.38699 5.4561 12.7835 10.0956
threshold=4.2432694375000013 1.0719675000000002 2.3414245000000005 1.0778530000000004 -0.073144659999999959 143.50000000000003 629.50000000000011 2.4439913600000005 3.1742715000000001 3.1361645000000005 0.6316416600000001 2.1077430000000006 3497.5000000000005 2.0186950000000006
decision_type=2 2 2 2 2 2 2 2 2 2 2 2 2 2
left_child=2 6 8 -4 -3 7 -2 -6 9 11 -11 13 -13 -1
right_child=1 4 3 -5 5 -7 -8 -9 -10 10 -12 12 -14 -15
leaf_value=-0.00023605651643123451 -0.011003429488072123 0.0051982786746937225 -0.013035256346849194 0.03026623040289975 -0.034094957147066715 0.013009205381012554 0.02766749462161619 0.0020268198636419141 -0.014307225866494116 0.032507515092130873 -0.0075325037130254237 -0.023324510817777803 0.0093336837390509287 0.014147382603654522
leaf_weight=1512.6706836887395 3.4884666549518197 9.8811864392531543 2.9953392936124592 10.769812863254399 18.08304767845835 2.1791125723350424 4.7666820006634225 4.8507946608588091 20.535506817575424 14.70435049009575 11.851840989991613 42.524620514633966 28.526869830214878 77.319415579980387
leaf_count=415215 235 497 3499 3404 2724 199 47 86 6552 10928 148 27186 2120 19076
internal_value=6.3633e-05 -0.00869404 0.000308137 0.0198811 -0.0149096 -0.0223709 0.0133395 -0.0274595 9.28413e-05 0.000309815 0.0162758 6.47576e-06 -0.0104608 0.000505551
internal_weight=1765.15 43.2493 1721.9 13.7652 34.9941 25.113 8.25515 22.9338 1708.13 1687.6 26.5562 1661.04 71.0515 1589.99
internal_count=491916 3788 488128 6903 3506 3009 282 2810 481225 474673 11076 463597 29306 434291
is_linear=0
shrinkage=0.04


Tree=430
num_leaves=15
num_cat=0
split_feature=7 7 3 10 17 29 7 39 25 43 15 8 53 37
split_gain=2.39885 3.8469 8.14429 3.46458 12.6436 7.65471 10.9423 10.8271 7.38405 6.9257 6.58664 10.5794 7.28799 9.42828
threshold=6128.0000000000009 5447.5000000000009 0.83837300000000015 4608.5000000000009 4424.5000000000009 0.25783820000000007 2014.5000000000002 0.11029998264640127 2177.5000000000005 0.52005723999999998 66.500000000000014 0.8766434700000002 2.9992986950000007 1.4093456428571431
decision_type=2 2 2 2 2 2 2 2 2 2 2 2 2 2
left_child=1 3 -3 4 -1 8 -7 -8 -5 -6 -9 -12 -13 -14
right_child=-2 2 -4 5 9 6 7 10 -10 -11 11 12 13 -15
leaf_value=-0.00029567421574468839 -0.019219236447736647 0.030713782856591224 -0.016778235132040926 -0.03356341232320452 0.027307085197947722 -0.029884734710881117 0.032723653652138904 0.0079733714197170718 0.0012534034858549823 0.0052818346478291402 0.011748940381295576 -0.024935703035530891 -0.023536540234560581 0.014091055827902252
leaf_weight=1408.0468995421834 5.262206147461483 12.466723344206459 4.8101136507002584 20.34125578554881 35.331557970435938 14.391346247205091 11.41501005904547 70.386631113809926 15.271158970143004 59.937548646172559 29.464175231939635 42.955942031224367 12.536864878664799 22.161306145833805
leaf_count=471010 1658 1003 510 9110 400 161 154 671 1266 4978 263 404 178 150
internal_value=6.43308e-05 0.000176299 0.0166932 -3.47918e-05 0.000680577 -0.0044576 -0.00125862 0.00163635 -0.0203172 0.0144045 -0.00120456 -0.00732194 -0.014831 -0.000756348
internal_weight=1764.78 1759.52 17.2768 1742.24 1503.32 238.924 203.311 188.92 35.6124 95.2691 177.505 107.118 77.6541 34.6982
internal_count=491916 490258 1513 488745 476388 12357 1981 1820 10376 5378 1666 995 732 328
is_linear=0
shrinkage=0.04


Tree=431
num_leaves=15
num_cat=0
split_feature=22 33 45 52 8 8 9 28 45 0 11 1 0 3
split_gain=2.39635 6.15258 7.31938 5.88181 5.60737 9.25745 10.3681 10.2169 9.52177 9.11844 17.5783 8.8733 8.76929 8.11754
threshold=0.78727159000000013 0.010217197000000003 -0.036675900000000004 -0.0093458249999999968 0.81330684500000017 0.57507555500000007 1.4972228650000001 0.18241813999999992 0.13883959500000004 780.63650000000018 3986.6404375000006 1.7760945000000004 510.99400000000009 1.1923625000000002
decision_type=2 2 2 2 2 2 2 2 2 2 2 2 2 2
left_child=4 3 -3 -2 5 11 7 -7 -9 10 12 13 -6 -1
right_child=1 2 -4 -5 9 6 -8 8 -10 -11 -12 -13 -14 -15
leaf_value=-0.0069672771872761087 -0.01179808547611437 0.009431327004546004 -0.018707554772320039 0.00053905215496914552 0.022591251394122748 -0.011245375731501573 -0.013425860386035968 0.052885923542995948 0.0091569600490298761 -0.025348120350024018 0.02175313301517072 0.024397485969700192 -0.027000871212529393 0.0097056008864688445
leaf_weight=122.46858523950715 59.922112679553265 16.391808337150906 52.944660250817833 1293.387270851375 3.0652672380010726 6.3631223420128427 8.6746427989721706 18.454665621597087 15.864100043820825 21.693601499271267 30.979641062657265 20.105691558339686 24.447193064993371 68.790525144971468
leaf_count=157421 2153 248 689 39748 496 24025 3555 356 1115 44433 2906 116229 5552 92990
internal_value=5.96641e-05 -0.000664246 -0.0118683 -4.86326e-05 0.00304656 0.00587339 0.0206065 0.0285385 0.0364069 -0.00595004 0.00267395 0.00203632 -0.0188511 -0.000876023
internal_weight=1763.55 1422.65 69.3365 1353.31 340.907 260.721 49.3565 40.6819 34.3188 80.1857 58.4921 211.365 27.5125 191.259
internal_count=491916 42838 937 41901 449078 395691 29051 25496 1471 53387 8954 366640 6048 250411
is_linear=0
shrinkage=0.04


Tree=432
num_leaves=15
num_cat=0
split_feature=7 8 15 2 0 17 42 48 23 1 14 7 1 1
split_gain=2.38314 4.00016 6.43999 8.66631 11.2248 7.58057 8.24652 6.92065 5.4607 7.2599 5.98934 5.14917 13.1653 17.4688
threshold=163.50000000000003 0.19318365000000004 56.500000000000007 2.2615805000000004 634.07350000000008 1148.5000000000002 0.57253192000000019 -1.0000000180025095e-35 1.9063086650000003 1.8410555000000002 47.500000000000007 665.50000000000011 1.7358175000000002 1.9427590000000003
decision_type=2 2 2 2 2 2 2 2 2 2 2 2 2 2
left_child=-1 2 3 4 5 6 -2 -7 10 -10 -5 12 -3 -14
right_child=1 11 -4 8 -6 7 -8 -9 9 -11 -12 -13 13 -15
leaf_value=0.016372998819157242 -0.030190649922927974 0.00038981875524926975 0.017850327574654497 -0.034187718418117019 -0.020102104546005074 -0.015196482460890575 0.019980769800847478 0.034693577750434385 0.021542506011309217 -0.023434770866468585 0.010934486901430694 -0.00051084830678142399 0.041963031978070831 -0.00022399001018408044
leaf_weight=9.214935700828617 6.5660049279463788 186.91726993237364 9.9765851581896623 31.624756452004647 19.64864704665456 2.4877735241698273 5.0082668189061224 18.411734334775247 7.142864022869615 5.8938575997162843 3.0309268213982241 1399.2158387213237 27.462566118502878 30.319671947127063
leaf_count=24924 449 55372 1242 90826 46915 557 5367 598 153 232 382 236562 13311 15026
internal_value=6.08642e-05 -7.11535e-05 -0.00729084 -0.0105354 0.000940909 0.0146566 -0.00900265 0.0269677 -0.0219768 0.000348881 -0.0293603 0.000431671 0.0057234 0.0215716
internal_weight=1762.92 1753.71 109.791 99.8148 52.1224 32.4738 11.5743 20.8995 47.6924 13.0367 34.6557 1643.92 244.7 57.7822
internal_count=491916 466992 146721 145479 53886 6971 5816 1155 91593 385 91208 320271 83709 28337
is_linear=0
shrinkage=0.04


Tree=433
num_leaves=15
num_cat=0
split_feature=0 25 15 0 9 2 53 19 18 8 53 2 29 48
split_gain=2.3804 2.93455 7.87109 8.49243 8.95334 7.89787 12.5122 7.21217 7.67263 5.96662 8.23349 6.60202 5.60054 5.58683
threshold=1825.5915000000002 1603.5000000000002 77.500000000000014 673.14750000000015 0.90465971500000009 3.0095670000000005 0.79817125500000008 0.033413370000000005 0.9756654950000001 0.43800661000000002 0.42222018250000004 2.1902460000000006 -0.19921346500000003 -0.0025657999999999961
decision_type=2 2 2 2 2 2 2 2 2 2 2 2 2 2
left_child=1 12 5 -4 -5 6 9 8 -8 10 -3 -11 -1 -14
right_child=-2 2 3 4 -6 -7 7 -9 -10 11 -12 -13 13 -15
leaf_value=-0.023822094930807197 -0.018951181645815614 -0.020075929693687516 0.042867191377911229 0.027574554629134013 0.00011466106725107273 -0.018141335351358267 0.041590901638128716 0.00046623211100007807 0.0022750491693075271 0.0031064107983822743 0.0202159860926928 -0.036551049419862265 0.010202786540958493 -0.00078580841980531967
leaf_weight=11.263487805741986 5.4730615468708939 9.4471645556777748 8.2696102919289824 21.326713006459613 68.396769736909846 31.010547602298175 17.095352731194001 30.377911551851867 13.349742306534607 9.0477673405548575 13.643402913850876 14.845671564187795 73.041012134585117 1435.7113046676345
leaf_count=9860 42154 487 125 391 1346 750 478 805 326 72 366 223 161795 272738
internal_value=6.24904e-05 0.000175339 0.00426877 0.0126532 0.0077527 -0.00188406 0.00338914 0.014846 0.0271042 -0.0114437 0.00309195 -0.023595 -0.000474302 -0.000221891
internal_weight=1762.3 1756.83 236.811 97.9931 89.7235 138.818 107.807 60.823 30.4451 46.984 23.0906 23.8934 1520.02 1508.75
internal_count=491916 449762 5369 1862 1737 3507 2757 1609 804 1148 853 295 444393 434533
is_linear=0
shrinkage=0.04


Tree=434
num_leaves=15
num_cat=0
split_feature=13 25 0 2 2 2 35 10 50 7 2 17 15 2
split_gain=2.32568 2.99412 3.90469 2.49406 8.05227 9.01303 8.61505 13.5872 15.1331 11.4741 7.98324 7.59237 10.127 11.7918
threshold=196.50000000000003 1212.5000000000002 488.34000000000009 2.3654035000000007 2.3171385000000004 2.3104760000000004 1.4881528950000003 4608.5000000000009 3.5000000000000004 975.50000000000011 1.8910675000000003 4103.5000000000009 33.500000000000007 2.1902460000000006
decision_type=2 2 2 2 2 2 2 2 2 2 2 2 2 2
left_child=3 2 -2 4 5 6 -1 8 9 -8 -10 12 13 -12
right_child=1 -3 -4 -5 -6 -7 7 -9 10 -11 11 -13 -14 -15
leaf_value=-0.0022509096307661638 0.023041756685306437 0.025269237801225326 -0.016270543356644514 -0.0016483729515014735 0.016663607630513048 -0.026646028012407546 0.0041094654332233518 -0.012465120926489793 0.01396802895236347 0.036409718731221369 0.017638678248297856 0.023065120032347845 -0.016372678920698623 -0.015026070440875101
leaf_weight=503.52310295790676 1.2163231840868336 8.023263498231243 6.8379857813401941 847.0958387868809 46.909747255579987 14.231778583814501 29.799328469991451 49.680619507140364 72.637752562877722 43.590394121245481 41.71255852712784 12.213630689278942 60.642714443951263 23.803199028363451
leaf_count=196472 22 95 867 273280 15353 1981 222 625 785 300 609 185 768 352
internal_value=6.31074e-05 0.0132706 -0.00378231 -9.6072e-05 0.00136805 0.00043341 0.00104891 0.00598222 0.00936439 0.0243931 0.00369373 -0.00199874 -0.005212 0.00554697
internal_weight=1761.92 16.0776 8.05431 1745.84 898.745 851.835 837.603 334.08 284.4 73.3897 211.01 138.372 126.158 65.5158
internal_count=491916 984 889 490932 217652 202299 200318 3846 3221 522 2699 1914 1729 961
is_linear=0
shrinkage=0.04


Tree=435
num_leaves=15
num_cat=0
split_feature=7 7 3 9 50 8 1 1 0 28 48 2 15 0
split_gain=2.31804 3.59372 7.71218 2.96191 5.2597 4.6887 3.16865 9.92706 9.52007 10.6745 9.19711 9.13377 9.86551 17.8117
threshold=6128.0000000000009 5447.5000000000009 0.83837300000000015 4.2925328600000006 4.5000000000000009 1.7297377250000003 1.6929640000000001 1.6624660000000002 1063.8155000000002 0.090696760000000043 -0.035376069999999933 3.0629330000000006 41.500000000000007 563.55100000000004
decision_type=2 2 2 2 2 2 2 2 2 2 2 2 2 2
left_child=1 3 -3 6 -5 -6 7 10 9 11 -1 12 -8 -14
right_child=-2 2 -4 4 5 -7 8 -9 -10 -11 -12 -13 13 -15
leaf_value=-0.028675092771420371 -0.018933159006225438 0.029876183077274136 -0.016373185108070135 -0.026588886337393626 -0.016870894310673405 0.013582718255110164 0.0053658435673457332 -0.019541251256353344 -0.016695520342121899 0.0017876710090942607 0.0002358491732893125 -0.0171361199733201 -0.018341697760750755 0.049864360507960601
leaf_weight=12.894865207167866 5.2130304873489868 12.383957651178322 4.8021885063607206 13.372336988438972 8.5249420067411865 15.199513934712739 29.614392254843892 39.327371552687282 33.099659038344612 464.69306194370756 1084.7202516431494 6.6397079159753494 4.9081521599482612 25.324169784692003
leaf_count=7546 1658 1003 510 3123 57 239 60067 15325 91325 10951 272883 19082 813 7334
internal_value=6.85598e-05 0.000178598 0.0161756 -2.5498e-05 -0.0105071 0.00160791 0.000233183 -0.000982834 0.0026704 0.00402159 -0.000232291 0.018418 0.0233797 0.0377597
internal_weight=1760.72 1755.5 17.1861 1738.32 37.0968 23.7245 1701.22 1136.94 564.279 531.179 1097.62 66.4864 59.8467 30.2323
internal_count=491916 490258 1513 488745 3419 296 485326 295754 189572 98247 280429 87296 68214 8147
is_linear=0
shrinkage=0.04


Tree=436
num_leaves=15
num_cat=0
split_feature=25 26 52 15 7 27 47 29 1 22 4 3 1 7
split_gain=2.33804 7.77711 10.9385 12.5687 11.6827 11.4461 12.0773 9.36709 8.90848 9.10771 7.21312 7.0955 7.54652 7.06758
threshold=694.50000000000011 525.50000000000011 -0.95362354499999991 49.500000000000007 720.50000000000011 0.033039505000000004 1.570966555 0.33142097499999995 1.3858065000000004 1.0272743400000002 914.50000000000011 1.2873855000000003 1.3279310000000002 733.50000000000011
decision_type=2 2 2 2 2 2 2 2 2 2 2 2 2 2
left_child=1 -1 3 7 8 -6 11 -3 9 -4 -2 12 -7 -12
right_child=10 2 4 -5 5 6 -8 -9 -10 -11 13 -13 -14 -15
leaf_value=-0.00082324680415144283 -0.010977381566525722 -0.013614866963729601 -0.019945373275235722 -0.028408012820472464 -0.0013015551728563076 -0.0016518112851497012 -0.010716803778662997 0.023400868740896818 -0.017418399535007813 0.032966177214255162 0.0076929781826695848 0.059344779068829193 0.034249612146244383 -0.0013920262508128878
leaf_weight=437.41946499992036 100.47733694359749 14.564728267175267 3.7530287629904242 18.566550203840279 21.845791783023969 12.855065268741326 7.2599114177282891 21.032953521891613 22.286982321094683 11.025717385964525 156.72674942879621 15.552430412506054 25.638812474973065 891.32551704758021
leaf_count=408088 20648 1489 3273 566 19863 653 70 116 7970 267 4174 692 2080 21967
internal_value=5.62863e-05 0.00204406 0.00905887 -0.00552118 0.0155861 0.0235188 0.0317944 0.00844439 -0.00289003 0.0178841 -0.00100683 0.0379288 0.0234487 -3.36953e-06
internal_weight=1760.33 611.801 174.382 54.1642 120.218 83.152 61.3062 35.5977 37.0657 14.7787 1148.53 54.0463 38.4939 1048.05
internal_count=491916 445127 37039 2171 34868 23358 3495 1605 11510 3540 46789 3425 2733 26141
is_linear=0
shrinkage=0.04


Tree=437
num_leaves=15
num_cat=0
split_feature=33 2 11 38 11 9 8 3 3 14 2 2 14 1
split_gain=2.35677 5.33719 9.50572 5.38698 6.97408 7.08486 11.026 8.26935 7.3585 6.85458 5.20529 8.10506 5.03013 4.74152
threshold=0.0024733450000000018 1.7961265000000002 1718.0259015000001 2.1514405650000001 2308.9589405000006 0.67478203000000014 0.6130567400000001 0.79423450000000007 1.3130970000000002 29.500000000000004 2.8912440000000008 2.3724420000000008 7.5000000000000009 1.4340260000000002
decision_type=2 2 2 2 2 2 2 2 2 2 2 2 2 2
left_child=-1 2 -2 4 -3 -6 7 -7 -9 12 11 13 -8 -11
right_child=1 3 -4 -5 5 6 9 8 -10 10 -12 -13 -14 -15
leaf_value=0.0011148697784026859 -0.017817507585539676 0.0021318457994646553 0.013637447666091594 0.0024038670894602531 -0.022589983179673007 -0.019545560072601553 0.011847891887592566 0.031790055302350753 -0.00670047569379866 -0.0070606285870371526 0.014126468389712247 -0.023498494828032221 -0.024938532775553052 0.014996151055457077
leaf_weight=1157.0197324624746 14.929025815684325 108.71042019031881 67.280097780576398 167.10185840704071 50.779475842761713 6.2418450545646911 3.7272053732726809 21.271351932775818 9.2325878048980012 38.468957820402466 15.762107230985746 29.505552413911687 50.390295971353908 19.337140695981816
leaf_count=444222 1916 28613 2295 1916 2197 148 467 873 498 1242 1255 1783 3786 705
internal_value=5.94017e-05 -0.00195919 0.00723124 -0.00346566 -0.00623561 -0.00992095 -0.00611936 0.0124581 0.0208372 -0.0107123 -0.00425162 -0.0081548 -0.0216172 0.000924198
internal_weight=1759.76 602.738 82.2091 520.529 353.427 244.717 193.937 36.7458 30.5039 157.191 103.074 87.3117 54.1175 57.8061
internal_count=491916 47694 4211 43483 41567 12954 10757 1519 1371 9238 4985 3730 4253 1947
is_linear=0
shrinkage=0.04


Tree=438
num_leaves=15
num_cat=0
split_feature=22 44 0 42 4 26 19 15 15 29 54 45 5 44
split_gain=2.32733 5.98505 8.07921 9.13866 8.4399 8.63317 7.13939 7.64599 5.45839 5.28343 6.08062 7.25956 5.67589 5.67297
threshold=0.78727159000000013 0.42050185613730934 533.98000000000013 0.48976164000000005 494.50000000000006 368.50000000000006 0.035028990000000003 14.500000000000002 18.500000000000004 -0.10233427499999996 2.5000000000000004 -0.015420835000000048 363.88301650000011 0.51602399038783753
decision_type=2 2 2 2 2 2 2 2 2 2 2 2 2 2
left_child=9 -2 3 8 5 -5 7 -4 -3 -1 11 13 -12 -11
right_child=1 2 6 4 -6 -7 -8 -9 -10 10 12 -13 -14 -15
leaf_value=-0.023434339106065447 0.00025826584468308241 0.012637306938076834 -0.025193463987153025 -0.0074611378821142649 -0.003286052754310704 0.066204023239592485 -0.020211957570269997 0.008963204727597136 -0.020958210830464993 0.0055161678438920758 -0.0025901484093727584 0.0047858178152439049 0.045581191775974937 -0.024680472109716856
leaf_weight=6.7863007278219234 1265.7239764640326 8.801881096238505 9.2497094267710036 2.208197834375822 7.34976069140248 4.5958710224313108 73.406400119615228 34.698617583077976 13.90973938978277 13.700412331963717 5.4701863431570796 287.37368107255588 5.3660142373266808 20.804681679667794
leaf_count=19029 16232 315 2930 576 423 547 14442 6663 710 141 76312 259669 22736 71191
internal_value=5.32706e-05 -0.000660172 -0.00796943 0.00762028 0.0282409 0.049263 -0.012978 -6.48174e-05 -0.00800732 0.00300348 0.00388169 0.00264786 0.0281239 -0.0135101
internal_weight=1759.45 1419.94 154.22 36.8655 14.1538 6.80407 117.355 43.9483 22.7116 339.501 332.715 321.879 10.8362 34.5051
internal_count=491916 42838 26606 2571 1546 1123 24035 9593 1025 449078 430049 331001 99048 71332
is_linear=0
shrinkage=0.04


Tree=439
num_leaves=15
num_cat=0
split_feature=52 25 8 45 12 16 39 53 3 19 54 15 2 4
split_gain=2.27927 3.99695 2.70457 11.8141 9.83088 7.55143 13.9965 9.32333 6.38429 6.11483 6.08993 9.91775 10.9099 9.51702
threshold=0.023925490000000004 1061.5000000000002 0.33245659000000005 0.01771625499999999 1.0000000180025095e-35 1561.5000000000002 0.079917967150964692 0.6257231525000001 1.6750335000000003 0.028056640000000004 1.5000000000000002 57.500000000000007 1.6087050000000003 1458.5000000000002
decision_type=2 2 2 2 2 2 2 2 2 2 2 2 2 2
left_child=2 -2 3 4 -1 6 -4 8 -8 -5 -7 12 -12 -13
right_child=1 -3 5 9 -6 10 7 -9 -10 -11 11 13 -14 -15
leaf_value=0.0047895982618223172 -0.0086304131017480266 0.034117356115349162 -0.019160264641936924 -0.03205494733327003 -0.018755246387857308 0.001142858896280212 0.040391806078345881 -0.0076039461185621188 -0.002629860458421411 -0.0084465073570994184 0.035049931745190305 -0.0068656981461121761 -0.015976761248980734 0.023709002127273601
leaf_weight=213.56809929774761 3.3384007616189129 3.0915601385004265 11.324877870058684 19.205172363590009 27.643351635838144 1177.1193140964283 27.746986816033086 9.3780891818515766 5.9324224801928258 88.195957489978241 2.4883261018966314 34.607445610740115 111.83625704597205 23.245143651588478
leaf_count=229909 7754 49 52384 9599 9883 50971 1993 1440 423 35042 443 20275 69971 1780
internal_value=5.21678e-05 0.0178565 -6.37852e-05 -0.00319122 0.00176523 0.000721504 0.0146818 0.0246502 0.0334534 -0.0139062 0.000106718 -0.00680939 -0.013444 0.006328
internal_weight=1758.72 6.42996 1752.29 348.613 241.211 1403.68 54.3824 43.0575 33.6794 107.401 1349.3 172.177 114.325 57.8526
internal_count=491916 7803 484113 284433 239792 199680 56240 3856 2416 44641 143440 92469 70414 22055
is_linear=0
shrinkage=0.04


Tree=440
num_leaves=15
num_cat=0
split_feature=41 45 7 14 23 8 26 41 51 9 40 39 40 39
split_gain=2.34193 9.44563 6.22618 7.76336 5.7817 6.47947 7.23258 6.44782 8.0772 6.56257 5.69533 9.19526 7.44427 5.46175
threshold=3.2658269999999994 0.0039497800000000008 381.50000000000006 16.500000000000004 0.96527305500000016 1.0294273200000001 1298.5000000000002 5.2978985999999972 0.005298325000000049 0.37512811000000007 1.0957044999999994 0.028229272077714928 1.646811300000002 0.14158606188751224
decision_type=2 2 2 2 2 2 2 2 2 2 2 2 2 2
left_child=10 2 -2 -4 -5 6 7 -6 9 -9 11 -1 13 -12
right_child=1 -3 3 4 5 -7 -8 8 -10 -11 12 -13 -14 -15
leaf_value=0.022140514892568436 0.038272032056183757 -0.0070684146495228022 -0.01094891306410839 -0.010582330915666897 0.0010890749858359348 -0.0019321490973410124 0.0027255578685430226 -0.0060032364008273499 -0.0097892055272840155 0.058046250396597422 0.0020526531003501737 -0.011574747882849781 -8.9882019953322853e-05 0.039379294555714386
leaf_weight=9.8035017625963956 7.8949395928025856 65.861249134220486 22.774747557062597 9.8504405757631712 6.9959701284069551 17.786471396704655 16.168472637813466 1.8904006043931136 2.2777117700443332 17.9301545066578 12.940911076180102 119.91365503939005 1437.1981645737992 8.3422888603613483
leaf_count=134963 18191 52670 28646 18212 272 863 817 214 157 878 20639 33456 181582 356
internal_value=5.16503e-05 0.00445173 0.0117657 0.00778629 0.0139665 0.0182976 0.0256485 0.0361195 0.0449624 0.0519587 -0.000430253 -0.00829951 0.000295602 0.0213915
internal_weight=1757.63 169.431 103.569 95.6744 72.8996 63.0492 45.2627 29.0942 22.0983 19.8206 1588.2 129.717 1458.48 21.2832
internal_count=491916 120920 68250 50059 21413 3201 2338 1521 1249 1092 370996 168419 202577 20995
is_linear=0
shrinkage=0.04


Tree=441
num_leaves=15
num_cat=0
split_feature=33 26 24 45 26 40 3 52 18 13 52 10 39 15
split_gain=2.29732 4.90817 8.25663 6.58122 6.50086 9.04049 6.44218 6.88397 7.99102 5.78572 6.03291 5.75388 6.79088 5.00105
threshold=-0.0018951503999999994 744.50000000000011 1112.5000000000002 -0.032988779999999988 243.50000000000003 8.5313986000000011 1.3753760000000002 0.0013049749999999984 0.95422586500000006 79.500000000000014 -0.0052338649999999964 2706.5000000000005 0.23305456246843628 97.500000000000014
decision_type=2 2 2 2 2 2 2 2 2 2 2 2 2 2
left_child=1 4 -3 -4 5 -1 9 -8 -9 10 -6 -5 13 -13
right_child=-2 2 3 11 6 -7 7 8 -10 -11 -12 12 -14 -15
leaf_value=-0.021399099996858257 -0.00094409004504024624 -0.01586161853917439 0.009651791490442584 0.0093652968044249142 -6.8807658910989363e-05 0.011799737270350842 0.0084760353312380143 0.0078166941309429413 -0.029335843526307678 -0.006435668886106095 0.020221379675950897 -0.020003615865271857 0.0037331844073413833 0.005512535270649258
leaf_weight=25.414233754866359 1184.6431956014171 47.475969227808037 94.064013744661224 37.499675213827686 29.634826042949953 18.814614142731671 46.611591560483816 12.997782895666775 17.141420450215946 18.470655417912212 106.6668616072667 57.46886773432243 47.512990241573789 12.984686117487852
leaf_count=24513 424006 4833 1055 1182 6316 345 4566 1292 1964 1516 17431 2039 433 425
internal_value=6.10893e-05 0.00213029 -0.00143245 0.00157052 0.00592481 -0.00751249 0.00859634 -0.000873293 -0.0144811 0.0131727 0.0159635 -0.00346739 -0.00776163 -0.0152473
internal_weight=1757.4 572.758 297.006 249.53 275.752 44.2288 231.523 76.7508 30.1392 154.772 136.302 155.466 117.967 70.4536
internal_count=491916 67910 9967 5134 57943 24858 33085 7822 3256 25263 23747 4079 2897 2464
is_linear=0
shrinkage=0.04


Tree=442
num_leaves=15
num_cat=0
split_feature=44 53 7 50 7 51 29 14 13 15 0 0 45 1
split_gain=2.32849 4.68389 8.20265 7.29657 7.11912 8.31227 10.3637 6.58192 8.52459 7.36401 7.7002 5.5588 5.31006 5.17523
threshold=0.10170858139604214 0.42598456250000005 193.50000000000003 6.5000000000000009 1033.5000000000002 0.0021410949999999822 0.43817111000000014 24.500000000000004 38.500000000000007 13.500000000000002 791.20050000000003 569.74850000000004 -0.059069999999999921 2.1077430000000006
decision_type=2 2 2 2 2 2 2 2 2 2 2 2 2 2
left_child=1 2 -1 -4 5 6 -3 8 -6 -9 11 -11 -12 -13
right_child=-2 4 3 -5 7 -7 -8 9 -10 10 12 13 -14 -15
leaf_value=0.023082739167499661 -0.00068023902559064757 0.039047243168425047 0.0026701560509773646 -0.024981773377900446 -0.027389770928870814 -0.0022222587742924175 0.0048879188940298638 -0.022412194598869811 0.0037651778972602875 -0.0060807267953557525 0.013418725754913936 0.023025967834898506 -0.01091838632598892 -0.0036992547882730097
leaf_weight=7.8122849059302544 1400.3105918738381 26.27390747400932 26.628757545724511 28.229809548472986 21.59343907982111 30.740116030792706 29.060342015698552 9.7060128796147165 27.578635830490384 15.229818282648919 15.771254678722469 62.767771158367395 42.560140648478409 12.46142788347788
leaf_count=62 488322 285 179 426 190 261 191 110 285 155 120 594 655 81
internal_value=5.63471e-05 0.00291969 -0.006649 -0.0124575 0.00503831 0.0143643 0.0229993 0.000926034 -0.0111815 0.00490936 0.00736233 0.0143812 -0.00379837 0.0186444
internal_weight=1756.72 356.414 62.6709 54.8586 293.743 86.0744 55.3342 207.669 49.1721 158.496 148.79 90.459 58.3314 75.2292
internal_count=491916 3594 667 605 2927 737 476 2190 475 1715 1605 830 775 675
is_linear=0
shrinkage=0.04


Tree=443
num_leaves=15
num_cat=0
split_feature=2 2 7 7 17 8 8 26 7 0 1 12 0 47
split_gain=2.28735 9.25514 7.97691 4.33587 4.99018 4.29665 4.78086 4.18512 3.21458 6.24589 10.5988 10.2562 10.7112 9.42287
threshold=3.1527325000000004 3.1361645000000005 1827.5000000000002 929.50000000000011 3467.5000000000005 1.0294273200000001 0.7415485850000002 486.50000000000006 2974.5000000000005 619.53850000000011 1.1389130000000003 1.0000000180025095e-35 546.69600000000014 2.4731263825000003
decision_type=2 2 2 2 2 2 2 2 2 2 2 2 2 2
left_child=1 8 3 4 -2 6 -3 -5 -1 11 -11 -10 -13 -12
right_child=2 5 -4 7 -6 -7 -8 -9 9 10 13 12 -14 -15
leaf_value=-0.00076772327450691199 -0.027703766934136724 0.0041325082560793123 -0.027369767705495641 -0.014662235497144611 0.013114652570193038 -0.0064434481315773055 0.049619115455597884 0.024134843569413592 -0.016904182943683236 0.024541965051544747 -0.0050928408214245711 -0.019613176456490938 0.0337105360768713 0.024840183200062788
leaf_weight=1448.156289886253 6.0504558741043883 6.8422889246145377 15.649977064859511 2.1872486941541629 4.4816429245852305 3.6161511234716945 6.7449475575360793 13.49375748193688 7.7220322483717601 21.929032098551261 170.78670030880971 3.8422234969605134 30.680199072422511 13.642639847006647
leaf_count=445758 10341 4839 2335 2471 130 505 288 1047 548 2684 19063 1182 593 132
internal_value=5.54302e-05 0.000292977 -0.00866381 0.00509953 -0.0117042 0.0259507 0.0339863 0.0164868 -4.26492e-05 0.0041129 0.00108216 0.0172363 0.0260453 -0.00228142
internal_weight=1755.83 1713.96 41.8631 26.2131 10.5321 17.2034 13.5872 15.681 1696.76 248.603 206.358 42.2445 34.5224 184.429
internal_count=491916 475592 16324 13989 10471 5632 5127 3518 469960 24202 21879 2323 1775 19195
is_linear=0
shrinkage=0.04


Tree=444
num_leaves=15
num_cat=0
split_feature=53 1 8 1 3 26 26 7 12 39 45 2 12 24
split_gain=2.30517 4.44954 5.70442 4.38068 4.90469 3.87972 3.41663 3.35347 16.0279 14.1901 16.5699 14.3207 13.6596 13.6085
threshold=4.2432694375000013 1.0719675000000002 1.8086167750000002 2.3414245000000005 1.0778530000000004 1038.5000000000002 436.50000000000006 1675.5000000000002 1.0000000180025095e-35 0.13425965761023531 -0.036675900000000004 2.5367780000000004 1.0000000180025095e-35 1237.5000000000002
decision_type=2 2 2 2 2 2 2 2 2 2 2 2 2 2
left_child=3 6 -3 7 -5 -4 -2 8 -1 10 11 -10 13 -9
right_child=1 2 5 4 -6 -7 -8 12 9 -11 -12 -13 -14 -15
leaf_value=0.00090105248265557507 -0.0082070479047578245 -0.028996320599617556 -0.011209012118973382 -0.012515945768939553 0.029567634459642389 0.018859313654967281 0.028524804769658237 -0.019922634858016975 0.03972953613349927 -0.022117087046363532 -0.017509299831756794 -0.0043677938114090814 0.0057711319655070047 0.0031222621151380321
leaf_weight=894.18834368544503 4.4180296201446918 15.905592385277144 11.953688869980626 2.9554562673536102 10.729661713991161 6.5572973628950413 3.6135272199071551 71.656020485411545 17.831167633991868 95.861732530931931 37.055889932479772 22.526961354480818 473.827659569248 85.661374982169946
leaf_count=381587 228 502 2767 3499 3404 237 54 35890 2603 2043 20620 1855 35231 1396
internal_value=5.9578e-05 -0.00863789 -0.0146704 0.000299712 0.019562 0.0011879 0.0129229 8.7564e-05 -0.00127751 -0.0122299 0.000612401 0.0173473 0.00238822 -0.00766474
internal_weight=1754.74 42.4481 34.4166 1712.29 13.6851 18.511 8.03156 1698.61 1067.46 173.276 77.414 40.3581 631.145 157.317
internal_count=491916 3788 3506 488128 6903 3004 282 481225 408708 27121 25078 4458 72517 37286
is_linear=0
shrinkage=0.04


Tree=445
num_leaves=15
num_cat=0
split_feature=10 17 0 9 12 16 14 18 1 43 51 0 45 2
split_gain=2.30177 11.1162 8.30517 9.50133 10.1103 8.09503 8.10796 10.2264 7.73847 7.5125 9.54727 8.56866 11.9929 7.51127
threshold=4608.5000000000009 4424.5000000000009 787.58500000000015 2.0455095400000003 1.0000000180025095e-35 6186.0000000000009 45.500000000000007 0.96654351000000005 1.7449310000000002 0.52005723999999998 0.0023773200000000165 769.31500000000017 0.03252355500000003 2.0118795000000005
decision_type=2 2 2 2 2 2 2 2 2 2 2 2 2 2
left_child=1 -1 3 4 -2 6 7 8 -4 10 -5 12 13 -11
right_child=2 -3 5 9 -6 -7 -8 -9 -10 11 -12 -13 -14 -15
leaf_value=-0.00025483943767710564 -0.015265407593433622 0.013576056559714113 0.034660219539709644 0.018464631537126582 0.031535421635806443 0.0033639759881417676 -0.027183783500652758 -0.022220708521768363 -0.01755715675966087 0.012623759474784328 -0.016468750572792953 0.018650570031871153 0.011250604035268761 -0.032759950164256514
leaf_weight=1400.3982958425656 6.5015336382638251 94.576870462532725 10.032863792913306 36.935260671656579 24.327377640633586 38.472671865339521 49.769401820895155 11.698943720670966 2.9256159565561566 4.0934143815247799 13.402733818162231 8.7185488182471982 14.669325282473208 36.949442424231393
leaf_count=471010 355 5378 1221 277 416 3862 4595 1814 366 223 89 202 1091 1017
internal_value=5.69513e-05 0.000662485 -0.00339117 0.00290978 0.0209126 -0.0112958 -0.0186085 0.000365127 0.0212652 -0.00259725 0.00851583 -0.0112676 -0.0171 -0.0273543
internal_weight=1753.47 1494.98 258.497 145.598 30.8289 112.899 74.4268 24.6574 12.9585 114.769 50.338 64.4307 55.7122 41.0429
internal_count=491916 476388 15528 3670 771 11858 7996 3401 1587 2899 366 2533 2331 1240
is_linear=0
shrinkage=0.04


Tree=446
num_leaves=15
num_cat=0
split_feature=38 23 36 39 44 39 15 9 8 11 0 17 35 8
split_gain=2.29597 6.39396 7.49616 11.4124 7.81996 6.98496 6.52594 6.16817 4.41555 7.55869 8.70555 7.27175 6.85748 6.4871
threshold=0.69956738000000007 0.24908577500000004 0.055831198233227027 0.01930288653186896 0.65637984939306304 0.23305456246843628 5.5000000000000009 0.30875990000000003 0.25328506500000009 2169.4599125000004 868.86050000000012 3720.5000000000005 0.85214091500000011 0.41997411500000004
decision_type=2 2 2 2 2 2 2 2 2 2 2 2 2 2
left_child=1 -1 3 7 -4 -6 -5 -3 11 10 -10 -2 -11 -14
right_child=8 2 4 6 5 -7 -8 -9 9 12 -12 -13 13 -15
leaf_value=-0.019024691739464396 -0.0084369825077133219 0.047941480488410404 -0.0014902200242138137 0.019396858351573235 0.057058193282966227 -0.0095733122168444127 -0.022066336731136039 -0.010824497682801699 0.010581068286973579 -0.021796041737414482 -0.01726132926797681 0.017374329668513714 -0.0069224660602967515 0.00098854968495578396
leaf_weight=7.4527442548841227 169.78190933366182 4.6826105487997465 7.6231858637620489 3.7920742430926593 8.6310132400742514 1.5122833500072363 20.069190322203895 1.8521193309459247 172.46554245553989 18.920770023520163 15.479293417144843 14.724989110116438 189.65959070886902 1115.5707153348758
leaf_count=263063 12998 15962 225 9692 6292 1129 93976 34314 9575 9819 4413 279 4741 25438
internal_value=5.59215e-05 0.00770561 0.0132422 0.000208537 0.0305979 0.0472431 -0.0132581 0.0338134 -0.000216743 0.000503009 0.00790006 -0.00597299 -0.000572668 -0.000183009
internal_weight=1752.22 55.6152 48.1625 30.396 17.7665 10.1433 23.8613 6.53473 1696.6 1512.1 187.945 184.507 1324.15 1305.23
internal_count=491916 424653 161590 153944 7646 7421 103668 50276 67263 53986 13988 13277 39998 30179
is_linear=0
shrinkage=0.04


Tree=447
num_leaves=15
num_cat=0
split_feature=43 39 37 45 2 53 18 0 25 3 23 8 0 37
split_gain=2.30612 4.19765 6.62224 5.34531 5.92433 5.06634 6.72585 7.35895 11.2363 4.05683 3.9758 10.0292 6.13474 5.77016
threshold=-1.0000000180025095e-35 0.47742872255299512 1.508634578571429 0.028135830000000004 1.7961265000000002 0.40309909500000002 0.9684659000000001 1015.1350000000001 1061.5000000000002 1.8357250000000003 0.24908577500000004 0.46325701500000005 965.66950000000008 0.4505998971428572
decision_type=2 2 2 2 2 2 2 2 2 2 2 2 2 2
left_child=1 3 -3 4 -1 -6 7 8 -7 10 11 12 -2 -12
right_child=9 2 -4 -5 5 6 -8 -9 -10 -11 13 -13 -14 -15
leaf_value=0.027215860421090501 -0.030168202658084654 -0.004277023662798681 0.032970437923797495 -0.012717164834527164 -0.017476384848202901 -0.008818776077160851 -0.01339332502874536 -0.01290975012296703 0.032812445818685643 -0.020271132976345502 0.015252875370786368 0.0024458745304497273 0.0067878731396875669 -7.7145471374873631e-05
leaf_weight=12.373482920462264 29.245252373307096 11.217270361259581 13.603313499130307 27.475723739597015 13.370637084939515 12.563511433778329 16.653204399859533 10.161825564689932 27.871956226183102 11.248709341130732 35.366510404925975 59.496141120405809 7.0599433232732158 1464.0301145189965
leaf_count=127 78068 66 123 497 186 147 161 123 280 3801 115993 47310 138045 106989
internal_value=5.70644e-05 0.00479575 0.0182424 0.00140878 0.00601828 0.0013656 0.00606192 0.0130939 0.0203304 -0.000385064 -0.000181934 -0.00787199 -0.0230299 0.000333939
internal_weight=1751.74 145.291 24.8206 120.47 92.9946 80.6211 67.2505 50.5973 40.4355 1606.45 1595.2 95.8013 36.3052 1499.4
internal_count=491916 1710 189 1521 1024 897 711 550 427 490206 486405 263423 216113 222982
is_linear=0
shrinkage=0.04


Tree=448
num_leaves=15
num_cat=0
split_feature=44 3 26 11 2 15 53 2 2 42 1 15 1 15
split_gain=2.27168 5.59216 5.66572 7.63205 17.3636 8.18371 7.86687 7.126 15.0438 10.0349 9.37728 7.69148 9.03796 8.39111
threshold=0.17563164833302702 0.76367250000000009 636.50000000000011 2846.3058315000003 3.0050855000000003 20.500000000000004 0.60455352000000007 2.4824315000000001 2.6788675000000004 -0.59843429999999997 1.7014470000000002 77.500000000000014 1.5940085000000002 34.500000000000007
decision_type=2 2 2 2 2 2 2 2 2 2 2 2 2 2
left_child=1 -1 -3 4 6 -5 -4 11 9 -9 -10 13 -13 -7
right_child=-2 2 3 5 -6 7 -8 8 10 -11 -12 12 -14 -15
leaf_value=0.018357713596969277 -0.00094550781926358433 0.0093067478322419323 0.0076226818882697556 -0.017021771650401064 -0.029498041591050482 0.0040598562190248865 0.036145541109562959 0.037798372334566704 -0.019490815338170087 -0.005661372348125711 0.0039384870384512466 0.029371959021745102 -0.013379711445898499 -0.019910504683930793
leaf_weight=27.05966620613026 1181.529609038636 104.11100785259623 54.189999009831809 54.425435200246284 10.75732194597367 31.825216800236376 19.084443202242255 24.878358568646945 30.960206893621944 10.239478560048154 109.3759455953259 12.714559390442448 10.291237869649192 69.823288585845148
leaf_count=255 486368 788 614 586 176 413 157 214 302 97 901 215 88 742
internal_value=5.4456e-05 0.00211838 0.00114843 -0.000871345 0.0096249 -0.00345842 0.0168859 -0.000760038 0.00439254 0.0260003 -0.00172308 -0.00790213 0.0112733 -0.0125671
internal_weight=1751.27 569.736 542.676 438.565 84.0318 354.534 73.2744 300.108 175.454 35.1178 140.336 124.654 23.0058 101.649
internal_count=491916 5548 5293 4505 947 3558 771 2972 1514 311 1203 1458 303 1155
is_linear=0
shrinkage=0.04


Tree=449
num_leaves=15
num_cat=0
split_feature=13 2 2 2 8 2 21 48 4 23 1 1 16 2
split_gain=2.27443 2.37524 13.8724 7.43902 13.4095 10.3728 6.41517 6.38561 6.27644 6.86928 6.0591 7.63192 9.04096 9.33251
threshold=266.50000000000006 2.6851510000000007 2.7019100000000003 2.6306915000000006 1.1854459650000002 2.6139950000000005 2.2012755400000006 -0.035376069999999933 935.50000000000011 1.1748826350000001 1.4619615000000004 1.7411330000000003 2038.5000000000002 3.0285875000000004
decision_type=2 2 2 2 2 2 2 2 2 2 2 2 2 2
left_child=1 3 -3 5 8 7 -7 -1 9 -5 -4 12 -12 -14
right_child=-2 2 10 4 -6 6 -8 -9 -10 -11 11 -13 13 -15
leaf_value=-0.022938957778837338 0.018312115077159789 -0.02653291466212794 0.023675267116439993 -0.021711043711269369 -0.020625079164193521 -0.036123244242531986 0.011607852815042409 0.0010548018039759138 0.030588058312475051 0.01800774998140096 0.011565110199963617 0.001436679669499984 -0.021372018611169837 0.008993113998475067
leaf_weight=13.035560114913094 5.8526863919364578 30.252322440351179 10.994444295540005 6.8543002925154068 10.850615487618027 14.349248118265907 3.2525585302500977 1120.1833999487051 35.145286883492645 11.960952358804205 20.882733393450451 374.04594472816984 74.796427113348386 17.306303180155282
leaf_count=7865 364 5708 2629 15039 1601 5807 38 289616 689 246 25879 125985 8362 2088
internal_value=5.71183e-05 -5.63245e-05 -0.00228319 0.000916796 0.0135953 0.000147052 -0.0266865 0.000679244 0.021642 0.00201801 -0.000561066 -0.00134321 -0.0102171 -0.0154971
internal_weight=1749.76 1743.91 528.278 1215.63 64.8112 1150.82 17.6018 1133.22 53.9605 18.8153 498.026 487.031 112.985 92.1027
internal_count=491916 491552 170651 320901 17575 303326 5845 297481 15974 15285 164943 162314 36329 10450
is_linear=0
shrinkage=0.04


Tree=450
num_leaves=15
num_cat=0
split_feature=2 2 7 8 8 7 17 40 49 53 14 11 2 39
split_gain=2.28561 8.6635 7.42991 4.09279 4.48514 3.86816 4.76582 4.46058 2.8399 8.41819 11.8121 10.8313 8.30454 7.68565
threshold=3.1527325000000004 3.1361645000000005 1946.5000000000002 1.0294273200000001 0.7415485850000002 929.50000000000011 3467.5000000000005 23.371797300000008 3.5000000000000004 0.32796950000000008 31.500000000000004 2308.9589405000006 2.2656915000000004 0.25863827904006409
decision_type=2 2 2 2 2 2 2 2 2 2 2 2 2 2
left_child=1 8 5 4 -3 6 -2 -7 -1 10 12 -11 -10 -13
right_child=2 3 -4 -5 -6 7 -8 -9 9 11 -12 13 -14 -15
leaf_value=-0.001564563699616885 -0.027397164918731731 0.0040177877003180111 -0.027483685060025569 -0.0064732714103430313 0.048081533147535965 0.027363944595727913 0.01267622128953615 -0.0076849476681601228 -0.0038239190747508447 0.014998265915633897 0.013394372616113284 -0.0022723731155219811 -0.033969179347706997 0.0070126144628896896
leaf_weight=902.48697779641634 5.9599534064340123 6.8426685879219367 14.637189344644069 3.5794275119694694 6.7554009137350022 9.8141859747318012 4.4399630399825583 6.6577732345112954 30.179955932341386 99.437936856470287 20.406981469620405 394.87818412884178 26.255020255512363 216.88511763699171
leaf_count=448899 10341 4839 2135 505 288 3592 130 126 2102 7000 448 6932 3033 1546
internal_value=5.17059e-05 0.00028915 -0.00869778 0.0251274 0.0329496 0.00424125 -0.0117279 0.0147069 -3.65862e-05 0.00171212 -0.0104582 0.00309091 -0.0194715 0.00104955
internal_weight=1749.22 1707.71 41.5091 17.1775 13.5981 26.8719 10.3999 16.472 1690.53 788.043 76.842 711.201 56.435 611.763
internal_count=491916 475592 16324 5632 5127 14189 10471 3718 469960 21061 5583 15478 5135 8478
is_linear=0
shrinkage=0.04


Tree=451
num_leaves=15
num_cat=0
split_feature=44 51 51 45 12 0 7 7 7 2 14 13 15 39
split_gain=2.319 4.41621 4.61975 5.36902 5.36472 7.76045 7.73789 5.90998 7.58725 5.46249 5.01374 6.33858 6.19455 7.44758
threshold=0.10170858139604214 -0.0092398399999999974 -0.006184719999999976 -0.054144424999999934 1.0000000180025095e-35 1003.3975000000002 1585.5000000000002 2682.5000000000005 3145.5000000000005 2.9152675000000001 27.500000000000004 50.500000000000007 34.500000000000007 0.13425965761023531
decision_type=2 2 2 2 2 2 2 2 2 2 2 2 2 2
left_child=1 -1 -3 -4 10 6 9 -8 -9 -6 11 12 13 -5
right_child=-2 2 3 4 5 -7 7 8 -10 -11 -12 -13 -14 -15
leaf_value=0.022765968727707069 -0.00068384499851021881 -0.013722067860589817 0.012003295907927886 0.02196717023460509 -0.023441230887664193 -0.028750955971010773 0.022328528211390083 -0.026474824891845924 0.012723698749126272 0.0076838442850653693 0.012862467331395618 0.017170976951007933 -0.021079084183522011 -0.0099335032567681742
leaf_weight=12.130795989884062 1394.661446871188 23.039317189250141 77.877950302441604 14.124567556488953 24.032845898880623 15.824610610259695 21.565295011852868 8.8556770128197986 13.711411395575849 10.180630003800614 64.243869283702224 16.975416585337371 25.390523309353739 25.407436601642985
leaf_count=114 488322 237 579 154 379 384 309 97 156 133 524 126 205 197
internal_value=5.14022e-05 0.00292237 0.00189834 0.00322417 0.00019245 -0.00704072 -0.00119387 0.00945233 -0.00467036 -0.0143808 0.00493207 -0.00167098 -0.00747319 0.00265113
internal_weight=1748.02 353.36 341.23 318.19 240.312 94.1705 78.3459 44.1324 22.5671 34.2135 146.142 81.8979 64.9225 39.532
internal_count=491916 3594 3480 3243 2664 1458 1074 562 253 512 1206 682 556 351
is_linear=0
shrinkage=0.04


Tree=452
num_leaves=15
num_cat=0
split_feature=36 43 8 44 11 13 19 16 7 36 0 36 42 36
split_gain=2.24839 5.00682 7.76887 6.66073 9.74784 5.91413 4.83338 6.68038 5.68273 5.39451 5.30245 9.86059 7.10897 5.86615
threshold=0.034971840058605215 1.1260121950000002 0.21679173500000001 0.71029962373785238 1227.9774925000004 270.50000000000006 0.032922445000000009 4606.5000000000009 1652.5000000000002 0.025946517604101101 610.15200000000016 0.030741640152779848 -0.59843429999999997 0.032713020842464337
decision_type=2 2 2 2 2 2 2 2 2 2 2 2 2 2
left_child=1 6 3 -3 -5 -4 7 8 9 -1 11 -8 -12 -14
right_child=-2 2 5 4 -6 -7 10 -9 -10 -11 12 -13 13 -15
leaf_value=-0.010139932406218431 -0.00034648431544586364 -0.018474812345476443 -0.026180025837433837 -0.00016365678697622215 0.060167291050720308 0.023096652232722094 0.031823173695649541 -0.012565223247982591 0.056688587155464765 0.027982028422656922 0.016903865355947126 -0.021251426329876567 -0.022647167593099229 0.016170915798371054
leaf_weight=7.1997049368793631 1626.8299223381846 4.2225875669119004 20.346496930579068 10.382874676627464 2.2638340485915469 0.65385975734352442 14.734420526656324 3.9409159232054654 4.9858015995414453 8.1985516932909359 11.734292086272033 3.8507474391954011 23.588537018455103 4.1002539083201546
leaf_count=801 77059 2709 227060 166139 11633 213 571 216 497 637 173 155 3639 414
internal_value=5.00057e-05 0.00521566 -0.00627121 0.0120782 0.0246237 -0.0204992 0.0105557 0.0238484 0.0319767 0.0120411 0.00353137 0.0186524 -0.00489421 -0.0153046
internal_weight=1747.03 120.203 37.8697 16.8693 12.6467 21.0004 82.3332 24.325 20.3841 15.3983 58.0083 18.5852 39.4231 27.6888
internal_count=491916 414857 407754 180481 177772 227273 7103 2151 1935 1438 4952 726 4226 4053
is_linear=0
shrinkage=0.04


Tree=453
num_leaves=15
num_cat=0
split_feature=21 44 30 1 9 8 0 17 33 45 53 45 42 48
split_gain=2.27389 6.68344 9.01266 8.63634 6.93197 10.146 5.80879 6.39944 5.55678 5.43889 8.81452 7.44282 8.7137 7.50588
threshold=0.9447718300000002 0.42050185613730934 0.021262623999999997 1.3691550000000003 0.49538250500000008 0.35071346000000003 1019.0160000000001 4311.5000000000009 -0.00044650080000000028 0.081413010000000022 0.16027413000000001 -0.015420835000000048 0.57253192000000019 -0.011827552499999982
decision_type=2 2 2 2 2 2 2 2 2 2 2 2 2 2
left_child=6 -2 4 -4 5 -3 9 -8 -5 10 -1 -12 -13 -14
right_child=1 2 3 8 -6 -7 7 -9 -10 -11 11 12 13 -15
leaf_value=-0.015288974449916748 0.00039203601590765769 -0.014720980014036298 0.027773202157368539 0.010352172429983772 -0.026500991451181767 0.028890782032342691 -0.023834266719960251 0.014904360699871238 -0.01171372223047157 -0.0033831277118737215 -0.0041200360131546888 0.007730257893531876 -0.010624775577902699 0.035113388626515495
leaf_weight=16.83435054036471 1311.820596837726 24.247965109099827 11.025609920034183 22.93683846690692 46.518324123090679 7.0754108877372337 18.39313202619002 5.7246959429867266 49.375904627057025 77.60770230330354 33.192791138190842 77.976791577972108 4.296764004144733 39.605534572216129
leaf_count=45497 16622 3924 117 224 9565 638 236113 9949 1182 19125 46436 6163 16832 79529
internal_value=6.11716e-05 -0.000563864 -0.0081215 0.00110196 -0.0174668 -0.00224898 0.00337557 -0.0136588 -0.0044978 0.00525808 0.00914454 0.0121917 0.0166214 0.0300083
internal_weight=1746.63 1473 161.18 83.3384 77.8417 31.3234 273.632 24.1178 72.3127 249.514 171.906 155.072 121.879 43.9023
internal_count=491916 32272 15650 1523 14127 4562 459644 246062 1406 213582 194457 148960 102524 96361
is_linear=0
shrinkage=0.04


Tree=454
num_leaves=15
num_cat=0
split_feature=41 45 11 21 9 40 39 40 39 1 28 28 11 8
split_gain=2.28151 8.44842 5.83185 9.24306 5.18938 5.12604 8.46957 6.86362 5.13837 7.03369 4.96644 5.58455 4.87891 6.89738
threshold=3.2658269999999994 0.0039497800000000008 1815.2977980000003 1.5941471050000002 0.17299790500000004 1.0957044999999994 0.028229272077714928 1.646811300000002 0.14158606188751224 1.0719675000000002 -0.019120324999999976 0.020193185000000006 943.13792950000004 0.25328506500000009
decision_type=2 2 2 2 2 2 2 2 2 2 2 2 2 2
left_child=5 2 4 -4 -2 6 12 8 9 -7 -5 -12 -1 -14
right_child=1 -3 3 10 -6 7 -8 -9 -10 -11 11 -13 13 -15
leaf_value=-0.012844106381234644 -0.010734480850277894 -0.0065822743879846201 -0.019085437268641117 -0.0069863281260728206 0.039630995150535288 0.030778208441249483 -0.011132675166290591 -0.00010012091268339206 0.037866203548836082 -0.015377887263772053 0.040266587925138049 0.0098915555716463082 0.050915113002270126 -0.0068697360084888593
leaf_weight=2.3328625420541567 1.811214931597134 64.825613764007699 13.833553509942986 14.457759943921699 11.904004886365781 3.3014939607409728 118.29324576692773 1428.4869997449566 8.4193143186705566 9.5691789901966882 8.8410925828502496 52.146908895578235 4.2081172525828379 3.5131584549625359
leaf_count=72200 12390 52670 16961 945 37250 1091 33456 181582 356 19548 175 529 13158 49605
internal_value=5.94403e-05 0.00442319 0.0113342 0.00665279 0.0318889 -0.000417112 -0.0079223 0.000272261 0.0205249 0.00176053 0.012265 0.0170123 0.0210019 0.0322569
internal_weight=1745.94 167.82 102.995 89.2793 13.7152 1578.12 128.347 1449.78 21.29 12.8707 75.4458 60.988 10.0541 7.72128
internal_count=491916 120920 68250 18610 49640 370996 168419 202577 20995 20639 1649 704 134963 62763
is_linear=0
shrinkage=0.04


Tree=455
num_leaves=15
num_cat=0
split_feature=13 3 53 13 4 39 0 11 9 45 11 2 44 43
split_gain=2.22984 2.73034 2.93883 2.54174 6.9162 8.5579 9.25909 6.93783 7.49357 8.87629 6.74211 6.06447 5.63873 5.08215
threshold=196.50000000000003 0.85154450000000015 0.38164421250000008 75.500000000000014 1793.5000000000002 0.35596371538418697 743.75650000000007 3684.5839330000003 1.8528182750000002 -0.061880605000000026 4729.6954135000005 2.8841785000000004 0.35559481964104928 1.0000000180025095e-35
decision_type=2 2 2 2 2 2 2 2 2 2 2 2 2 2
left_child=3 -2 -3 -1 5 -5 -7 12 9 -9 11 -10 -6 -11
right_child=1 2 -4 4 7 6 -8 8 10 13 -12 -13 -14 -15
leaf_value=0.0006424135145229004 -0.0037085204298443752 -0.0079389720114086647 0.03230042479572471 -0.01180184109919308 0.026343215501760952 0.023087886653233036 -0.01553226239239304 0.018058691182317448 0.015093794093582219 0.0057638328021529881 0.018273909907217493 -0.02202436353757236 -0.0053556987471907614 -0.03035566180730034
leaf_weight=1412.788817629164 7.6964406092795334 1.6541192342083357 6.5401580035495499 158.85485827437674 25.574907747912221 21.740702395982225 11.483384492777985 6.6909133410954373 6.969350510567895 6.0834774312097606 30.54179334789842 13.627344819935386 10.624942587554868 24.814284910316928
leaf_count=468483 466 39 479 19803 250 247 207 64 134 66 735 216 340 387
internal_value=7.0171e-05 0.0130604 0.0242473 -8.64614e-05 -0.00329435 -0.00797867 0.00945378 0.00393781 -0.00224195 -0.0147933 0.00747963 -0.00896961 0.0175185 -0.0234318
internal_weight=1745.69 15.8907 8.19428 1729.79 317.006 192.079 33.2241 124.927 88.7272 37.5887 51.1385 20.5967 36.1999 30.8978
internal_count=491916 984 518 490932 22449 20257 454 2192 1602 517 1085 350 590 453
is_linear=0
shrinkage=0.04


Tree=456
num_leaves=15
num_cat=0
split_feature=48 39 0 8 8 0 1 39 0 2 1 13 1 40
split_gain=2.22434 9.0094 6.8541 10.6523 8.79144 18.2311 8.58365 14.5675 7.85676 6.81484 10.2623 10.662 9.72651 9.3656
threshold=0.093803340000000054 0.21156294496593567 634.07350000000008 0.24878387000000002 1.2201735550000004 725.00900000000013 1.4619615000000004 0.25863827904006409 864.98350000000016 2.3724420000000008 1.7718985000000003 29.500000000000004 1.9825010000000003 23.371797300000008
decision_type=2 2 2 2 2 2 2 2 2 2 2 2 2 2
left_child=-1 -2 3 -3 6 -6 7 8 -4 -8 11 -11 13 -12
right_child=1 2 4 -5 5 -7 9 -9 -10 10 12 -13 -14 -15
leaf_value=0.0012099040583368934 -0.0088906949527375271 -0.015400211892701455 0.0095744164194217999 0.013523302942715539 -0.038017374036226063 0.0039000419638100048 0.011866423464564511 0.022307969126746499 -0.0239136833608827 0.011695865521265811 0.032141706226161255 -0.026858311452249907 -0.010777516364441622 -0.00097531310209021053
leaf_weight=1066.1033060852046 193.5253760988453 20.249630325008184 17.374877430032939 113.5080944296933 24.925425022782292 35.425011367929983 32.990249037626199 59.126647371333092 18.666536375181749 11.460086045495698 18.258120218953991 49.401513263583183 51.635295863408828 32.433320090407506
leaf_count=486391 1974 197 111 851 161 263 217 432 134 75 128 353 417 212
internal_value=7.21707e-05 -0.00171003 0.00121398 0.00874741 -0.0017336 -0.0149965 0.00122038 0.01077 -0.00857007 -0.00356475 -0.00694435 -0.0192619 0.000937871 0.0127676
internal_weight=1745.08 678.98 485.455 133.758 351.697 60.3504 291.347 95.1681 36.0414 196.179 163.188 60.8616 102.327 50.6914
internal_count=491916 5525 3551 1048 2503 424 2079 677 245 1402 1185 428 757 340
is_linear=0
shrinkage=0.04


Tree=457
num_leaves=15
num_cat=0
split_feature=33 21 37 18 48 26 26 11 43 36 39 16 4 1
split_gain=2.17855 5.04009 6.78753 7.80706 5.96083 5.82078 6.15507 7.3147 5.97196 5.81135 10.605 6.30262 5.77962 6.82362
threshold=0.0024733450000000018 0.97635714500000004 1.4093456428571431 0.97427695500000011 0.061354135000000039 409.50000000000006 546.50000000000011 1992.1256455000002 0.52005723999999998 0.062632909309461998 0.096539658888591687 1317.5000000000002 759.50000000000011 1.4651925000000003
decision_type=2 2 2 2 2 2 2 2 2 2 2 2 2 2
left_child=-1 9 5 4 -4 8 12 -8 -3 -2 11 -11 -7 -14
right_child=1 2 3 -5 -6 6 7 -9 -10 10 -12 -13 13 -15
leaf_value=0.0010865525625245226 -0.012027015659779492 7.9269864172324848e-05 -0.0058223781091422226 -0.016225224791693093 0.007128372993266561 -0.0086234525567565837 0.01395654083747391 -0.015395755141391418 -0.029677200634823212 -0.008336885261606931 0.0022451453467321114 0.040298312229391973 0.034985882613755216 -0.0035286555371212003
leaf_weight=1146.8805873297301 23.091242557761916 15.078351409640161 82.287308038736228 35.606555136335373 159.91289923613658 18.27086641130154 12.214362496040847 77.222086512976603 32.721177794246614 3.4514387190636198 98.00553332690879 16.121207603167022 11.765426157740878 11.635711759940021
leaf_count=444222 32664 120 2441 599 1061 510 450 2224 524 844 4981 1103 71 102
internal_value=6.73763e-05 -0.00188205 -0.00391545 3.00221e-05 0.0026996 -0.00987618 -0.00513151 -0.0108604 -0.0211719 0.00462759 0.00825557 0.0317707 0.00701012 0.0185856
internal_weight=1744.26 597.384 456.715 277.807 242.2 178.908 131.108 89.4364 47.7995 140.669 117.578 19.5726 41.672 23.4011
internal_count=491916 47694 8102 4101 3502 4001 3357 2674 644 39592 6928 1947 683 173
is_linear=0
shrinkage=0.04


Tree=458
num_leaves=15
num_cat=0
split_feature=3 9 28 2 1 53 1 7 17 16 12 8 28 14
split_gain=2.2245 4.88306 5.23807 7.56383 7.94599 12.3258 7.87864 5.77376 5.01442 8.49972 4.50426 4.41186 3.90055 3.58524
threshold=1.5605365000000002 0.52164758500000008 0.18241813999999992 2.3532855000000006 1.1856060000000002 0.77596399750000011 1.2804375000000003 1033.5000000000002 3111.5000000000005 2021.5000000000002 1.0000000180025095e-35 1.0585352750000003 0.15382161499999999 56.500000000000007
decision_type=2 2 2 2 2 2 2 2 2 2 2 2 2 2
left_child=-1 12 10 4 7 6 -6 -4 9 -5 -3 -12 -2 -10
right_child=1 2 3 8 5 -7 -8 -9 13 -11 11 -13 -14 -15
leaf_value=0.00051512450426101765 0.0030045389841878399 -0.028271989933994459 0.018582482784019309 0.013208186072490307 0.018558158941187612 0.03870021004607916 -0.030434129625010034 -0.019169139412707186 0.018820694794665055 -0.027084706886543849 0.015670846031467435 -0.0170572838425408 -0.031405434649310636 -0.0084876571137783175
leaf_weight=1588.9114294453834 6.4630106415309028 13.762242180579223 5.3522794286564048 8.2681795818205028 5.6241485233695112 21.812072637462734 5.793444924405776 13.299810406553659 11.411259698791129 24.018930129533601 8.9881863998409717 7.4621581506235648 12.019336053534969 10.389889697932629
leaf_count=456017 17470 11840 90 340 68 253 152 180 123 419 871 3497 518 78
internal_value=6.44003e-05 -0.00443713 -0.00147607 0.00284234 0.0131481 0.0237069 -0.00799901 -0.00669795 -0.00731911 -0.0163789 -0.0148756 0.000309372 -0.0212951 0.00665073
internal_weight=1743.58 154.665 136.183 105.97 51.8818 33.2297 11.4176 18.6521 54.0883 32.2871 30.2126 16.4503 18.4823 21.8011
internal_count=491916 35899 17911 1703 743 473 220 270 960 759 16208 4368 17988 201
is_linear=0
shrinkage=0.04


Tree=459
num_leaves=15
num_cat=0
split_feature=2 2 7 0 26 8 8 10 7 29 1 0 47 53
split_gain=2.20253 8.35439 7.01161 4.05781 5.89868 3.95021 4.1889 3.31946 2.88945 5.66878 7.79807 8.9591 8.44887 8.89321
threshold=3.1527325000000004 3.1361645000000005 1827.5000000000002 777.00900000000013 1236.5000000000002 1.0294273200000001 0.7415485850000002 2177.5000000000005 2974.5000000000005 0.11114163500000002 1.1389130000000003 619.53850000000011 2.4731263825000003 1.7035763575
decision_type=2 2 2 2 2 2 2 2 2 2 2 2 2 2
left_child=1 8 3 7 -5 6 -3 -2 -1 -10 -11 -12 13 -13
right_child=2 5 -4 4 -6 -7 -8 -9 9 10 11 12 -14 -15
leaf_value=-0.00071795938034818329 -0.013712849731299642 0.0041253616735079249 -0.026225283889285977 -0.028802452680529313 0.013474064794568585 -0.0064093134216171048 0.046983123401173138 0.023322502931313258 -0.019634729733563325 0.023149528485818128 0.021372653208768102 0.01706967205606498 0.024973193688411208 -0.0077143052927021614
leaf_weight=1439.1999403561867 1.4312905592346989 6.818189141286668 15.331549781842396 6.1991221259314653 5.8534807336268386 3.5522484758555484 6.769257418656025 12.267019802697176 10.560545754233884 29.004657004266846 28.48240609301547 22.67611166093036 12.949688382446764 141.76369922337335
leaf_count=445758 2462 4839 2335 11093 134 505 288 300 20340 507 440 681 81 2153
internal_value=5.7666e-05 0.000290486 -0.00857167 0.00449408 -0.0103399 0.0247021 0.0323719 0.0168207 -3.02439e-05 0.00393622 0.0053832 0.0023906 -0.00115959 -0.00389376
internal_weight=1742.86 1701.78 41.0825 25.7509 12.0526 17.1397 13.5874 13.6983 1684.64 245.437 234.877 205.872 177.389 164.44
internal_count=491916 475592 16324 13989 11227 5632 5127 2762 469960 24202 3862 3355 2915 2834
is_linear=0
shrinkage=0.04


Tree=460
num_leaves=15
num_cat=0
split_feature=53 1 8 1 3 8 36 4 8 8 2 15 26 13
split_gain=2.16613 4.18253 5.12175 4.12645 4.51937 3.66626 3.79447 3.34545 3.13633 8.36262 4.34802 4.47591 4.17472 3.05211
threshold=4.2432694375000013 1.0719675000000002 1.8086167750000002 2.3414245000000005 1.0778530000000004 2.3832686700000001 0.19855643393868755 629.50000000000011 1.8981654300000004 1.6688945700000002 2.9091900000000002 134.50000000000003 405.50000000000006 12.500000000000002
decision_type=2 2 2 2 2 2 2 2 2 2 2 2 2 2
left_child=3 7 -3 8 -5 6 -4 -2 9 13 11 12 -11 -1
right_child=1 2 5 4 -6 -7 -8 -9 -10 10 -12 -13 -14 -15
leaf_value=-0.0059683250443315706 -0.010267694012104948 -0.027979549078033825 0.02160794098850263 -0.011854924523897976 0.028746003462111883 -0.0214355617894431 -0.011182416244104595 0.026194031666381529 -0.0155257271461176 -0.0072112171948684311 -0.011337638832980588 -0.0086216590520104674 0.041383392722254164 0.00042683512124267955
leaf_weight=124.50305198448177 3.3995345420254344 15.625008458414412 9.5902183121601769 2.939557308834309 10.554842201100426 3.399519520373075 5.2639635331724994 4.4922262770851376 15.333039532119981 1.7562504861576886 2.4257384775997926 2.4091856856409768 13.944110137116693 1526.2116804640491
leaf_count=194925 235 502 1122 3499 3404 1846 36 47 10486 2322 945 287 1617 270643
internal_value=6.35022e-05 -0.0084293 -0.0143173 0.000296275 0.0190878 0.00087901 0.0100981 0.0125969 8.99479e-05 0.000279099 0.0229949 0.0290517 0.0355187 -7.20785e-05
internal_weight=1741.85 41.7705 33.8787 1700.08 13.4944 18.2537 14.8542 7.89176 1686.58 1671.25 20.5353 18.1095 15.7004 1650.71
internal_count=491916 3788 3506 488128 6903 3004 1158 282 481225 470739 5171 4226 3939 465568
is_linear=0
shrinkage=0.04


Tree=461
num_leaves=15
num_cat=0
split_feature=0 25 15 10 2 53 19 18 3 0 18 7 10 7
split_gain=2.16598 2.91986 6.78778 8.19947 7.34336 11.2601 6.71998 6.84057 6.28437 5.83315 7.0955 7.0052 5.7486 18.4161
threshold=1825.5915000000002 1603.5000000000002 77.500000000000014 4788.5000000000009 3.0095670000000005 0.79817125500000008 0.033413370000000005 0.9756654950000001 0.88354200000000016 999.29700000000014 0.9584022900000001 1725.5000000000002 3536.5000000000005 2553.5000000000005
decision_type=2 2 2 2 2 2 2 2 2 2 2 2 2 2
left_child=1 12 4 -4 5 -3 7 -7 9 10 -5 -11 -1 -14
right_child=-2 2 3 8 -6 6 -8 -9 -10 11 -12 -13 13 -15
leaf_value=0.00093049867419466416 -0.01824168977014988 -0.010625685251909408 0.026035060540998405 0.015977641207361681 -0.017400721613793465 0.040099406746152505 0.00046998242171883387 0.0025825291694585775 -0.019921887171042249 -0.010014551438990408 -0.017894704926120442 0.03436781023134361 -0.017871818133122008 0.001219104159269898
leaf_weight=1134.6904271012413 5.2865729843426825 46.117577452921068 35.695081136501358 13.307630865543617 30.114882669477083 16.920748281387208 29.806508653518904 13.184910890711761 10.72847250853374 5.3507080557901672 16.667533810104942 14.898875635242801 112.84714075758086 255.675769720929
leaf_count=416484 42154 1148 841 133 750 478 805 326 242 61 214 371 6522 21387
internal_value=5.9435e-05 0.000167395 0.00428653 0.012112 -0.00150096 0.00359517 0.014517 0.0263767 0.00260277 0.00878233 -0.00272254 0.0229795 -0.000482605 -0.0047878
internal_weight=1741.29 1736.01 232.793 96.6483 136.145 106.03 59.9122 30.1057 60.9532 50.2247 29.9752 20.2496 1503.21 368.523
internal_count=491916 449762 5369 1862 3507 2757 1609 804 1021 779 347 432 444393 27909
is_linear=0
shrinkage=0.04


Tree=462
num_leaves=15
num_cat=0
split_feature=7 9 9 1 26 26 22 18 5 37 7 25 10 42
split_gain=2.15191 3.85073 5.43246 3.70173 3.66622 9.07858 14.8867 6.8287 6.51228 7.21665 7.3557 9.6262 8.64055 6.3235
threshold=163.50000000000003 0.14727029500000002 0.10644746000000001 1.6040430000000001 231.50000000000003 311.50000000000006 0.54756959000000005 0.95148588000000012 1120.6922135000002 0.65539558857142877 584.50000000000011 419.50000000000006 1076.5000000000002 0.72181963999999998
decision_type=2 2 2 2 2 2 2 2 2 2 2 2 2 2
left_child=3 2 -2 -1 8 6 13 -8 9 10 12 -12 -3 -6
right_child=1 4 -4 -5 5 -7 7 -9 -10 -11 11 -13 -14 -15
leaf_value=0.027059788619763922 0.0070327266125737396 -0.010918362197607077 -0.02416286233584657 -0.011344128006583798 0.042166201792308448 3.6640296872362293e-05 0.018620081597305896 -0.0095913671411002512 0.0045832509451914655 -0.02744733083940715 -0.02294142884722317 0.018739925674144304 0.036201914636124023 -0.0043594398959764212
leaf_weight=6.4223436916066685 11.329193269745589 8.246987165899613 18.952043820452332 2.7680927908505737 22.656725890474323 1487.6266864823551 15.931702301441872 34.890074725360137 53.8180066736968 28.328892293149693 29.015156242496971 7.7903784559608757 8.4933504647005957 4.568162478545843
leaf_count=12668 19575 80762 30606 12256 2284 171550 1040 3701 665 1077 98587 2588 6072 48485
internal_value=5.80424e-05 -6.88863e-05 -0.0131489 0.0155713 0.000201762 0.000755286 0.0136263 0.00012808 -0.00598487 -0.0127955 -0.00336174 -0.0129329 0.0158162 0.0348944
internal_weight=1740.84 1731.65 30.2812 9.19044 1701.37 1565.67 78.0467 50.8218 135.693 81.8748 53.5459 36.8055 16.7403 27.2249
internal_count=491916 466992 50181 24924 416811 227060 55510 4741 189751 189086 188009 101175 86834 50769
is_linear=0
shrinkage=0.04


Tree=463
num_leaves=15
num_cat=0
split_feature=44 14 29 7 39 17 2 42 48 2 2 11 52 2
split_gain=2.15096 4.14147 5.18263 8.94599 6.84715 7.21901 8.44726 8.43744 5.45554 5.41146 11.0133 8.31615 6.72979 4.56155
threshold=0.10170858139604214 77.500000000000014 0.25783820000000007 2682.5000000000005 0.11562165704051912 2032.5000000000002 2.6536640000000005 -0.85175970499999998 0.049932272499999993 2.9992215000000004 2.8431610000000003 3114.6241145000008 -0.00049234000000000072 2.7121910000000002
decision_type=2 2 2 2 2 2 2 2 2 2 2 2 2 2
left_child=1 2 3 9 -4 -6 8 13 -7 10 11 12 -1 -8
right_child=-2 -3 4 -5 5 6 7 -9 -10 -11 -12 -13 -14 -15
leaf_value=0.0010677675713857066 -0.00064862439091162738 0.018688121201375012 -0.019202508074062513 -0.025018690476270363 -0.014792064717905923 -0.0073551290993785117 -0.01397904975515177 -0.019569910444642308 0.015699334287774883 -0.012381824038078701 0.051558811481139416 -0.0047367198249095221 0.03842282512728263 0.010133462124086117
leaf_weight=13.160890771774577 1389.2084056156116 19.593708674539812 24.944434005301446 5.8358528317767187 33.336803887505084 16.908592169871554 11.879649858456103 32.200039185583591 86.195878210477531 7.2358886373694977 8.125533383456057 30.481138328032102 14.717195035655093 46.543107250705361
leaf_count=184 488322 225 123 179 201 100 71 158 704 228 123 764 201 333
internal_value=6.02615e-05 0.0028344 0.00163382 0.0102068 -0.00121851 0.00112831 0.00417115 -0.0046187 0.0117532 0.0144073 0.017985 0.00961056 0.0236322 0.00451492
internal_weight=1740.37 351.159 331.565 79.5565 252.009 227.064 193.727 90.6228 103.104 73.7206 66.4848 58.3592 27.8781 58.4228
internal_count=491916 3594 3369 1679 1690 1567 1366 562 804 1500 1272 1149 385 404
is_linear=0
shrinkage=0.04


Tree=464
num_leaves=15
num_cat=0
split_feature=36 43 14 29 53 29 25 13 15 11 43 13 47 43
split_gain=2.14788 4.74187 7.88377 8.81208 7.7018 7.01104 7.60703 6.26323 6.07737 5.24002 10.8217 6.18685 5.01123 5.25482
threshold=0.034971840058605215 1.1260121950000002 29.500000000000004 0.19450003000000002 0.30829551000000005 0.07585581000000001 481.50000000000006 270.50000000000006 12.500000000000002 1227.9774925000004 1.5885115100000002 34.500000000000007 0.3079849300000001 1.5730182800000001
decision_type=2 2 2 2 2 2 2 2 2 2 2 2 2 2
left_child=1 2 5 -4 9 6 -1 -6 -8 12 -11 -12 13 -3
right_child=-2 4 3 -5 7 -7 8 -9 -10 10 11 -13 -14 -15
leaf_value=-0.0056114064550022193 -0.00032870276769602638 0.04037667577115539 -0.018953264647967951 0.017811053510679586 -0.029056514314528773 0.0058415748748269925 -0.0089461266636661069 0.022674494080076192 0.053752742083695841 -0.01254947636841202 0.07059059863946994 -0.0070483292602495822 -0.019418505819985832 -0.012553097043038032
leaf_weight=4.4037584289300211 1619.5253289881703 1.4781920273776479 20.576420914698247 12.795630466542205 16.950881787313168 29.923048817683593 1.371956772127304 0.68854475565194562 13.087660426448563 3.8883906937890051 2.1780276461655608 1.0507113885100805 9.1076649823531834 2.2859691281554433
leaf_count=874 77059 4478 2501 286 227679 1390 331 212 1721 3770 11621 2823 20854 136317
internal_value=5.99349e-05 0.00511697 0.0103111 -0.00437292 -0.0061031 0.0198283 0.0361428 -0.0224754 0.0470337 0.00995103 0.0290918 0.0563943 -0.00581045 0.0194093
internal_weight=1739.31 119.787 82.1585 33.3721 37.6284 48.7864 18.8634 17.6394 14.4596 19.989 7.11713 3.22874 12.8718 3.76416
internal_count=491916 414857 7103 2787 407754 4316 2926 227891 2052 179863 18214 14444 161649 140795
is_linear=0
shrinkage=0.04


Tree=465
num_leaves=15
num_cat=0
split_feature=9 1 26 16 13 22 7 12 4 12 0 8 45 45
split_gain=2.14529 3.90789 5.60503 4.94209 3.1546 2.98082 2.80476 15.0235 15.6992 14.6971 13.8819 12.0511 12.4099 11.5433
threshold=4.2925328600000006 1.0384250000000004 1236.5000000000002 2343.5000000000005 12.500000000000002 2.4439913600000005 1629.5000000000002 1.0000000180025095e-35 1212.5000000000002 1.0000000180025095e-35 510.99400000000009 0.7415485850000002 0.015074409999999984 -0.093321680000000004
decision_type=2 2 2 2 2 2 2 2 2 2 2 2 2 2
left_child=6 3 4 -2 -3 -6 9 8 10 -1 -8 -9 -13 -11
right_child=1 2 -4 -5 5 -7 7 11 -10 13 -12 12 -14 -15
leaf_value=0.0010861693241320325 -0.015918520688872024 0.010724127969294102 0.011101191437660245 0.030678061403427249 -0.030630205343906935 0.0064556581576475751 0.016671543372459491 0.021627884907668565 0.0021955708838122248 0.013654566889836326 -0.029896668039251791 -0.00010200709285418185 0.016871864849651676 -0.015660940413815036
leaf_weight=888.22691093942649 2.2507136762142741 1.4766531694701317 7.3028248517275633 3.6210721166476105 20.293473555969971 2.2270749598974353 8.9816010460467606 62.142928363056512 97.225079046454994 21.104719023002076 55.137304906632835 341.6243947015663 81.314951654680272 146.20962403424176
leaf_count=384549 9 69 328 242 3193 34 486 2613 1708 680 38064 16974 16750 26217
internal_value=6.78203e-05 -0.00884475 -0.0143817 0.0137105 -0.0227137 -0.0264562 0.000287813 0.00235288 -0.00805781 -0.00098199 -0.0226394 0.00586248 0.00332041 -0.0116742
internal_weight=1739.14 37.1718 31.3 5.87179 23.9972 22.5205 1701.97 646.426 161.344 1055.54 64.1189 485.082 422.939 167.314
internal_count=491916 3875 3624 251 3296 3227 488041 76595 40258 411446 38550 36337 33724 26897
is_linear=0
shrinkage=0.04


Tree=466
num_leaves=15
num_cat=0
split_feature=10 17 0 9 12 16 14 19 1 43 51 0 45 2
split_gain=2.23837 9.90129 7.82877 8.34405 9.29979 7.08736 7.46552 9.66614 7.22219 6.85045 8.75598 7.79626 10.9126 6.98837
threshold=4608.5000000000009 4424.5000000000009 787.58500000000015 2.0455095400000003 1.0000000180025095e-35 6186.0000000000009 45.500000000000007 0.033539825000000002 1.7449310000000002 0.52005723999999998 0.0023773200000000165 769.31500000000017 0.03252355500000003 2.0118795000000005
decision_type=2 2 2 2 2 2 2 2 2 2 2 2 2 2
left_child=1 -1 3 4 -2 6 7 -4 -9 10 -5 12 13 -11
right_child=2 -3 5 9 -6 -7 -8 8 -10 11 -12 -13 -14 -15
leaf_value=-0.00020245092655164909 -0.015080477984575459 0.012911025335125814 -0.021701591600591517 0.017886825027096938 0.030076424406146024 0.0027469043193163786 -0.026336308411729733 0.033762164569141939 -0.017068331152603082 0.012310202209184318 -0.015716027946911716 0.01776497585192249 0.010697180763398911 -0.031647296927044863
leaf_weight=1390.0082036911076 6.3329244150360209 93.65344697710043 11.534717092464918 36.342404017108493 23.897279492905454 37.893253640254557 48.702408936384927 9.8772178774414652 2.8235712088496703 4.0336783664079112 13.299169842503032 8.7030552334110762 14.540473522134787 36.023464834841548
leaf_count=471010 355 5378 1824 277 416 3862 4595 1215 362 223 89 202 1091 1017
internal_value=6.89869e-05 0.000665898 -0.00336318 0.00280418 0.0198188 -0.0111074 -0.0180195 0.000339385 0.0208325 -0.0023971 0.00827015 -0.0107556 -0.0164108 -0.026346
internal_weight=1737.67 1483.66 254.004 143.172 30.2302 110.831 72.9379 24.2355 12.7008 112.942 49.6416 63.3007 54.5976 40.0571
internal_count=491916 476388 15528 3670 771 11858 7996 3401 1577 2899 366 2533 2331 1240
is_linear=0
shrinkage=0.04


Tree=467
num_leaves=15
num_cat=0
split_feature=36 14 8 13 8 35 13 3 28 2 7 2 5 7
split_gain=2.1502 4.03053 9.07046 16.6304 11.3327 12.8948 13.9507 17.1118 12.4447 11.6425 8.85083 8.59507 9.2155 7.21442
threshold=0.034971840058605215 30.500000000000004 0.89841849000000018 36.500000000000007 0.33245659000000005 0.97417440500000019 18.500000000000004 1.4448230000000002 0.18241813999999992 2.1461590000000004 1177.5000000000002 1.8261460000000003 897.89536250000003 695.50000000000011
decision_type=2 2 2 2 2 2 2 2 2 2 2 2 2 2
left_child=-1 2 4 11 -2 8 7 9 -6 -7 -10 12 -4 -3
right_child=1 13 3 -5 5 6 -8 -9 10 -11 -12 -13 -14 -15
leaf_value=0.0051338811295208618 -0.0075984075007675322 0.014382254939785882 -0.026910425318724979 -0.0018100287438379682 -0.0092425233317039706 1.7651156533652831e-06 -0.0028201177980377162 -0.012333469904346771 0.045352994356669722 0.035362752983860046 -0.001116978155737341 -0.038663314378214832 0.029095600255893805 0.00057296036433211381
leaf_weight=119.4591076320346 225.57575080882202 61.139120236697181 4.0155556032468649 99.164547733941617 11.965071561242437 21.361442377972708 334.84459664657425 24.356706621783815 23.063032772056889 44.23654169467045 8.2494450069493706 34.170004719537246 4.8752465204452164 719.99381486294533
leaf_count=414857 26189 1843 198 3788 11809 343 5463 810 1995 985 1407 2402 35 19792
internal_value=6.72767e-05 -0.000321698 -0.00224577 -0.0112635 -0.000329421 0.00321694 0.000978862 0.0145239 0.0228086 0.0246634 0.0346422 -0.0305806 0.00321895 0.00173841
internal_weight=1736.47 1617.01 835.878 142.225 693.653 468.077 424.799 89.9547 43.2775 65.598 31.3125 43.0608 8.8908 781.133
internal_count=491916 77059 55424 6423 49001 22812 7601 2138 15211 1328 3402 2635 233 21635
is_linear=0
shrinkage=0.04


Tree=468
num_leaves=15
num_cat=0
split_feature=43 39 37 45 1 2 3 18 25 9 16 3 23 8
split_gain=2.18759 3.96642 6.02115 4.94406 5.55309 4.92972 5.42457 4.7678 4.75855 4.95558 4.48839 3.83012 3.72209 9.44011
threshold=-1.0000000180025095e-35 0.47742872255299512 1.508634578571429 0.028135830000000004 1.2997900000000002 2.3833555000000004 1.4028620000000003 0.9684659000000001 1061.5000000000002 0.46783492500000007 3931.5000000000005 1.8357250000000003 0.24908577500000004 0.51545548000000008
decision_type=2 2 2 2 2 2 2 2 2 2 2 2 2 2
left_child=1 3 -3 4 -1 6 -6 8 -7 -10 -11 12 13 -2
right_child=11 2 -4 -5 5 7 -8 -9 9 10 -12 -13 -14 -15
leaf_value=0.024222658525905036 -0.020886796175831418 -0.0037962462715559844 0.032031668542834381 -0.012256836113633412 -0.025237008228091887 -0.010226250142201637 0.0091577319879274765 -0.012108783790970115 -0.0060817710008759449 0.035394352472415715 0.00038615566945156689 -0.019848261522511523 0.00033287038964981331 0.0035517809751418523
leaf_weight=15.721453324833417 41.31685711602421 11.094589814543726 13.325870704837142 27.13150960902567 14.334317191969605 7.7264510565437368 8.5026230902876687 11.323259162949396 7.6246775451581916 18.41366094304249 7.9640196475666007 10.981065161408877 1487.82554868335 53.029270730177188
leaf_count=226 222783 66 123 497 172 60 86 116 97 159 108 3801 222982 40640
internal_value=6.73493e-05 0.00471684 0.0178756 0.00139766 0.00586665 0.000801734 -0.0130865 0.0073923 0.0134134 0.0194075 0.0265704 -0.000363909 -0.000166577 -0.00766314
internal_weight=1736.32 143.162 24.4205 118.742 91.6105 75.889 22.8369 53.0521 41.7288 34.0024 26.3777 1593.15 1582.17 94.3461
internal_count=491916 1710 189 1521 1024 798 258 540 424 364 267 490206 486405 263423
is_linear=0
shrinkage=0.04


Tree=469
num_leaves=15
num_cat=0
split_feature=2 2 53 23 3 0 5 24 47 1 16 1 1 3
split_gain=2.16716 8.02466 6.32658 7.09513 6.02047 4.99024 4.2505 3.86304 5.14124 2.72172 8.27724 8.11932 6.8326 13.3803
threshold=3.1527325000000004 3.1361645000000005 0.23680296500000003 2.1015936850000005 1.0895060000000003 662.98350000000016 1307.9247945000002 804.50000000000011 2.1711293700000005 2.1077430000000006 3497.5000000000005 2.3414245000000005 2.0186950000000006 0.91710250000000015
decision_type=2 2 2 2 2 2 2 2 2 2 2 2 2 2
left_child=1 9 -2 5 -5 6 -4 -3 -9 12 11 -11 -1 -14
right_child=2 7 3 4 -6 -7 -8 8 -10 10 -12 -13 13 -15
leaf_value=-0.00027913825335295294 0.022532230385520022 -0.01056612304777407 -0.01835250392990528 -0.016434286524056062 0.02724550269416879 -0.035627411458630964 0.01922294090285909 0.044936578861245476 0.0014617843843535423 -0.022756343595954603 0.0087466097532537066 0.020233364507246891 -0.0061881686736579679 0.025186648906159015
leaf_weight=1523.6637486351558 4.3307983127992307 1.9383201968405526 4.9695706666523183 4.6654863930307311 6.3788061246159486 15.974543931606204 4.3199543319642544 8.1694711413406349 7.0188927735434836 41.416634928027747 28.497236464157822 4.3041264846423237 36.459949314595008 43.576461933623193
leaf_count=418439 5461 5227 1191 126 66 9449 31 337 68 27257 2280 2831 4654 14499
internal_value=6.40937e-05 0.000294831 -0.00853782 -0.0145225 0.00942241 -0.0248175 -0.000266605 0.0242264 0.0301837 -2.06922e-05 -0.00725885 -0.0171137 0.000335804 0.0113706
internal_weight=1735.68 1695.04 40.6392 36.3084 11.0443 25.2641 9.28952 17.1267 15.1884 1677.92 74.218 45.7208 1603.7 80.0364
internal_count=491916 475592 16324 10863 192 10671 1222 5632 405 469960 32368 30088 437592 19153
is_linear=0
shrinkage=0.04


Tree=470
num_leaves=15
num_cat=0
split_feature=44 0 28 36 16 13 1 2 45 53 10 24 51 29
split_gain=2.17794 6.61288 8.42806 8.28325 8.66158 7.24197 7.95784 7.0003 6.94429 6.47002 6.0847 5.82451 5.57438 6.66293
threshold=0.17563164833302702 713.99150000000009 0.19984436999999997 0.037635097386550319 2641.5000000000005 22.500000000000004 1.2804375000000003 2.8511165000000003 -0.049962165000000024 0.78604477500000014 1942.5000000000002 1773.5000000000002 0.0021410949999999822 0.09060286999999996
decision_type=2 2 2 2 2 2 2 2 2 2 2 2 2 2
left_child=1 5 3 -3 9 6 -1 -4 -6 -5 -8 -9 13 -7
right_child=-2 2 7 4 8 12 10 11 -10 -11 -12 -13 -14 -15
leaf_value=0.019010764640984307 -0.00091272610967343807 0.010232984547954824 0.0083364920630259395 -0.010951252374765783 -0.0033997631256841715 0.036880718737804553 0.0077886058454807311 -0.024728791283935125 -0.030617877989912369 0.025124681645038404 -0.020178734601078933 0.0029102714238582665 0.0013309472198120714 0.010540778602978029
leaf_weight=12.19649226579895 1172.8871859296214 21.386697759968229 121.09908705251291 14.142470988444986 23.283541104057804 14.314930820488369 14.586039360146968 17.18956535635516 45.500979351927526 8.84307219769107 36.695075256982818 25.046942699700594 82.935268886823906 125.00169794773683
leaf_count=121 486368 392 806 260 166 402 150 90 1045 101 344 126 717 828
internal_value=6.80819e-05 0.00210422 -0.00228873 -0.0104455 -0.0155443 0.0063214 -0.00528476 0.00350459 -0.0222593 0.00493715 -0.0122387 -0.00976525 0.00967959 0.0144312
internal_weight=1735.11 562.222 276.492 113.157 91.7701 285.73 63.4776 163.336 68.7845 22.9855 51.2811 42.2365 222.252 139.317
internal_count=491916 5548 2986 1964 1572 2562 615 1022 1211 361 494 216 1947 1230
is_linear=0
shrinkage=0.04


Tree=471
num_leaves=15
num_cat=0
split_feature=33 25 24 1 24 45 19 29 40 39 41 47 42 9
split_gain=2.12299 4.45329 7.4985 7.31987 6.82632 10.2332 8.93112 9.7348 8.78401 8.41296 7.3782 6.65329 6.54183 7.72017
threshold=-0.0018951503999999994 1742.5000000000002 1523.5000000000002 1.2258865000000003 1237.5000000000002 -0.0051384649999999801 0.038938860000000006 0.74686528500000005 13.274877600000003 0.01930288653186896 3.5758180000000013 1.8249857325000003 0.43945025500000007 2.0455095400000003
decision_type=2 2 2 2 2 2 2 2 2 2 2 2 2 2
left_child=-1 2 4 -4 5 10 7 -6 9 -7 -2 -8 -10 -14
right_child=1 -3 3 -5 6 8 11 -9 12 -11 -12 -13 13 -15
leaf_value=0.0020734214357763722 -0.0093021878560764961 0.0060844721173868386 0.011637377415635568 -0.015442189825063384 0.021996599035477758 0.027804262786770777 -0.014006055088942527 -0.0072416852801190377 0.002135890474606307 -0.0086293155920552297 0.023128724588160367 0.008924168883590846 0.020996311994176259 -0.014791413612168297
leaf_weight=564.22530544636243 276.78076826585226 125.06100716505762 15.202125550000344 95.369485435467141 67.623820983483256 6.0280895464185837 38.941590764864486 21.5745795089897 269.89518789414069 148.62004606930969 7.0237699940474831 32.944694010395324 56.824318753608111 7.7507672572365882
leaf_count=67910 139009 3525 156 1455 1737 140239 1158 173 2783 94631 27267 343 10260 1270
internal_value=6.87323e-05 -0.000903024 -0.00176459 -0.0113767 -0.000572152 -0.00214091 0.00679297 0.0149157 0.00137137 -0.00638284 -0.00811304 -0.00360043 0.00499787 0.0159465
internal_weight=1733.87 1169.64 1044.58 110.572 934.008 772.923 161.085 89.1984 489.118 154.648 283.805 71.8863 334.47 64.5751
internal_count=491916 424006 420481 1611 418870 415459 3411 1910 249183 234870 166276 1501 14313 11530
is_linear=0
shrinkage=0.04


Tree=472
num_leaves=15
num_cat=0
split_feature=10 17 0 16 43 39 43 0 39 48 13 14 13 26
split_gain=2.12609 9.09601 7.40814 6.46028 7.07658 6.32242 6.16337 6.15334 7.38853 5.94292 5.73477 5.62843 6.05493 15.7894
threshold=4608.5000000000009 4424.5000000000009 787.58500000000015 6186.0000000000009 0.61904502000000006 0.21156294496593567 0.52005723999999998 769.31500000000017 0.35596371538418697 0.093803340000000054 34.500000000000007 99.500000000000014 75.500000000000014 1574.5000000000002
decision_type=2 2 2 2 2 2 2 2 2 2 2 2 2 2
left_child=1 11 7 4 9 -6 -3 8 -2 -4 -9 12 -1 -14
right_child=2 6 3 -5 5 -7 -8 10 -10 -11 -12 -13 13 -15
leaf_value=0.00031736925579774444 -0.0052953962746017692 0.024761373193090921 -0.036177027422546873 0.0024078201832005348 0.015439658080316918 -0.017220733216261535 0.0039078585664058304 -0.0045477609481010348 0.017395402104021986 -0.0046948241608410915 0.038189872586289475 0.018648779228049497 -0.014552338471869186 0.02445008145408659
leaf_weight=1247.7650993576917 103.09522303377423 34.17639266725746 28.577232655894477 37.829683282264796 13.820530774459828 14.138219430261413 59.394448321862001 6.4406924366812737 24.156296632005251 15.771218257024882 8.6118776664852685 19.949425934323244 105.00753870941162 14.910059962731792
leaf_count=458700 3187 400 564 3862 7002 336 4978 79 220 94 184 1720 10017 573
internal_value=7.18862e-05 0.000653011 -0.00328433 -0.0108402 -0.0174788 -0.00118304 0.0123942 0.00273302 -0.000493163 -0.0265913 0.023329 -0.000180377 -0.000521953 -0.00891839
internal_weight=1733.64 1481.2 252.441 110.137 72.3072 27.9588 93.5708 142.304 127.252 44.3485 15.0526 1387.63 1367.68 119.918
internal_count=491916 476388 15528 11858 7996 7338 5378 3670 3407 658 263 471010 469290 10590
is_linear=0
shrinkage=0.04


Tree=473
num_leaves=15
num_cat=0
split_feature=7 7 11 10 17 0 45 9 7 11 21 2 47 14
split_gain=2.11437 2.94987 6.31505 2.77146 8.46918 7.61505 7.28469 7.79895 6.84425 6.09672 5.92694 8.18046 10.4069 7.26064
threshold=6128.0000000000009 5447.5000000000009 6096.3666230000008 4608.5000000000009 4424.5000000000009 643.19900000000018 -0.0565598 2.1796209550000003 3609.5000000000005 4465.7682720000012 1.144740265 2.3778875000000004 1.8249857325000003 31.500000000000004
decision_type=2 2 2 2 2 2 2 2 2 2 2 2 2 2
left_child=1 3 -3 4 -1 8 7 -7 -5 -8 -6 -12 -13 -14
right_child=-2 2 -4 5 10 6 9 -9 -10 -11 11 12 13 -15
leaf_value=-0.00016910794478537612 -0.01828388567343699 0.026228332710413204 -0.017099969512262767 -0.017468782980512632 -0.0072864413742544307 0.023723895713474909 -0.0019719676283993159 -0.0057396288371275072 0.022731614600092365 -0.018125948928079831 0.032884060030555558 -0.01297521857851645 -0.010306597539753454 0.030654845075338142
leaf_weight=1387.6043163235636 4.9787640909521533 12.931947078813439 3.704054068621871 4.9058739086613086 17.732895355733717 18.166853700193315 67.451128810894261 34.084455646956485 22.822382799392244 82.815130304723198 26.032345305233321 22.10740043333135 6.6370117708575007 20.949581280263374
leaf_count=471010 1658 1229 284 225 4348 228 4238 829 1013 5824 316 382 77 255
internal_value=7.61015e-05 0.000181604 0.0148588 -3.94852e-06 0.00063466 -0.004038 -0.00679136 0.00568158 0.0140369 -0.0111718 0.0119709 0.0166524 0.00592054 0.0207307
internal_weight=1732.92 1727.95 16.636 1711.31 1481.06 230.246 202.518 52.2513 27.7283 150.266 93.4592 75.7263 49.694 27.5866
internal_count=491916 490258 1513 488745 476388 12357 11119 1057 1238 10062 5378 1030 714 332
is_linear=0
shrinkage=0.04


Tree=474
num_leaves=15
num_cat=0
split_feature=49 7 45 7 43 14 7 9 3 13 53 13 2 3
split_gain=2.12999 5.85562 5.58383 9.22295 8.15154 11.6623 9.88615 9.30482 9.94913 7.58849 10.026 9.18089 9.07339 8.38412
threshold=3.5000000000000004 183.50000000000003 -0.029188555000000001 1485.5000000000002 0.4016431299999999 53.500000000000007 2388.5000000000005 3.2338090350000006 0.75940800000000019 75.500000000000014 0.32796950000000008 159.50000000000003 1.7768985000000004 0.88957200000000014
decision_type=2 2 2 2 2 2 2 2 2 2 2 2 2 2
left_child=1 -1 3 -2 -5 6 -6 8 -8 10 -4 -11 -12 -14
right_child=2 -3 9 4 5 -7 7 -9 -10 11 12 -13 13 -15
leaf_value=0.023956428261257125 -0.018916607481897354 -0.0016344395116331049 -0.0075342831807790811 0.013626691641513484 -0.010100519668924961 -0.018580129568651932 -0.0059646815201634959 -0.01553611029461407 0.034909749191045121 -0.010074355937966238 -0.0073480455241181474 0.023793491151064217 -0.0012888936548722011 0.013606405348722667
leaf_weight=9.545613076837979 44.860227620207979 909.27073248262604 72.484083062832838 49.232805006206036 37.726313068220634 52.408123793570212 11.567279412257447 8.6458999439471409 28.011379430074953 94.40539531274942 48.865706755757174 9.8931669218741245 75.747088161079091 279.40865530339454
leaf_count=32660 1618 437114 5511 441 624 453 101 111 306 1532 892 152 2779 7622
internal_value=7.62095e-05 -0.00124035 0.00156215 -0.00362509 0.000427856 -0.00458019 0.00450835 0.0158122 0.0236346 0.00365143 0.00578625 -0.00592034 0.00823893 0.0104558
internal_weight=1732.07 918.816 813.256 232.452 187.592 138.359 85.9509 48.2246 39.5787 580.804 476.506 104.299 404.021 355.156
internal_count=491916 469774 22142 3654 2036 1595 1142 518 407 18488 16804 1684 11293 10401
is_linear=0
shrinkage=0.04


Tree=475
num_leaves=15
num_cat=0
split_feature=3 9 15 2 53 29 1 13 44 45 7 45 28 44
split_gain=2.17906 4.56202 5.30134 10.6394 4.5324 5.88887 9.5371 4.7145 5.73463 4.476 3.79682 3.61643 3.58109 3.50382
threshold=1.5605365000000002 0.50544229000000007 18.500000000000004 2.3104760000000004 2.4254505950000005 0.74686528500000005 2.0617750000000004 50.500000000000007 0.10170858139604214 -0.10560506999999995 173.50000000000003 0.039111514999999993 0.18241813999999992 0.27371725090554838
decision_type=2 2 2 2 2 2 2 2 2 2 2 2 2 2
left_child=13 10 3 11 5 6 -4 8 -6 -9 -2 -3 -11 -1
right_child=1 2 4 -5 7 -7 -8 9 -10 12 -12 -13 -14 -15
leaf_value=0.0023830923936365724 0.0089636352271517724 0.0019950490754624441 -0.029054502102235331 -0.015158754069610026 0.0083412901356410257 0.0022869775198685258 0.012302136699838966 -0.014007684369214521 -0.02881169401829026 -0.0092545673102936241 -0.02921262798331262 0.038519259783218136 0.031085946562654204 -0.0013746817418253438
leaf_weight=795.49713804229361 2.8815090405317383 6.6824059979442216 33.337932858796307 10.708478063215464 11.923585102194922 29.326170875287062 8.5308061160493462 2.6017103912588508 6.4896187923829975 1.9606762512903504 13.054600269053536 11.346936829458398 13.555595001354048 783.01914828784277
leaf_count=7914 4039 2226 6478 4168 140 307 792 92 2048 1155 13484 844 126 448103
internal_value=7.46488e-05 -0.00441422 -0.00168257 0.0122965 -0.00579175 -0.011404 -0.0202146 0.00520204 -0.00810956 0.0175585 -0.0218176 0.0283542 0.0249753 0.000520603
internal_weight=1730.92 152.4 136.464 28.7378 107.726 71.1949 41.8687 36.5312 18.4132 18.118 15.9361 18.0293 15.5163 1578.52
internal_count=491916 35899 18376 7238 11138 7577 7270 3561 2188 1373 17523 3070 1281 456017
is_linear=0
shrinkage=0.04


Tree=476
num_leaves=15
num_cat=0
split_feature=48 39 43 43 43 2 53 8 12 51 3 17 43 11
split_gain=2.23222 8.43089 6.73415 16.1267 14.8158 7.65138 6.64786 11.8975 11.1063 9.36629 8.15863 11.3373 12.7396 9.63303
threshold=0.093803340000000054 0.21156294496593567 0.91040435499999994 0.70774199500000001 1.1260121950000002 3.0285875000000004 1.5843850975000002 0.81330684500000017 1.0000000180025095e-35 0.0064587799999999982 0.91184200000000015 2901.5000000000005 0.22937083999999999 5538.1428875000011
decision_type=2 2 2 2 2 2 2 2 2 2 2 2 2 2
left_child=6 -2 3 5 -4 -3 7 -1 9 -8 -10 -12 -13 -14
right_child=1 2 4 -5 -6 -7 8 -9 10 -11 11 12 13 -15
leaf_value=0.00061138570181153064 -0.0086975376817939928 0.0054046825615193207 0.022854097428206547 -0.016883793138236555 -0.0036392649661213215 -0.014881043633465381 -0.023799109059266792 -0.018191155589137645 -0.00059875125769988564 0.020317630724182991 -0.0050011725836624152 0.00044153977531144467 0.031529204215468551 -0.0018302603359524456
leaf_weight=693.79593750297954 191.92754598070132 240.63538003899157 58.172513762721792 80.758540158625692 70.062335041540791 28.987368486821651 27.416240719616837 53.351571074651019 97.862265251276199 5.9177037835473802 38.85557910027228 43.182089007401373 82.845688753381296 15.8128793749932
leaf_count=418201 1974 1647 396 431 888 189 16009 10889 11516 2210 8962 753 12441 5410
internal_value=6.90321e-05 -0.00172945 0.00112582 -0.00176181 0.00878583 0.00299252 0.00121054 -0.00084325 0.00606613 -0.0143386 0.00871766 0.0136436 0.0187474 0.026352
internal_weight=1729.58 670.544 478.616 350.381 128.235 269.623 1059.04 747.148 311.892 33.3339 278.559 180.696 141.841 98.6586
internal_count=491916 5525 3551 2267 1284 1836 486391 429090 57301 18219 39082 27566 18604 17851
is_linear=0
shrinkage=0.04


Tree=477
num_leaves=15
num_cat=0
split_feature=43 29 3 39 53 19 15 8 51 13 0 37 8 7
split_gain=2.14689 3.96106 3.65593 3.43409 4.81727 4.64066 5.07069 4.07677 3.89196 3.72457 4.43208 3.61848 3.42421 7.95471
threshold=-1.0000000180025095e-35 -0.035326434999999989 1.8357250000000003 0.47742872255299512 0.41818794250000008 0.045814360000000005 38.500000000000007 0.62346512000000009 -0.0030809800000000105 36.500000000000007 883.84900000000005 1.6166847192857146 0.11988195500000001 407.50000000000006
decision_type=2 2 2 2 2 2 2 2 2 2 2 2 2 2
left_child=1 -1 12 4 -3 6 -6 -8 -7 -9 -11 -5 -2 -14
right_child=2 3 -4 11 5 8 7 9 -10 10 -12 -13 13 -15
leaf_value=-0.01787132700889376 -0.012363825621168636 -0.013307360619007214 -0.019516294111859563 0.0022568480787213182 0.011611020517463915 -0.000189821803704795 0.011424953451731652 -0.028699029883057295 0.0321612878440862 0.015751015136701678 -0.016890376821254226 0.031854822982222863 0.012902625652350026 -0.00052684974822312226
leaf_weight=6.8366841630777335 31.011767417633337 18.563863206654787 10.787335562494489 12.88293663877994 34.905788728501648 8.9160019173286873 8.6029023770242912 11.473158355802299 12.540070016868411 7.8603066299110678 8.8285945910029096 10.624104650225489 69.100573637506614 1476.7475850259987
leaf_count=536 84600 145 3801 76 305 81 69 106 127 62 104 99 61160 340645
internal_value=6.42714e-05 0.00468877 -0.000362867 0.00642626 0.00310981 0.00689371 0.00149977 -0.00834093 0.0212227 -0.0151912 -0.00142964 0.0188747 -0.000170565 0.000113121
internal_weight=1729.68 142.034 1587.65 135.198 111.691 93.1268 71.6708 36.765 21.4561 28.1621 16.6889 23.507 1576.86 1545.85
internal_count=491916 1710 490206 1174 999 854 646 341 208 272 166 175 486405 401805
is_linear=0
shrinkage=0.04


Tree=478
num_leaves=15
num_cat=0
split_feature=2 2 3 17 36 0 45 13 26 11 11 53 19 1
split_gain=2.1699 11.0332 11.5749 9.79769 8.46783 9.99743 10.8711 10.3995 9.0748 10.212 10.9276 9.51277 8.1194 8.09634
threshold=2.2615805000000004 2.2269590000000004 1.2490895000000004 1325.5000000000002 0.089381203617175109 623.0205000000002 0.018669655000000025 45.500000000000007 520.50000000000011 1193.5812465000001 3114.6241145000008 0.67913807000000015 0.041958890000000006 1.2622395000000004
decision_type=2 2 2 2 2 2 2 2 2 2 2 2 2 2
left_child=1 4 12 -2 5 6 8 -8 9 -1 -11 -10 -3 -7
right_child=3 2 -4 -5 -6 13 7 -9 11 10 -12 -13 -14 -15
leaf_value=0.023851046230251385 -0.03149509041735403 0.048073497527651145 -0.0047527361521774031 -0.00065480826997276907 0.0046627921420190213 -0.0026918887746624231 -0.025766330156668266 0.010969039758945432 0.034577731942125177 -0.02023766746729291 0.031775580110240974 -0.0062335372238816788 0.0024174859937159537 -0.018202439554850746
leaf_weight=14.283882672460548 11.776705004415588 16.876017697430601 17.508699575974902 957.48777879935346 362.46660171757276 133.65703677497856 25.071640195002146 17.150066322558814 31.361904947611038 30.474949326126989 3.244396076805514 10.387467753826057 9.488208244073574 87.625091044739747
leaf_count=8014 165894 4673 4266 142841 6715 69616 3010 912 654 4144 377 299 2800 77701
internal_value=6.27199e-05 0.00165758 0.0200459 -0.00118923 0.000399144 -0.00397969 0.00462498 -0.0112633 0.0122991 7.5109e-05 -0.011776 0.024843 0.0346472 -0.00910037
internal_weight=1728.86 759.596 43.8729 969.264 715.723 353.256 131.974 42.2217 89.7526 48.0032 33.7193 41.7494 26.3642 221.282
internal_count=491916 183181 11739 308735 171442 164727 17410 3922 13488 12535 4521 953 7473 147317
is_linear=0
shrinkage=0.04


Tree=479
num_leaves=15
num_cat=0
split_feature=48 39 53 14 1 15 1 0 18 0 2 3 18 17
split_gain=2.16167 7.85557 9.26678 10.9572 9.67094 12.7666 10.9302 12.2002 10.3492 9.99165 7.35656 7.33258 10.539 9.39606
threshold=0.093803340000000054 0.23305456246843628 2.5625259475000006 71.500000000000014 1.4424805000000001 16.500000000000004 1.4919945000000003 720.25400000000013 0.97447087500000007 986.5205000000002 2.9859440000000004 1.2951555000000001 0.9684659000000001 3063.5000000000005
decision_type=2 2 2 2 2 2 2 2 2 2 2 2 2 2
left_child=-1 11 4 -4 5 -3 -6 8 -8 -7 -9 13 -13 -2
right_child=1 2 3 -5 6 9 7 10 -10 -11 -12 12 -14 -15
leaf_value=0.0011889234775560029 0.0086671048428589425 -0.016535218472087613 -0.018804454892882305 0.010965246482618048 -0.023216492371863469 0.031527923876541214 0.017656140135036979 -3.8135208570262766e-05 -0.016660900498106073 0.00069590437706613787 -0.02392718982485276 -0.0063848275153697469 -0.037548975388141045 -0.0093747303685592781
leaf_weight=1057.7147142300412 70.095534951697118 12.74766676314175 58.136309614623315 24.899937331443653 22.521532526705414 50.02827588072978 91.984200831706403 86.408023972442606 12.392207287251948 24.549334633164108 22.098415205822675 56.1804520955302 22.031798743752006 115.61006730661029
leaf_count=486391 700 103 418 150 132 429 649 600 105 155 206 616 223 1039
internal_value=6.48994e-05 -0.00170607 0.00178791 -0.0097617 0.00486315 0.0158356 0.000548112 0.00353732 0.0130064 0.0220601 -0.00574306 -0.00701132 -0.0168923 -0.00251606
internal_weight=1727.4 669.684 405.766 83.0362 322.73 87.3253 235.404 212.883 104.376 74.5776 108.506 263.918 78.2123 185.706
internal_count=491916 5525 2947 568 2379 687 1692 1560 754 584 806 2578 839 1739
is_linear=0
shrinkage=0.04


Tree=480
num_leaves=15
num_cat=0
split_feature=8 13 43 39 45 3 3 18 0 23 8 21 38 34
split_gain=2.11504 3.84765 2.36625 3.91576 4.85004 4.8747 6.57138 4.39311 4.9426 3.53162 8.83429 5.66636 5.26214 5.20776
threshold=2.0953895900000004 125.50000000000001 -1.0000000180025095e-35 0.47742872255299512 0.028135830000000004 1.2650495000000002 1.0970710000000004 0.97197069500000011 634.07350000000008 0.24908577500000004 0.46325701500000005 1.2594803750000001 0.69956738000000007 0.56694198500000015
decision_type=2 2 2 2 2 2 2 2 2 2 2 2 2 2
left_child=2 -2 3 4 5 6 -1 8 -7 10 11 13 -11 -4
right_child=1 -3 9 -5 -6 7 -8 -9 -10 12 -12 -13 -14 -15
leaf_value=0.010180507215271336 -0.022993005407005426 0.011167237483583345 -0.023544926536457091 0.018686023180508462 -0.012091020561172439 0.0017683410323775916 -0.0203154503491783 -0.0076839215407361033 0.028691833879403907 0.01258916968329887 0.0022791811390886468 -0.037624102891355649 -0.00021491783620053789 0.0099191669579337689
leaf_weight=19.102929796092212 10.726495755032827 4.2989899180913644 8.5666631693956123 22.614812780171633 25.67104397265939 18.31423357327003 16.685524038388394 9.8807893024058995 24.780098432209343 48.258174318770216 57.337330379241507 14.539721268694846 1433.7612736152678 12.11401143979492
leaf_count=233 8380 1238 216446 182 447 177 191 116 269 157610 43951 170 61411 1095
internal_value=5.31721e-05 -0.0128714 0.00020379 0.00514839 0.00180279 0.00625146 -0.00478496 0.013477 0.0186233 -0.000241517 -0.0076135 -0.0219996 0.000242943 -0.00582809
internal_weight=1726.65 15.0255 1711.63 137.049 114.435 88.7636 35.7885 52.9751 43.0943 1574.58 92.5577 35.2204 1482.02 20.6807
internal_count=491916 9618 482298 1615 1433 986 424 562 446 480683 261662 217711 219021 217541
is_linear=0
shrinkage=0.04


Tree=481
num_leaves=15
num_cat=0
split_feature=25 0 16 45 1 9 12 3 25 13 2 3 1 10
split_gain=2.0312 6.30608 9.05396 6.67303 6.1949 10.4394 9.37269 8.73303 12.502 8.29286 7.59431 7.53438 5.8001 5.43333
threshold=1603.5000000000002 668.75350000000014 3435.5000000000005 0.051309184999999931 1.8854755000000003 3.8373327750000006 1.0000000180025095e-35 0.86558950000000012 1742.5000000000002 96.500000000000014 2.9992215000000004 0.77992900000000009 1.2953445000000003 3536.5000000000005
decision_type=2 2 2 2 2 2 2 2 2 2 2 2 2 2
left_child=13 2 -2 4 6 10 7 11 -9 12 -6 -3 -8 -1
right_child=1 3 -4 -5 5 -7 9 8 -10 -11 -12 -13 -14 -15
leaf_value=0.00087642759202998498 -0.013412239375261009 0.0091791804957717018 0.03610126737570464 -0.015651291535673267 0.028502163275680704 -0.020993310553175003 0.016250967371666435 -0.013340693067176864 0.041413116325385475 0.009372480772008987 -3.6349692502675972e-05 -0.026610814825733076 -0.024490181695272215 -0.004709847171597204
leaf_weight=1128.0527954316253 5.4160696911276345 21.62361499336885 14.374930536840109 27.200913297795523 38.974203830770421 8.2339616357348842 2.8789777262791167 6.7788940194077467 16.691860074235592 17.883836808551223 22.560670287861285 9.6910428237797515 41.468747980019543 364.46479549665628
leaf_count=455158 155 379 221 1656 659 86 156 153 288 484 508 303 1239 30471
internal_value=4.75614e-05 0.00347364 0.022579 0.00123144 0.00403396 0.013034 -0.00164631 0.00994609 0.0260333 -0.0118324 0.0188226 -0.00403577 -0.0204667 -0.000498882
internal_weight=1726.3 233.778 19.791 213.987 186.786 69.7688 117.017 54.7854 23.4708 62.2316 61.5349 31.3147 44.3477 1492.52
internal_count=491916 6287 376 5911 4255 1253 3002 1123 441 1879 1167 682 1395 485629
is_linear=0
shrinkage=0.04


Tree=482
num_leaves=15
num_cat=0
split_feature=2 2 2 8 2 4 4 0 48 25 8 0 49 50
split_gain=2.04001 13.7757 6.55758 12.1136 9.99289 7.36696 7.27629 6.79629 6.3613 5.9312 5.84836 6.32585 10.7542 11.3246
threshold=2.6851510000000007 2.7019100000000003 2.6306915000000006 1.0012194950000002 2.6139950000000005 1382.5000000000002 935.50000000000011 546.69600000000014 -0.035376069999999933 1397.5000000000002 1.5594971550000001 720.25400000000013 3.5000000000000004 6.5000000000000009
decision_type=2 2 2 2 2 2 2 2 2 2 2 2 2 2
left_child=2 9 4 6 8 -5 7 -4 -1 -2 11 12 13 -3
right_child=1 10 3 5 -6 -7 -8 -9 -10 -11 -12 -13 -14 -15
leaf_value=-0.022896633463245664 -0.035523495416867258 -0.012810377783613556 0.024166582118334449 -0.033795116792510051 -0.02635757723760971 0.0098548120254333179 0.033405560098488184 -0.015421173411715049 0.0011258015518763043 0.0017369908685991458 -0.017216368186778873 -0.0041604664778910703 0.013053253748589722 0.010900894551102913
leaf_weight=12.925959117739692 21.638597205028365 74.231601516767569 7.0999466860071179 7.7527628959746862 17.189279182069185 8.6551872511254242 29.393579924988899 11.310396393758991 1109.2373849530074 8.589780985405012 25.673748140806538 215.70020993117265 126.74345084729543 49.583890065696323
leaf_count=7869 5560 28390 589 1857 5845 167 639 14336 289808 165 7757 126061 1985 888
internal_value=4.80922e-05 -0.00202839 0.000953631 0.0129084 0.000226425 -0.0138459 0.0225329 0.00174662 0.000748752 -0.0261917 -0.000295008 0.000809515 0.00508574 -0.00326027
internal_weight=1725.73 522.161 1203.56 64.2119 1139.35 16.408 47.8039 18.4103 1122.16 30.2284 491.933 466.259 250.559 123.815
internal_count=491916 170806 321110 17588 303522 2024 15564 14925 297677 5725 165081 157324 31263 29278
is_linear=0
shrinkage=0.04


Tree=483
num_leaves=15
num_cat=0
split_feature=52 25 51 38 35 9 13 9 1 3 29 51 8 1
split_gain=2.03372 3.73553 2.41413 2.24927 5.83962 6.60015 6.21561 6.16295 6.55516 5.52975 4.34726 4.18511 3.92769 11.2004
threshold=0.023925490000000004 1061.5000000000002 -0.01526248999999996 0.69956738000000007 0.59796979000000017 0.24705495500000005 15.500000000000002 0.69132671500000009 1.048726 1.3826585000000002 0.021799374999999989 0.0064587799999999982 0.41997411500000004 1.7358175000000002
decision_type=2 2 2 2 2 2 2 2 2 2 2 2 2 2
left_child=2 -2 -1 4 5 6 -4 8 -6 10 -10 -7 13 -5
right_child=1 -3 3 12 7 11 -8 -9 9 -11 -12 -13 -14 -15
leaf_value=-0.015936791981968842 -0.0087162927428545717 0.032520656975083197 -0.010000915263449053 -0.0068623821496863139 -0.0079945093278180855 -0.026719802661017665 0.032705237041453207 -0.010138684933926063 -0.0037027467725339576 -0.0092384100094005436 0.055266118101252718 0.0081291818954936403 0.0010866852289912045 0.0061664626462917685
leaf_weight=10.21539185702636 3.2622591415286015 3.1278883868990306 6.6837007676822413 361.36222626262588 3.7730084959184813 13.098276290075889 7.0204297623530465 5.1405330943850904 1.6132302584492197 1.4623560917568728 10.180675473398876 5.186287881961106 1148.4273522795411 143.86894095160642
leaf_count=15892 7754 49 105994 18202 521 199964 24651 6193 3209 2040 3899 55378 38112 10058
internal_value=3.72729e-05 0.0168837 -7.4199e-05 6.6929e-05 0.00773088 -0.0033657 0.0147712 0.021415 0.0310792 0.0413441 0.0484991 -0.0172121 -0.000206619 -0.00312823
internal_weight=1724.42 6.39015 1718.03 1707.82 54.1585 31.9887 13.7041 22.1698 17.0293 13.2563 11.7939 18.2846 1653.66 505.231
internal_count=491916 7803 484113 468221 401849 385987 130645 15862 9669 9148 7108 255342 66372 28260
is_linear=0
shrinkage=0.04


Tree=484
num_leaves=15
num_cat=0
split_feature=2 1 5 14 39 1 1 25 3 37 44 19 14 0
split_gain=2.09411 7.2495 20.3896 13.9219 18.5871 13.5864 11.6739 10.8393 10.1857 9.46956 9.22294 8.17839 14.5539 9.10117
threshold=2.3654035000000007 1.4296055000000003 1176.0899995000002 24.500000000000004 0.11562165704051912 1.3783980000000002 1.5168800000000002 365.50000000000006 1.2145895000000004 1.1919931250000002 0.10170858139604214 0.043830320000000006 45.500000000000007 1015.1350000000001
decision_type=2 2 2 2 2 2 2 2 2 2 2 2 2 2
left_child=1 5 7 6 -5 11 -4 -3 -9 -8 -7 12 -1 -13
right_child=-2 2 3 4 -6 10 9 8 -10 -11 -12 13 -14 -15
leaf_value=0.0014774784204304235 -0.0013925750625526628 0.017983755539222799 -0.023716389445465585 -0.0069124089594725449 0.040264199436171579 0.015326726440599859 -0.021689465188399995 -0.0016921842747692384 -0.029240293103818305 0.02669713334907943 -0.02274727570880223 0.011486632390175906 -0.01845952969039005 -0.013843395423398481
leaf_weight=331.5579320045814 836.29786463717812 25.513182810603325 14.481424891448112 15.599078971688867 53.598733225884644 8.4943185352603887 4.485377325203447 83.19338932230562 24.274048215041375 20.844892821172834 58.663690429963026 159.18157995440629 66.005181356780781 22.012688545448782
leaf_count=83690 273816 48662 292 638 491 105 201 13939 4342 307 19938 20611 4471 20413
internal_value=3.95232e-05 0.00138863 0.00721804 0.019641 0.0298802 -0.000834011 0.000495914 -0.00330829 -0.00893789 0.015966 -0.0172032 0.00119653 -0.00202071 0.00812026
internal_weight=1724.2 887.906 241.99 109.01 69.1978 645.915 39.8117 132.981 107.467 25.3303 67.158 578.757 397.563 181.194
internal_count=491916 218100 68872 1929 1129 149228 800 66943 18281 508 20043 129185 88161 41024
is_linear=0
shrinkage=0.04


Tree=485
num_leaves=15
num_cat=0
split_feature=3 14 0 0 9 48 53 0 7 13 25 0 4 0
split_gain=2.09303 4.2863 6.26394 4.90414 6.7928 6.62814 6.50371 8.11326 5.6764 5.09183 4.34197 3.72792 3.71127 3.54413
threshold=1.5605365000000002 11.500000000000002 897.92400000000009 634.07350000000008 2.7123926550000008 0.11395655750000007 0.70690250500000018 689.40950000000009 2388.5000000000005 45.500000000000007 1061.5000000000002 1049.2745000000002 1793.5000000000002 1177.9760000000003
decision_type=2 2 2 2 2 2 2 2 2 2 2 2 2 2
left_child=-1 -2 3 5 6 8 7 -5 10 -8 -3 12 -4 -13
right_child=1 2 11 4 -6 -7 9 -9 -10 -11 -12 13 -14 -15
leaf_value=0.00047100200970907598 -0.017089595812135264 -0.030000569707743303 -0.034852291776063346 0.025499108563787051 -0.0088941808784060335 0.014151677089848425 0.035890641478411457 -0.027223781137710713 0.015914513387546451 -0.003295891570495561 0.010796070248059035 0.0092663455094243435 0.0071985446493672738 -0.019853223346126162
leaf_weight=1572.7144627423688 28.420178060143996 18.97967282330297 11.094370621851565 3.2624905698794446 14.685269895639065 12.775603903559384 22.597072172986376 6.0204530872039186 3.4419155368525471 5.5874558757550394 2.4045688579790285 13.232446896818489 2.3499952033162108 5.5979475488396124
leaf_count=456017 21136 1894 2865 247 677 119 1100 1030 298 126 23 1225 19 5140
internal_value=3.47783e-05 -0.00439374 -0.000880638 0.0046183 0.0120933 -0.00595187 0.0203979 -0.00625447 -0.0169353 0.028796 -0.0242366 -0.0147411 -0.0275432 -0.0017396
internal_weight=1723.16 150.449 122.029 89.7545 52.1527 37.6018 37.4675 9.28294 24.8262 28.1845 21.3842 32.2748 13.4444 18.8304
internal_count=491916 35899 14763 5514 3180 2334 2503 1277 2215 1226 1917 9249 2884 6365
is_linear=0
shrinkage=0.04


Tree=486
num_leaves=15
num_cat=0
split_feature=48 39 29 15 11 23 45 22 43 43 43 45 2 2
split_gain=2.12348 7.53664 6.43295 7.04175 7.97304 7.78856 7.354 12.3404 6.27275 14.6897 13.5638 8.95703 7.06007 6.83625
threshold=0.093803340000000054 0.21156294496593567 0.43817111000000014 19.500000000000004 2496.0333280000004 0.96527305500000016 0.068217875000000025 0.54756959000000005 0.91040435499999994 0.70774199500000001 1.1260121950000002 0.033484799999999988 2.6486630000000004 3.0285875000000004
decision_type=2 2 2 2 2 2 2 2 2 2 2 2 2 2
left_child=2 -2 -1 -4 5 -5 -6 -8 9 13 -10 -12 -13 -3
right_child=1 8 3 4 6 -7 7 -9 10 -11 11 12 -14 -15
leaf_value=-0.00088887094115191437 -0.0083252925058148949 0.0050488900137990586 0.017385636737911579 -0.026147331740842987 0.010135285238162609 0.0053413381041366569 0.011231967650290544 -0.025632025529421881 0.02184544868354648 -0.016263474679315167 -0.016102932265959644 -0.012364114468664268 0.02213226955901831 -0.014189426974324588
leaf_weight=742.72303006916559 191.26289643261953 238.28147836076096 62.548431767270358 22.345847433952031 158.92634126749408 20.633728331071325 25.67313535825042 23.211879171700275 58.073972249112558 80.465593472588807 36.833821118416381 10.626774124728398 22.21030926385356 28.769964735955
leaf_count=479799 1974 1647 1931 1650 1843 146 368 654 396 431 462 99 327 189
internal_value=3.06388e-05 -0.00172971 0.00114458 0.00590283 0.0027551 -0.0120489 0.00602803 -0.00702622 0.000983639 -0.00181791 0.00838636 -0.00354398 0.0108099 0.00275362
internal_weight=1722.59 666.525 1056.06 313.339 250.791 42.9796 207.811 48.885 475.262 347.517 127.745 69.6709 32.8371 267.051
internal_count=491916 5525 486391 6592 4661 1796 2865 1022 3551 2267 1284 888 426 1836
is_linear=0
shrinkage=0.04


Tree=487
num_leaves=15
num_cat=0
split_feature=41 45 28 3 28 41 52 0 3 39 8 30 39 0
split_gain=2.06187 7.53448 6.50628 7.07436 6.03262 5.26351 5.1823 4.96552 4.87845 5.88671 4.38468 4.07172 7.44251 4.04471
threshold=3.2658269999999994 0.023829519999999996 -0.028320789999999988 1.2755675000000002 0.086005445000000028 5.4637370999999986 0.002814570000000001 702.59000000000003 1.3877905000000001 0.13425965761023531 1.0585352750000003 0.0014985320000000006 0.028229272077714928 1022.4180000000001
decision_type=2 2 2 2 2 2 2 2 2 2 2 2 2 2
left_child=11 2 3 -2 10 -3 8 -5 9 -6 13 12 -1 -4
right_child=1 5 4 7 6 -7 -8 -9 -10 -11 -12 -13 -14 -15
leaf_value=0.019586465291214373 -0.01885212797248572 0.0095408664691607158 0.033700151037613903 0.030482767814201141 -0.004238663055573833 -0.017576418495641052 -0.013059246421331706 -0.014103565293782499 -0.010044910836872223 0.02999764757124548 -0.0038309039925241675 0.00018657679069632009 -0.010294116437821172 -0.0055242694638964361
leaf_weight=10.349075130553272 19.517382371525574 13.051405211471659 31.355274375191527 6.3390392135252096 10.395899015063607 30.712725534007802 14.585515134285741 2.5756501012390913 9.0197638506820095 19.055690270000014 6.1301877550285999 1429.882905339837 115.5477529160114 3.3016917418508447
leaf_count=153946 25234 10183 18542 2953 281 19180 267 9938 164 161 3071 181727 35323 30946
internal_value=2.60444e-05 0.00419525 0.00921644 -0.0066823 0.0141277 -0.00934039 0.00447418 0.0171618 0.011859 0.0190515 0.0248253 -0.000430927 -0.00718351 0.029738
internal_weight=1721.82 166.04 122.276 28.4321 93.844 43.7641 53.0569 8.91469 38.4714 29.4516 40.7872 1555.78 125.897 34.657
internal_count=491916 120920 91557 38125 53432 29363 873 12891 606 442 52559 370996 189269 49488
is_linear=0
shrinkage=0.04


Tree=488
num_leaves=15
num_cat=0
split_feature=33 7 45 17 12 34 28 28 45 16 18 33 16 13
split_gain=2.00248 4.44986 5.14516 4.86212 4.57839 3.8722 3.77781 9.72312 8.24936 7.93884 7.26519 8.9931 6.71182 5.97918
threshold=0.0024733450000000018 3609.5000000000005 0.017228610000000002 4660.5000000000009 1.0000000180025095e-35 2.1592490550000005 0.074572630000000015 -0.010598245000000001 0.022607389999999953 1029.5000000000002 0.96167315500000006 -0.00046231740000000286 846.50000000000011 53.500000000000007
decision_type=2 2 2 2 2 2 2 2 2 2 2 2 2 2
left_child=6 3 -3 -2 -4 -5 7 10 9 -9 11 -1 -12 -11
right_child=1 2 4 5 -6 -7 -8 8 -10 13 12 -13 -14 -15
leaf_value=-0.0076964555070658785 -0.0018074449132010921 -0.0018258885165878703 -0.01069585145091353 -0.022598288903577207 0.028308814968570465 0.0025232735901195482 2.9007810445379632e-05 -0.015085471250436893 -0.0081227297816762536 0.029693749464642774 0.022245886656295063 0.02779427541234953 -0.024992582418451283 0.0043781850766251348
leaf_weight=26.852997573332971 493.26106815416028 32.661670804416758 3.2451911403104559 28.376436160540379 18.513802439755978 12.59405376651557 963.46561851768558 6.4278028891069416 19.028892797894855 53.548545911762233 1.7165600689750729 13.098635938948403 26.137682617457642 22.65256879118067
leaf_count=38897 45068 636 286 796 721 187 33079 117983 53810 72691 24924 40312 52176 10350
internal_value=2.74869e-05 -0.00185587 0.00856087 -0.00298654 0.02158 -0.0154416 0.00100991 0.00642602 0.0139888 0.0192539 -0.00509453 0.00573691 -0.0191389 0.0229011
internal_weight=1721.58 588.652 54.4207 534.232 21.759 40.9705 1132.93 169.464 101.658 82.6289 67.8059 39.9516 27.8542 76.2011
internal_count=491916 47694 1643 46051 1007 983 444222 411143 254834 201024 156309 79209 77100 83041
is_linear=0
shrinkage=0.04


Tree=489
num_leaves=15
num_cat=0
split_feature=7 7 3 9 50 8 7 12 12 4 0 39 3 8
split_gain=2.0014 2.78735 6.41512 2.61131 4.31349 3.81974 2.74845 13.3334 12.3432 13.9227 12.6609 11.3324 17.6354 11.198
threshold=6128.0000000000009 5447.5000000000009 0.83837300000000015 4.2925328600000006 4.5000000000000009 1.7297377250000003 1629.5000000000002 1.0000000180025095e-35 1.0000000180025095e-35 1212.5000000000002 510.99400000000009 0.13425965761023531 1.3269635000000004 0.7415485850000002
decision_type=2 2 2 2 2 2 2 2 2 2 2 2 2 2
left_child=1 3 -3 6 -5 -6 7 -1 9 10 -8 12 -9 -10
right_child=-2 2 -4 4 5 -7 8 11 13 -11 -12 -13 -14 -15
leaf_value=0.00091540087078594002 -0.017871296058258976 0.027152963973698242 -0.015463235837651072 -0.025160489310049088 -0.015686460682919737 0.0122619574980557 0.016039185240314537 -0.015080283985418217 0.020731806916890819 0.0024032541307671671 -0.028609551979906851 -0.020442877341392794 0.022020455339891495 0.0030025891385964693
leaf_weight=882.2947736600928 4.9374729592834674 11.89480605569827 4.5909119700835381 12.354668383389024 8.1454702108967485 14.371438869784468 8.9626333579534485 44.331154810031535 62.013380504298198 95.490590237160632 52.255938596090232 90.434715595881926 30.075793808868639 399.59530161385408
leaf_count=384549 1658 1003 510 3123 57 239 464 19000 2613 1693 37934 1989 5908 31176
internal_value=2.82451e-05 0.000131471 0.0144486 -4.92984e-05 -0.0101658 0.00113842 0.000192317 -0.00105526 0.00229663 -0.00725137 -0.0213553 -0.0113194 0.000358371 0.005581
internal_weight=1721.75 1716.81 16.4857 1700.33 34.8716 22.5169 1665.45 1047.14 618.318 156.709 61.2186 164.842 74.4069 461.609
internal_count=491916 490258 1513 488745 3419 296 485326 411446 73880 40091 38398 26897 24908 33789
is_linear=0
shrinkage=0.04


Tree=490
num_leaves=15
num_cat=0
split_feature=2 2 17 14 36 0 45 13 14 8 26 7 11 11
split_gain=2.03687 9.88999 9.42478 8.72269 7.76737 9.18777 9.86777 9.80649 9.41835 12.7293 8.5893 9.19417 8.96117 10.5152
threshold=2.2615805000000004 2.2269590000000004 1325.5000000000002 12.500000000000002 0.089381203617175109 623.0205000000002 0.018669655000000025 45.500000000000007 6.5000000000000009 0.33245659000000005 520.50000000000011 653.50000000000011 1193.5812465000001 3114.6241145000008
decision_type=2 2 2 2 2 2 2 2 2 2 2 2 2 2
left_child=1 4 -2 -3 5 6 10 -8 9 -7 12 -12 -1 -14
right_child=2 3 -4 -5 -6 8 7 -9 -10 -11 11 -13 13 -15
leaf_value=0.021652451672356753 -0.03120234901577534 -0.016920778205674687 -0.00067160062307027935 0.025747808299994106 0.0044690533140980364 -0.018632116555366045 -0.0250722661314349 0.01068676948291949 -0.01095117077368128 0.043637107102513915 0.043919635727380897 0.0066726159125753571 -0.019817962897034035 0.03115315641704202
leaf_weight=14.891460500255105 11.463538672564367 5.6984718527443183 952.65099776861189 37.981044542355903 360.86867155136588 5.3268768637251451 24.665557694338077 17.159903075659713 206.83010961267382 7.4496825139851808 15.750868839124449 26.168083482043585 30.155461630728496 3.274337403755907
leaf_count=8014 165894 6230 142841 5509 6715 38098 3010 912 102855 6364 240 713 4144 377
internal_value=2.26483e-05 0.00157108 -0.00119373 0.019015 0.000376696 -0.00382646 0.00440766 -0.0108267 -0.00876613 0.019737 0.0116663 0.023857 -0.000154517 -0.0114218
internal_weight=1720.34 756.221 964.115 43.6795 712.541 351.672 132.066 41.8255 219.607 12.7766 90.2402 41.919 48.3213 33.4298
internal_count=491916 183181 308735 11739 171442 164727 17410 3922 147317 44462 13488 953 12535 4521
is_linear=0
shrinkage=0.04


Tree=491
num_leaves=15
num_cat=0
split_feature=48 39 1 15 1 3 17 25 43 33 19 15 10 14
split_gain=2.03819 7.09417 10.8282 11.7571 8.44759 7.86568 12.0294 9.82749 8.68809 8.67785 8.11579 7.41281 6.46569 6.32093
threshold=0.093803340000000054 0.25863827904006409 1.4619615000000004 16.500000000000004 1.4955780000000003 1.3753760000000002 3063.5000000000005 496.50000000000006 0.61904502000000006 -0.0013322501999999991 0.032407975000000006 42.500000000000007 4467.5000000000009 12.500000000000002
decision_type=2 2 2 2 2 2 2 2 2 2 2 2 2 2
left_child=-1 5 3 -3 -4 6 7 13 -8 -10 -7 -12 -5 -2
right_child=1 2 4 12 -6 10 8 -9 9 -11 11 -13 -14 -15
leaf_value=0.0011214266374423899 0.015080519004623108 -0.018307628625369228 -0.026429578111379248 0.025559980198740357 0.00046212265470087709 -0.03353740426321114 0.0014839338752185363 0.014014992335492494 0.0014246897377688883 -0.024223021078655961 0.0061873663490608468 -0.021969554994029871 -0.0040496761729014157 -0.023218426847616082
leaf_weight=1053.5366443566468 5.8189668689119598 10.96367695671506 15.474681402905842 59.716395642491989 212.68453452628455 24.158651850862952 72.768897269386798 85.693018401139852 29.387462499653338 65.387167829168902 30.574706398965645 21.520710801472887 12.904135789023711 18.249443572863129
leaf_count=486391 101 93 82 472 1503 235 451 654 298 682 364 212 110 268
internal_value=2.85905e-05 -0.00169742 0.00267992 0.0145555 -0.00188944 -0.0055406 -0.00228899 0.00779358 -0.00892873 -0.0165974 -0.0164969 -0.00634962 0.0203766 -0.0129577
internal_weight=1718.84 665.302 311.743 83.5842 228.159 353.559 277.305 109.761 167.544 94.7746 76.2541 52.0954 72.6205 24.0684
internal_count=491916 5525 2260 675 1585 3265 2454 1023 1431 980 811 576 582 369
is_linear=0
shrinkage=0.04


Tree=492
num_leaves=15
num_cat=0
split_feature=13 10 16 30 41 24 51 28 48 9 13 48 8 1
split_gain=2.00078 2.6536 2.88167 2.34664 3.66348 4.06456 3.97986 3.16144 5.19065 6.64009 6.45937 7.21449 5.86667 8.80904
threshold=196.50000000000003 3304.5000000000005 2413.5000000000005 -0.019249257999999977 14.480216899999997 1148.5000000000002 0.0010145899999999821 -0.038203009999999989 -0.0025657999999999961 0.57432682000000013 12.500000000000002 -0.01605858499999999 0.41997411500000004 1.7411330000000003
decision_type=2 2 2 2 2 2 2 2 2 2 2 2 2 2
left_child=3 2 -2 4 6 -6 -1 -5 9 10 -9 -12 13 -10
right_child=1 -3 -4 7 5 -7 -8 8 12 -11 11 -13 -14 -15
leaf_value=0.033431272249088186 -0.0071230426221603532 -0.0040136148287904429 0.03202091532685046 -0.009772614309791287 -0.017161744910335501 0.010824422416678072 -0.0062241874746320315 -0.010926525283304825 -0.0074193707046561735 -0.0042402448492981698 0.00043686411471286889 0.042183809622538961 0.0011422522113769974 0.0046854315467058528
leaf_weight=8.8092196138516083 1.9952909516427988 7.7016204043309235 6.185006905220007 50.29193071480654 9.0274499438010043 15.363052720800622 3.7938578950731872 5.1788265553271371 349.50491563591493 23.627953250168559 9.6751263735670836 16.750297452748441 1082.0424208452403 128.11217152731058
leaf_count=814 229 374 381 60373 2868 1217 635 51802 132581 41485 5837 33969 87083 72268
internal_value=1.74585e-05 0.0123239 0.023393 -0.000133123 0.00920636 -0.000691286 0.0231167 -0.000367548 -4.53895e-05 0.0114775 0.0222024 0.0294004 -0.000488821 -0.00415757
internal_weight=1718.06 15.8819 8.1803 1702.18 36.9936 24.3905 12.6031 1665.18 1614.89 55.2322 31.6043 26.4254 1559.66 477.617
internal_count=491916 984 610 490932 5534 4085 1449 485398 425025 133093 91608 39806 291932 204849
is_linear=0
shrinkage=0.04


Tree=493
num_leaves=15
num_cat=0
split_feature=43 29 3 9 8 0 8 14 26 26 22 37 40 18
split_gain=2.01503 3.75193 3.43516 3.42649 4.74285 10.2968 7.31351 5.33173 4.85223 9.98065 16.4556 8.47624 8.38407 7.24839
threshold=-1.0000000180025095e-35 -0.035326434999999989 1.8357250000000003 0.14727029500000002 0.148767805 694.1015000000001 0.18084778500000001 3.5000000000000004 231.50000000000003 311.50000000000006 0.54756959000000005 0.43101020285714292 4.7797720999999997 0.95148588000000012
decision_type=2 2 2 2 2 2 2 2 2 2 2 2 2 2
left_child=1 -1 3 -2 5 -5 7 -6 12 10 11 -10 -8 -12
right_child=2 -3 -4 4 6 -7 8 -9 9 -11 13 -13 -14 -15
leaf_value=-0.017576934686868308 -0.012546885643808389 0.0062411540777796513 -0.019072594267055425 0.030394452844835187 0.018217390389481877 -0.011976990614348274 -0.027627444574856334 -0.024717508329855132 -0.0074137565885542961 7.2631929541445242e-07 0.019620263533739104 0.047634711217374219 -0.0018526830900997596 -0.010666429127487173
leaf_weight=6.6653975721856105 30.180081577808323 133.1933917850256 10.592792411749086 18.374380904152648 1.7678137591799465 11.578064093970736 21.154797483106563 24.553575984551571 3.9681271323037235 1298.4710971753811 14.572891516714661 19.802795149886265 92.262210974823233 30.711080108103488
leaf_count=536 72876 1174 3801 7249 7216 39355 111499 29799 36745 151936 876 4475 21286 3093
internal_value=2.29903e-05 0.00453852 -0.000390297 -0.000203791 7.84325e-05 0.0146455 -0.000258511 -0.0193861 0.000145539 0.000815321 0.0150983 0.0387539 -0.00762379 6.19598e-05
internal_weight=1717.85 139.859 1577.99 1567.4 1537.22 29.9524 1507.26 26.3214 1480.94 1367.53 69.0549 23.7709 113.417 45.284
internal_count=491916 1710 490206 486405 413529 46604 366925 37015 329910 197125 45189 41220 132785 3969
is_linear=0
shrinkage=0.04


Tree=494
num_leaves=15
num_cat=0
split_feature=0 38 3 15 27 14 2 15 19 18 11 8 48 26
split_gain=1.98892 7.5833 5.01651 4.38232 7.1806 3.87799 3.78682 6.54346 7.60515 9.31533 12.8791 9.22212 7.63429 6.35656
threshold=439.78550000000001 1.6295460600000002 1.1318275000000002 5.5000000000000009 0.096699109999999991 12.500000000000002 1.7660510000000003 10.500000000000002 0.033539825000000002 0.94985373000000017 3745.3317390000007 0.7415485850000002 0.034370302500000019 187.50000000000003
decision_type=2 2 2 2 2 2 2 2 2 2 2 2 2 2
left_child=1 -1 -3 4 5 -2 7 -5 12 13 11 -11 -9 -10
right_child=3 2 -4 6 -6 -7 -8 8 9 10 -12 -13 -14 -15
leaf_value=-0.02944886115032944 0.0021469836311735152 0.022553409969131306 -0.010070676908174139 -0.017289677435369182 -0.0095018887234214373 0.039238395446809501 -0.00080134290032759137 0.037369070753841049 -0.017724226054274796 -0.0028261057992292329 0.024307659033510051 -0.03144858355653158 0.0065785120022547449 0.022138083465415063
leaf_weight=11.594589807057217 7.2828566033450732 9.0732074633415341 11.852845313631404 14.855294124029113 9.987414764668527 10.180613016821892 1444.1666023240348 17.730913534961019 3.7129896304954846 67.570417524884988 15.598637128924791 20.15374885762526 36.155147683894029 37.033356117736275
leaf_count=3598 69704 99 234 5586 670 9411 379540 5572 1613 9173 1529 1605 422 3160
internal_value=2.02588e-05 -0.00908866 0.00569617 0.0002225 0.01478 0.0276909 -6.24125e-05 0.00485537 0.00690223 0.00188282 -0.00457371 -0.0107431 0.0190227 0.0169654
internal_weight=1716.95 32.5206 20.9261 1684.43 27.4509 17.4635 1656.98 212.811 197.955 144.069 103.323 87.7242 53.8861 40.7463
internal_count=491916 3931 333 487985 79785 79115 408200 28660 23074 17080 12307 10778 5994 4773
is_linear=0
shrinkage=0.04


Tree=495
num_leaves=15
num_cat=0
split_feature=3 14 0 0 9 48 53 0 7 13 25 43 13 3
split_gain=2.01933 3.99309 5.9657 4.42362 6.23596 6.23008 6.07763 7.76618 5.39394 4.73591 4.10269 3.48977 3.27476 3.26072
threshold=1.5605365000000002 11.500000000000002 897.92400000000009 634.07350000000008 2.7123926550000008 0.11395655750000007 0.70690250500000018 689.40950000000009 2388.5000000000005 45.500000000000007 1061.5000000000002 0.22937083999999999 14.500000000000002 1.1022950000000002
decision_type=2 2 2 2 2 2 2 2 2 2 2 2 2 2
left_child=13 -2 3 5 6 8 7 -5 10 12 -3 -4 -8 -1
right_child=1 2 11 4 -6 -7 9 -9 -10 -11 -12 -13 -14 -15
leaf_value=-0.0011599475483160173 -0.016658194469639221 -0.029283882440432701 -0.0010925911579406794 0.024742393769597734 -0.0086241216222619852 0.013857806418491525 -0.0056730454620765374 -0.026882948325293907 0.015573898097084577 -0.0032843239835517526 0.010394516982659143 -0.026067873489593742 0.038266268868467977 0.0025042754512304829
leaf_weight=879.74174756169884 28.117573631425728 18.634280069108861 17.284134517511124 3.2930312345995372 14.553978100705988 12.67587706215272 1.7074504919737652 5.9356673940386599 3.4387391952470798 5.561844897077207 2.4293616559589273 14.647500801817783 20.794771142030186 688.11329648091862
leaf_count=250886 21136 1894 183 247 677 119 256 1030 298 126 23 9066 844 205131
internal_value=2.30507e-05 -0.00434726 -0.000937798 0.00444982 0.0115556 -0.00565471 0.0195196 -0.00624045 -0.016387 0.0276533 -0.0235914 -0.0145273 0.034507 0.000451086
internal_weight=1716.93 149.074 120.957 89.025 51.8467 37.1783 37.2928 9.2287 24.5024 28.0641 21.0636 31.9316 22.5022 1567.86
internal_count=491916 35899 14763 5514 3180 2334 2503 1277 2215 1226 1917 9249 1100 456017
is_linear=0
shrinkage=0.04


Tree=496
num_leaves=15
num_cat=0
split_feature=0 25 15 0 9 2 53 19 18 8 8 2 10 7
split_gain=2.00127 2.63017 5.99694 7.15381 8.40288 6.4269 9.60554 6.34354 6.43886 5.42931 7.61552 5.63212 4.97397 16.822
threshold=1825.5915000000002 1603.5000000000002 77.500000000000014 673.14750000000015 0.90465971500000009 3.0095670000000005 0.79817125500000008 0.033413370000000005 0.9756654950000001 0.43800661000000002 0.29181252500000004 2.1902460000000006 3536.5000000000005 2553.5000000000005
decision_type=2 2 2 2 2 2 2 2 2 2 2 2 2 2
left_child=1 12 5 -4 -5 6 9 8 -8 10 -3 -11 -1 -14
right_child=-2 2 3 4 -6 -7 7 -9 -10 11 -12 -13 13 -15
leaf_value=0.00082543732945993789 -0.017678447975874645 -0.018350586392229206 0.039196279903481894 0.02625402149513633 -0.00065685668946801517 -0.016530951475779095 0.038465119092425004 -0.00015665973108669402 0.0019122582102717861 0.0030607589866329566 0.020837668332465347 -0.034089293752019717 -0.01713704143548252 0.0012627026867627702
leaf_weight=1121.6846037563964 5.1619359228811836 9.3969208342159636 8.2206908809603174 20.726164606512611 65.855870794665861 29.144835136135953 16.679002813540141 29.157176482911382 12.817400229148914 8.7878750214731571 12.893302634931386 13.976194616599967 110.97861020356356 250.82915931699847
leaf_count=416484 42154 449 125 391 1346 750 478 805 326 72 404 223 6522 21387
internal_value=2.03795e-05 0.000125121 0.00407991 0.0114934 0.00686677 -0.00143531 0.0033722 0.0135516 0.0251608 -0.00990966 0.00398175 -0.0217794 -0.000493443 -0.00453778
internal_weight=1716.31 1711.15 227.655 94.8027 86.582 132.853 103.708 58.6536 29.4964 45.0543 22.2902 22.7641 1483.49 361.808
internal_count=491916 449762 5369 1862 1737 3507 2757 1609 804 1148 853 295 444393 27909
is_linear=0
shrinkage=0.04


Tree=497
num_leaves=15
num_cat=0
split_feature=8 13 7 12 12 4 8 45 39 3 52 40 15 13
split_gain=1.99877 3.60259 2.37596 12.2192 11.3692 15.0693 10.9801 12.2466 10.6691 16.5133 10.0881 9.76242 9.54881 9.52579
threshold=2.0953895900000004 125.50000000000001 1629.5000000000002 1.0000000180025095e-35 1.0000000180025095e-35 1212.5000000000002 0.7415485850000002 0.015074409999999984 0.13425965761023531 1.3269635000000004 -0.0086024899999999991 11.784086999999998 31.500000000000004 92.500000000000014
decision_type=2 2 2 2 2 2 2 2 2 2 2 2 2 2
left_child=2 -2 3 -1 5 -4 -6 11 9 -5 -9 12 -8 -12
right_child=1 -3 4 8 6 -7 7 10 -10 -11 13 -13 -14 -15
leaf_value=0.00087351045751349462 -0.022562285619303176 0.010705256388492677 -0.021980972484381963 -0.014672374212093867 0.020078384862365989 0.0027707893608178648 0.025578963261753466 -0.0034936272102873418 -0.019749913698158966 0.021143877806571783 0.034516147015345555 -0.006375827810504291 0.0015700509142029359 -0.00046260706011609919
leaf_weight=879.63564539622416 10.428231396113345 4.2551490438894453 60.711331363728164 43.878301641923372 61.997622102228092 95.724859957842 29.122167385640751 28.083000277836277 89.891713626939463 30.598211036614885 39.90487770317236 202.46925727326629 122.11041461890238 17.058068183705927
leaf_count=384547 8380 1238 38679 19000 2613 1714 3763 1537 1986 5897 9484 2027 8691 2360
internal_value=2.25378e-05 -0.0126512 0.000168682 -0.00101605 0.00204422 -0.0072184 0.00498068 0.00264509 -0.0108555 0.000446968 0.0158159 -0.000698097 0.00686399 0.0248494
internal_weight=1715.87 14.6834 1701.19 1044 657.182 156.436 500.745 438.748 164.368 74.4765 85.0459 353.702 151.233 56.9629
internal_count=491916 9618 482298 411430 70868 40393 30475 27862 26883 24897 13381 14481 12454 11844
is_linear=0
shrinkage=0.04


Tree=498
num_leaves=15
num_cat=0
split_feature=7 9 9 1 26 26 22 5 17 40 11 45 8 18
split_gain=1.98189 3.55045 4.81767 3.28873 3.17041 7.81862 11.8433 5.78051 6.21123 6.97674 6.95922 5.7023 5.44701 5.42941
threshold=163.50000000000003 0.14727029500000002 0.10644746000000001 1.4460470000000003 231.50000000000003 311.50000000000006 0.54756959000000005 1120.6922135000002 1305.5000000000002 13.274877600000003 4258.8470835000016 0.081413010000000022 1.2546639550000001 0.95148588000000012
decision_type=2 2 2 2 2 2 2 2 2 2 2 2 2 2
left_child=3 2 -2 -1 7 6 -6 8 -3 10 -10 12 -11 -8
right_child=1 4 -4 -5 5 -7 13 -9 9 11 -12 -13 -14 -15
leaf_value=0.027781992405168623 0.0063293004843822352 0.010246362374237079 -0.023301966983247602 -0.0078945658211852197 0.03135424803024419 4.2905385836732317e-06 0.016819999599889061 0.004420646884368452 -0.037588566408016291 0.017756393008543925 0.011248161644234762 -0.018813540324595677 -0.020226063286597182 -0.0085173585467806547
leaf_weight=5.1775374708481632 11.248162377528333 13.002446066361129 18.408995771132197 4.0130203148614783 27.718189030290205 1466.7475293976938 15.751256765402102 52.330296432992327 23.813562140658409 17.324209200661247 3.2296900789646079 18.665139666479263 3.6813196180314653 33.899883370402677
leaf_count=8532 19575 127489 30606 16392 50769 171550 1040 665 54570 835 4654 1469 69 3701
internal_value=2.43204e-05 -9.92313e-05 -0.0127719 0.0149112 0.00016231 0.000677729 0.0126694 -0.00566969 -0.0121635 -0.016941 -0.0309111 -0.0050238 0.00849083 0.00032409
internal_weight=1715.01 1705.82 29.6572 9.19056 1676.16 1544.12 77.3693 132.047 79.7164 66.7139 27.0433 39.6707 21.0055 49.6511
internal_count=491916 466992 50181 24924 416811 227060 55510 189751 189086 61597 59224 2373 904 4741
is_linear=0
shrinkage=0.04


Tree=499
num_leaves=15
num_cat=0
split_feature=0 24 3 2 45 0 53 24 45 14 0 9 12 1
split_gain=1.9531 2.51642 5.68189 4.91961 4.52165 6.76605 5.63306 8.22809 7.40016 4.4744 9.42721 8.20944 5.07165 4.58037
threshold=1825.5915000000002 1773.5000000000002 1.1723585000000003 2.9541830000000004 0.062529305000000049 817.71900000000016 2.2332609500000005 2717.5000000000005 -0.061880605000000026 37.500000000000007 906.61700000000008 0.62236217000000005 1.0000000180025095e-35 1.4699685000000002
decision_type=2 2 2 2 2 2 2 2 2 2 2 2 2 2
left_child=1 -1 4 -4 6 -6 8 -8 -3 11 -11 -10 -13 -12
right_child=-2 2 3 -5 5 -7 7 -9 9 10 13 12 -14 -15
leaf_value=-0.00048140446852027564 -0.017503198092455704 0.026758850152919466 0.029346644991422047 -0.0043042792457454338 0.01498069424784701 -0.02203017231413814 -0.015582168047052473 0.018940806730378783 -0.0061970172701782357 0.015466508975019897 -0.00015466782606931133 0.037426748082697497 0.00201239313258354 -0.026808562024003415
leaf_weight=1479.8397446489635 5.1127859709233681 22.687563611834776 18.181973772938367 8.2850245036534016 7.1757194502279189 21.661830604786701 37.919778624266655 10.232021578900456 20.511175921443282 20.589226733980468 18.142485409829533 14.631080766390369 10.541608507806814 19.091455772164409
leaf_count=445423 42154 217 324 206 103 762 550 190 545 251 291 156 224 520
internal_value=2.39663e-05 0.000127279 0.00397623 0.0198027 0.00148857 -0.0119679 0.00398592 -0.00715454 0.00834742 0.00326476 -0.00403769 0.0119942 0.0253873 -0.0153771
internal_weight=1714.6 1709.49 229.651 26.467 203.184 28.8376 174.346 48.1518 126.195 103.507 57.8232 45.6839 25.1727 37.2339
internal_count=491916 449762 4339 530 3809 865 2944 740 2204 1987 1062 925 380 811
is_linear=0
shrinkage=0.04


Tree=500
num_leaves=15
num_cat=0
split_feature=2 2 2 8 2 4 15 21 1 1 19 38 53 1
split_gain=1.93341 12.7705 6.14896 11.1435 9.45587 6.83684 6.66887 6.01998 5.45415 11.7236 9.94538 6.45895 9.81515 9.30918
threshold=2.6851510000000007 2.7019100000000003 2.6306915000000006 1.0012194950000002 2.6139950000000005 1382.5000000000002 18.500000000000004 2.2012755400000006 1.8713930000000001 1.8455390000000003 0.034486525000000011 2.3589883600000006 0.39201801500000005 1.3896775000000001
decision_type=2 2 2 2 2 2 2 2 2 2 2 2 2 2
left_child=2 -2 4 6 8 -5 -4 -6 9 11 -10 -1 -13 -14
right_child=1 -3 3 5 7 -7 -8 -9 10 -11 -12 12 13 -15
leaf_value=3.9286960847484337e-05 -0.025394197888381115 -0.00032777475513029507 -0.0088711148422885109 -0.032802566671726541 -0.035128830484270367 0.0094665655139600773 0.027623544903951826 0.011372581649523768 0.034087169743557612 -0.035178476722282886 -0.012026298103793562 -0.014367941570153151 -0.0086505229661517271 0.033265486510242519
leaf_weight=1032.3206049107639 29.848217398399015 488.77100373358974 7.2354576500631529 7.5259184514029611 13.780026158741295 8.6194540967690028 40.303105006652686 3.1964081613696171 14.926350744436833 9.7347865910332967 8.7268367717140318 11.05805198708549 8.9825300780357775 28.588863610610133
leaf_count=284772 5725 165081 9524 1857 5807 167 6040 38 3436 2399 6174 166 240 490
internal_value=2.90183e-05 -0.00199914 0.000913884 0.0125348 0.000207445 -0.013334 0.0217534 -0.0257779 0.000716699 0.000262921 0.0179439 0.000742599 0.0142771 0.0234052
internal_weight=1713.62 518.619 1195 63.6839 1131.31 16.1454 47.5386 16.9764 1114.34 1090.68 23.6532 1080.95 48.6294 37.5714
internal_count=491916 170806 321110 17588 303522 2024 15564 5845 297677 288067 9610 285668 896 730
is_linear=0
shrinkage=0.04


Tree=501
num_leaves=15
num_cat=0
split_feature=13 25 26 13 52 13 44 40 45 8 8 4 7 12
split_gain=1.94805 2.60073 2.86469 2.17323 4.87858 5.28452 5.10497 3.72044 4.12934 4.01686 3.56352 3.50497 3.48422 11.576
threshold=196.50000000000003 1212.5000000000002 269.50000000000006 92.500000000000014 -0.0032099799999999973 117.50000000000001 0.27371725090554838 18.510600400000012 -0.018378139999999998 1.2546639550000001 2.0953895900000004 675.50000000000011 1675.5000000000002 1.0000000180025095e-35
decision_type=2 2 2 2 2 2 2 2 2 2 2 2 2 2
left_child=3 2 -2 10 6 -6 -5 8 9 -7 12 -8 -1 -14
right_child=1 -3 -4 4 5 7 11 -9 -10 -11 -12 -13 13 -15
leaf_value=-0.00079390536731511975 0.020576694043973949 0.023313588203138304 -0.013890408256054192 0.019505011954541757 -0.014811638536563842 0.013701378629280763 0.017841382275566746 0.010237126361892371 -0.021317665794444607 -0.015086063555544061 -0.01985886258738899 -0.013589813427652846 -0.007243865675027608 0.0067461330136725584
leaf_weight=1012.1121840076496 0.76496586401549205 7.9941887749155285 7.0809689156074 20.337760337279178 72.771461307905724 15.522194891631331 2.9461527716445088 29.393233639997561 14.097807967522042 7.605544775064117 8.8109426934472577 17.117665760570844 121.53612852700735 374.66319255889152
leaf_count=411708 134 95 755 197 5247 430 1738 293 3175 844 7004 791 34973 24532
internal_value=2.10218e-05 0.0121763 -0.00382889 -0.000127883 -0.00422385 -0.00772865 0.0073876 0.000502403 -0.00748614 0.00323575 0.000369804 -0.00633601 0.000553195 0.00328142
internal_weight=1712.75 15.8401 7.84593 1696.91 179.792 139.39 40.4016 66.6188 37.2255 23.1277 1517.12 20.0638 1508.31 496.199
internal_count=491916 984 889 490932 12715 9989 2726 4742 4449 1274 478217 2529 471213 59505
is_linear=0
shrinkage=0.04


Tree=502
num_leaves=15
num_cat=0
split_feature=2 2 3 17 14 10 7 6 15 53 3 3 36 52
split_gain=1.97371 9.05292 10.8164 9.02921 7.7215 10.5832 9.61266 9.06165 8.84217 10.0488 12.2484 9.99386 10.4475 11.1018
threshold=2.2615805000000004 2.2269590000000004 1.2490895000000004 1325.5000000000002 53.500000000000007 3304.5000000000005 3470.5000000000005 1.4254091050000002 32.500000000000007 0.74531391750000009 1.1355255000000002 0.79152400000000012 0.12190006617901081 0.00014898499999999734
decision_type=2 2 2 2 2 2 2 2 2 2 2 2 2 2
left_child=1 4 -3 -2 6 -6 7 -1 9 10 -9 -10 13 -13
right_child=3 2 -4 -5 5 -7 -8 8 11 -11 -12 12 -14 -15
leaf_value=-0.0032496866860519487 -0.030853103462226274 0.032382442265812002 -0.0056300906283902399 -0.00067114484566091741 0.012835969984896453 -0.016265017659480459 0.022569091701342463 0.022970227288453701 0.025127307715268665 0.028733038575511655 -0.0086341372415716464 -0.026855853039725985 0.014313614617445181 0.0020555437195439339
leaf_weight=342.80233275049034 11.135093869367436 26.26515823489899 17.318075173489774 948.35762828435895 22.159982550197469 78.79408992185904 29.712301923732525 28.54910763935186 15.242154214414766 43.169246126635699 42.858798188623041 37.993811086023925 27.002529243531171 40.71780362159916
leaf_count=158234 165894 7473 4266 142841 2399 5541 2915 229 139 485 438 404 257 401
internal_value=2.06873e-05 0.00154858 0.018253 -0.00117954 0.000401107 -0.0095729 0.00212166 0.000886717 0.00684937 0.0145635 0.00467767 -0.000745956 -0.00544274 -0.0126704
internal_weight=1712.08 752.585 43.5832 959.493 709.002 100.954 608.048 578.336 235.533 114.577 71.4079 120.956 105.714 78.7116
internal_count=491916 183181 11739 308735 171442 7940 163502 160587 2353 1152 667 1201 1062 805
is_linear=0
shrinkage=0.04


Tree=503
num_leaves=15
num_cat=0
split_feature=3 9 43 3 53 3 51 45 3 43 12 23 3 26
split_gain=1.98353 3.85011 3.75006 3.21728 8.00964 3.95751 5.147 5.10278 3.97801 7.98294 8.17652 7.14433 5.69362 5.39551
threshold=0.5770765000000001 1.914423065 1.0914833700000004 0.62794750000000021 2.4903600125000005 0.68480200000000013 0.005298325000000049 0.025140075000000043 0.74857000000000007 0.61904502000000006 1.0000000180025095e-35 0.87914975500000014 0.75564350000000002 582.50000000000011
decision_type=2 2 2 2 2 2 2 2 2 2 2 2 2 2
left_child=1 2 -1 4 -2 6 7 -5 9 10 -7 13 -10 -11
right_child=3 -3 -4 5 -6 8 -8 -9 12 11 -12 -13 -14 -15
leaf_value=0.025187774380027377 -0.020855991199762749 -0.011027260475996035 -0.0072246876074102719 0.004284157095781011 0.02694435044355448 0.023577569289924036 -0.013826460145590811 0.027912776646133262 0.025568221341450065 -0.018746177246030348 -0.010352790057237797 -0.031472477363556239 -0.00011224719796878287 0.016726064444845104
leaf_weight=15.969180503857393 23.955600417344389 6.9230620914998999 5.294796986555979 42.470499071195945 2.4420129635254844 14.993828727864068 9.3148327459228977 19.309249826376913 8.9418594894771086 7.7243874267326218 21.779819142422639 25.117208739829948 1496.2918504868662 9.8917833125163934
leaf_count=194 7657 901 3298 8904 366 103 3076 2662 2102 15072 251 982 442448 3900
internal_value=2.78166e-05 0.00971197 0.017278 -0.000162748 -0.0128474 7.75412e-05 0.00898863 0.0132062 -0.000349241 -0.00879401 0.00464791 -0.0196365 0.000124453 0.000466361
internal_weight=1710.42 28.187 21.264 1682.23 26.3976 1655.84 71.0946 61.7797 1584.74 79.507 36.7736 42.7334 1505.23 17.6162
internal_count=491916 4393 3492 487523 8023 479500 14642 11566 464858 20308 354 19954 444550 18972
is_linear=0
shrinkage=0.04


Tree=504
num_leaves=15
num_cat=0
split_feature=7 4 4 3 5 5 2 11 2 16 16 16 14 53
split_gain=1.93474 3.36529 7.37905 7.46623 5.87329 5.39011 13.1605 11.5591 5.69527 5.29775 5.51443 5.28855 5.26308 5.22089
threshold=163.50000000000003 221.50000000000003 260.50000000000006 1.3826585000000002 360.42780550000003 444.74149900000003 1.7451620000000003 1925.0863985000003 2.5181560000000007 1248.5000000000002 921.50000000000011 1081.5000000000002 173.50000000000003 0.15315875000000004
decision_type=2 2 2 2 2 2 2 2 2 2 2 2 2 2
left_child=-1 -2 3 9 12 6 -6 8 13 10 -3 -7 -4 -8
right_child=1 2 4 -5 5 11 7 -9 -10 -11 -12 -13 -14 -15
leaf_value=0.014734831550287122 -0.019989100460588188 -0.0064519200509476409 -0.025646765952778528 -0.013228580566449882 -0.02136707240721767 -0.02339735982933934 -0.0029955728125440591 -0.016744817964438635 -0.0106034152832679 -0.0077394257800786357 0.068428840579515232 -2.2961883915224844e-05 0.021194318656353586 0.04814492502842075
leaf_weight=9.1991831884433832 8.4928472312190006 0.95549571230139818 18.225227296217557 2.3219511136398978 8.5349406589826895 10.637143275683682 3.0343454164531165 5.1269890247287995 1.760191692168404 1.1888879531671248 3.3533783274148732 1617.1356701911072 0.70485967924196202 19.036324582861425
leaf_count=24924 209332 9348 57882 6707 2498 12213 1540 11458 11852 11914 5680 114412 119 12037
internal_value=3.07855e-05 -9.17231e-05 6.67498e-05 0.0302994 -0.000162891 0.000119494 0.0141836 0.026265 0.0368174 0.0462279 0.0572773 -0.00024689 -0.0198387 0.0418593
internal_weight=1709.71 1700.51 1692.02 7.81971 1684.2 1665.27 37.4928 28.9579 23.8309 5.49776 4.30887 1627.77 18.9301 22.0707
internal_count=491916 466992 257660 33649 224011 166010 39385 36887 25429 26942 15028 126625 58001 13577
is_linear=0
shrinkage=0.04


Tree=505
num_leaves=15
num_cat=0
split_feature=13 25 0 7 12 8 3 9 25 3 15 34 35 2
split_gain=1.92906 2.47678 3.39295 2.14022 8.86177 7.52304 15.8956 12.2027 12.4512 8.52339 8.19204 14.2484 13.7261 9.0126
threshold=196.50000000000003 1212.5000000000002 488.34000000000009 665.50000000000011 1.0000000180025095e-35 0.41558532000000009 0.98921500000000007 0.71000227500000013 1742.5000000000002 1.3041780000000001 32.500000000000007 0.65309540750000006 0.70975288000000003 2.2562105000000003
decision_type=2 2 2 2 2 2 2 2 2 2 2 2 2 2
left_child=3 2 -2 4 -1 6 10 8 9 -8 11 -5 -12 -13
right_child=1 -3 -4 5 -6 -7 7 -9 -10 -11 12 13 -14 -15
leaf_value=0.0042780117139972198 0.020985922582881785 0.022980022144609182 -0.015637862625286877 -0.0280854944122223 -0.020798905528666378 0.0005360502154450632 -0.036986123231868576 0.019017786059744381 0.016681469346568861 -0.0038579686127226598 0.037820804820230002 0.0024755839976636856 -0.01165184314599042 0.034882232970925652
leaf_weight=332.62301604658319 1.3408643788534371 7.9912929491765681 6.4599724147569759 7.5848992032627498 19.223230942521468 1108.3509827132093 55.480788201253574 7.7691185305909007 7.1953692405477332 17.221806895207351 5.1253871457318487 27.110223272075018 81.367591928273214 24.650662779657978
leaf_count=239110 22 95 867 37343 8575 147154 27450 2519 178 8909 13865 1079 3106 1644
internal_value=2.93233e-05 0.0121392 -0.0036045 -0.000118988 0.0026357 -0.000848393 -0.00729322 -0.0202489 -0.0249623 -0.0298919 0.00090778 0.0118162 -0.00681354 0.0196222
internal_weight=1709.5 15.7921 7.80084 1693.7 351.846 1341.86 233.506 87.6671 79.898 72.7026 145.839 59.3458 86.493 51.7609
internal_count=491916 984 889 490932 247685 243247 96093 39056 36537 36359 57037 40066 16971 2723
is_linear=0
shrinkage=0.04


Tree=506
num_leaves=15
num_cat=0
split_feature=48 39 1 15 3 1 3 17 25 43 33 18 15 1
split_gain=1.91839 6.85113 10.1943 10.997 7.96843 8.03912 7.48513 11.0853 8.95468 7.89344 8.05197 7.84591 7.27631 7.23571
threshold=0.093803340000000054 0.25863827904006409 1.4619615000000004 16.500000000000004 0.85765550000000002 1.4955780000000003 1.3753760000000002 3063.5000000000005 496.50000000000006 0.61904502000000006 -0.0013322501999999991 0.96460231500000015 42.500000000000007 1.5769525000000002
decision_type=2 2 2 2 2 2 2 2 2 2 2 2 2 2
left_child=-1 6 3 -3 -4 -6 7 8 -2 -9 -11 12 -8 -7
right_child=1 2 4 -5 5 13 11 9 -10 10 -12 -13 -14 -15
leaf_value=0.0010946414101394523 -0.012431780477546282 -0.017599557346301892 0.014386865427261595 0.019939296011511544 -0.029574974705789937 0.018525215469269947 0.01004166289114143 0.0013093981977001785 0.013385228444519203 0.0013944276260264249 -0.023384277664802246 -0.02965089896815596 -0.019702757576306511 -0.0052527831988090435
leaf_weight=1048.2212857504587 23.89716774626595 10.898915520869194 35.688655260775704 71.701930664014071 14.35709949210286 18.471725333540235 23.6966176979804 72.216936263255775 85.339439922536258 29.235787310855812 64.773297535633901 32.347105475819262 19.59380130374484 158.35547099976975
leaf_count=486391 369 93 280 582 74 122 297 451 654 298 682 315 199 1109
internal_value=3.24153e-05 -0.00164872 0.00266863 0.0142643 -0.00176974 -0.00507552 -0.00543824 -0.0022562 0.00744044 -0.00865961 -0.0159971 -0.0161684 -0.00406714 -0.00232777
internal_weight=1708.8 660.574 309.474 82.6008 226.873 191.184 351.1 275.463 109.237 166.226 94.0091 75.6375 43.2904 176.827
internal_count=491916 5525 2260 675 1585 1305 3265 2454 1023 1431 980 811 496 1231
is_linear=0
shrinkage=0.04


Tree=507
num_leaves=15
num_cat=0
split_feature=7 7 3 10 17 29 7 39 0 1 1 35 25 8
split_gain=1.92603 2.57267 5.97628 2.48164 8.16 6.97593 8.74505 9.28376 7.01022 6.93808 7.53228 8.73119 6.39906 6.26816
threshold=6128.0000000000009 5447.5000000000009 0.83837300000000015 4608.5000000000009 4424.5000000000009 0.25783820000000007 2014.5000000000002 0.11029998264640127 619.53850000000011 1.6146640000000001 1.27173 2.0881986100000005 2177.5000000000005 0.72652992000000005
decision_type=2 2 2 2 2 2 2 2 2 2 2 2 2 2
left_child=1 3 -3 4 -1 12 -7 -8 -9 10 -10 -12 -5 -11
right_child=-2 2 -4 5 -6 6 7 8 9 13 11 -13 -14 -15
leaf_value=-0.00023421133153015742 -0.017607145842759537 0.026269279060536041 -0.014905244046174951 -0.032559993758312498 0.01178323622720241 -0.027171266168443675 0.030818282192270889 0.021881382743981118 0.012352558940320784 0.025147329919337144 -0.025681316526745795 0.01069792858662484 0.00091015198301618928 -0.0012457086006394443
leaf_weight=1369.4532590141143 4.8560851061563417 11.765420688418319 4.5969811676984582 18.37041978355262 91.780813518095783 13.275726365216086 11.145083283022357 14.296607961123298 12.014966037623251 12.819935694320064 45.845356682635725 10.320160565199329 14.573641651945762 72.81337777502813
leaf_count=471010 1658 1003 510 9110 5378 161 154 170 145 117 435 90 1266 709
internal_value=2.44603e-05 0.000126128 0.0139203 -4.84326e-05 0.000558218 -0.00390676 -0.000796263 0.0018414 -0.000914306 -0.0036553 -0.0127316 -0.0186687 -0.0195848 0.00387486
internal_weight=1707.93 1703.07 16.3624 1686.71 1461.23 225.475 192.531 179.255 168.11 153.814 68.1805 56.1655 32.9441 85.6333
internal_count=491916 490258 1513 488745 476388 12357 1981 1820 1666 1496 670 525 10376 826
is_linear=0
shrinkage=0.04


Tree=508
num_leaves=15
num_cat=0
split_feature=43 29 51 2 15 45 39 9 17 8 43 15 14 44
split_gain=1.92512 3.62988 3.23364 6.90761 8.48622 6.73895 5.69422 5.60574 6.93814 6.63971 6.29553 5.59871 5.94373 5.50916
threshold=-1.0000000180025095e-35 -0.035326434999999989 0.0090460250000000148 1.6755875000000002 21.500000000000004 0.20389316499999996 0.35596371538418697 0.75990639500000012 1157.5000000000002 0.68340949500000014 0.78411556500000013 34.500000000000007 21.500000000000004 0.65637984939306304
decision_type=2 2 2 2 2 2 2 2 2 2 2 2 2 2
left_child=1 -1 5 4 -4 -2 11 8 -8 -9 -11 13 -13 -5
right_child=2 -3 3 6 -6 -7 7 9 -10 10 -12 12 -14 -15
leaf_value=-0.017368886829349246 0.00063059860937210346 0.0061421582460761959 -0.01798129596743607 -0.028270489279036328 0.032650371616614715 -0.021743771450323971 0.021992320348017156 0.028107836243003545 -0.018070952021050402 0.010231050606349098 -0.020025069433462557 0.01867447153174781 -0.013134087114042495 0.0047551503082059691
leaf_weight=6.5836157358426126 1371.6458340984345 132.00271747587249 4.172030076996406 41.19977808506701 10.521551418114539 16.88141077204773 4.0375482983545217 12.670686018935156 32.627090031086482 23.670702714007348 12.887656832073842 10.241865297832875 19.554704326595242 8.2116118194618348
leaf_count=536 404384 1174 1620 1776 537 6929 69 221 761 202 467 2747 4488 66005
internal_value=2.56794e-05 0.00445932 -0.00037903 -0.00535005 0.0173589 0.000281535 -0.00782193 -0.000543339 -0.0115494 0.00796279 -0.00156094 -0.015214 -0.00108832 -0.0228494
internal_weight=1706.91 138.586 1568.32 179.795 14.6936 1388.53 165.102 85.8937 36.6646 49.229 36.5584 79.208 29.7966 49.4114
internal_count=491916 1710 490206 78893 2157 411313 76736 1720 830 890 669 75016 7235 67781
is_linear=0
shrinkage=0.04


Tree=509
num_leaves=15
num_cat=0
split_feature=3 14 0 0 9 53 0 13 28 25 13 53 44 13
split_gain=1.9157 3.83368 5.60317 3.82064 6.15618 6.06041 7.45293 5.01389 4.37768 3.92134 5.35199 4.3265 3.51729 3.456
threshold=1.5605365000000002 11.500000000000002 897.92400000000009 643.19900000000018 2.7123926550000008 0.70690250500000018 689.40950000000009 45.500000000000007 0.56783068000000003 1061.5000000000002 66.500000000000014 0.57737289500000011 0.10170858139604214 14.500000000000002
decision_type=2 2 2 2 2 2 2 2 2 2 2 2 2 2
left_child=-1 -2 3 8 5 6 -5 13 9 10 11 -3 -4 -7
right_child=1 2 12 4 -6 7 -8 -9 -10 -11 -12 -13 -14 -15
leaf_value=0.00043990758350856955 -0.016382536931131945 0.0033951407757332637 -0.00099008908268645576 0.024164770119068334 -0.0086323063209081466 -0.0056235243252223946 -0.026486311345130808 -0.0033636978679947565 0.015805333296834451 0.01430785062154696 0.013942850036067654 -0.032331913552626129 -0.026114129367376331 0.040153767560901013
leaf_weight=1558.5321313338457 27.775794279728132 6.0464502919776448 17.627988437016032 3.3112391756433208 14.479429852784731 1.699130792411103 5.8229186406728104 5.5392257230741953 7.9868588598619672 3.9851121002575374 4.0451766511873748 16.782420678138351 13.932442324484269 18.377630839827816
leaf_count=456017 21136 623 181 199 677 254 1030 126 83 32 168 1548 9068 774
internal_value=2.26932e-05 -0.00425809 -0.000898875 0.00434889 0.0112781 0.0196164 -0.00607182 0.028272 -0.00471715 -0.0114919 -0.016962 -0.0239594 -0.0141357 0.0359308
internal_weight=1705.94 147.412 119.636 88.0756 49.2296 34.7501 9.13416 25.616 38.846 30.8592 26.874 22.8289 31.5604 20.0768
internal_count=491916 35899 14763 5514 3060 2383 1229 1154 2454 2371 2339 2171 9249 1028
is_linear=0
shrinkage=0.04


Tree=510
num_leaves=15
num_cat=0
split_feature=41 45 28 3 36 37 41 0 40 39 40 39 1 10
split_gain=1.87938 6.59256 5.47501 6.67145 5.10752 5.67924 4.8725 4.66583 4.34264 6.94595 5.96217 4.49855 6.50238 4.09168
threshold=3.2658269999999994 0.023829519999999996 -0.028320789999999988 1.2755675000000002 0.062632909309461998 1.1919931250000002 5.4637370999999986 702.59000000000003 1.0957044999999994 0.028229272077714928 1.646811300000002 0.14158606188751224 1.0719675000000002 2036.5000000000002
decision_type=2 2 2 2 2 2 2 2 2 2 2 2 2 2
left_child=8 2 3 -2 -4 -6 -3 -5 9 -1 11 12 -10 -12
right_child=1 6 4 7 5 -7 -8 -9 10 -11 13 -13 -14 -15
leaf_value=0.01825175367647023 -0.018218058107576318 0.009338065908251942 0.022975684061676622 0.029688215165969947 -0.023310755222206093 0.0092495072237918519 -0.016903649524190715 -0.013753105836978008 0.029230994377267085 -0.01043210368833393 -0.0041277930904715316 0.035260236150005682 -0.015187742049116555 0.0010371652838441746
leaf_weight=10.62987459918031 18.866508709629674 12.929308538991448 40.914029810712009 6.3746558969357903 5.3449002526347149 47.77657066998654 29.790540564844889 2.4852192421638506 3.3455482770061193 114.93729011810206 311.96044399995799 8.4707053871188673 9.3538931090511692 1082.157280669905
leaf_count=134963 25234 10183 52529 2953 412 491 19180 9938 1091 33456 132749 356 19548 48833
internal_value=2.07068e-05 0.00401932 0.00869238 -0.0061129 0.013146 0.00424989 -0.00881524 0.0169373 -0.000417753 -0.00739792 0.000225405 0.0191411 0.00146589 -0.000129214
internal_weight=1705.34 164.482 121.762 27.7264 94.0355 53.1215 42.7198 8.85988 1540.86 125.567 1415.29 21.1701 12.6994 1394.12
internal_count=491916 120920 91557 38125 53432 903 29363 12891 370996 168419 202577 20995 20639 181582
is_linear=0
shrinkage=0.04


Tree=511
num_leaves=15
num_cat=0
split_feature=25 7 7 12 53 14 9 3 10 3 12 1 53 13
split_gain=1.88959 6.90498 9.56866 9.49477 8.58411 16.2977 7.27205 8.48106 17.5374 13.7002 9.50546 11.3801 11.1151 8.68397
threshold=694.50000000000011 733.50000000000011 1629.5000000000002 1.0000000180025095e-35 0.43715191500000006 9.5000000000000018 3.2338090350000006 1.0117040000000002 4788.5000000000009 1.4398070000000003 1.0000000180025095e-35 2.0428990000000007 0.83699974750000006 56.500000000000007
decision_type=2 2 2 2 2 2 2 2 2 2 2 2 2 2
left_child=-1 3 -3 4 -2 -6 7 13 9 10 12 -12 -9 -4
right_child=1 2 6 -5 5 -7 -8 8 -10 -11 11 -13 -14 -15
leaf_value=0.0018351736609298129 0.0018394793294601052 -0.0067077210142999309 -0.010172071675161499 -0.016649513621816533 -0.018872932118321448 0.028640884306318021 -0.0076608320676279972 0.02564758328361498 -0.021597770610746227 -0.010604288587672428 0.034609698696260204 -0.0024374014709892511 -0.024665731797222486 0.0052037879260695167
leaf_weight=595.1202275112912 106.02191860375672 430.42109541632215 89.449933213371423 21.686219118823374 10.664716043963834 54.000204921845352 104.84725307319184 7.7090015932990381 17.713500253115399 20.941385860936634 69.536466159261636 15.37220485227226 10.767706130196528 150.63115753408863
leaf_count=445127 6353 20804 4204 1993 313 1254 3424 121 386 325 1371 277 692 5272
internal_value=2.55812e-05 -0.000948708 -0.00239776 0.00584725 0.00909801 0.0200126 0.00144117 0.00400529 0.0115711 0.0169491 0.0227619 0.02814 -0.0026821 -0.000615633
internal_weight=1704.88 1109.76 917.39 192.373 170.687 64.6649 486.969 382.121 142.04 124.327 103.385 84.9087 18.4767 240.081
internal_count=491916 46789 36876 9913 7920 1567 16072 12648 3172 2786 2461 1648 813 9476
is_linear=0
shrinkage=0.04


Tree=512
num_leaves=15
num_cat=0
split_feature=44 3 3 5 25 3 16 2 1 53 7 14 1 0
split_gain=1.90995 3.82566 14.0647 15.0833 11.7772 10.3594 9.31729 11.1444 9.64995 8.62419 11.8173 8.70914 8.17884 10.9315
threshold=0.10170858139604214 1.2490895000000004 1.0502990000000001 1120.6922135000002 684.50000000000011 0.98921500000000007 2740.5000000000005 1.6868950000000003 0.95792150000000009 0.52501931750000008 1190.5000000000002 16.500000000000004 1.3423360000000002 589.80750000000012
decision_type=2 2 2 2 2 2 2 2 2 2 2 2 2 2
left_child=-1 2 5 -4 12 6 7 -2 -8 11 -11 -9 -3 -14
right_child=1 4 3 -5 -6 -7 8 9 -10 10 -12 -13 13 -15
leaf_value=0.0026813000941174527 -0.021233057597600413 0.009034428337673402 -0.0022587322337826224 0.015890764563563274 -0.012307926570596917 -0.013596264450600285 0.025970197998476569 -0.0079908559687632136 -0.004764234310072381 0.039570152828601143 -0.0089780944916783741 0.013279070311563739 0.0085994209300964495 -0.015468691951088217
leaf_weight=340.08560548191963 14.847539403802271 116.56879855326969 128.22221729868761 162.55698807086628 155.74446361331457 106.64902253459263 12.109594528582646 45.522395121705756 397.14553734072854 24.792621955202549 8.7897810213798362 75.898611019388738 47.160503417161749 68.222605484725079
leaf_count=3594 6111 37243 110668 3727 6564 36663 886 81278 36041 9951 20228 28225 9267 101470
internal_value=2.18587e-05 -0.000648477 0.000689043 0.00798466 -0.00398332 -0.0024399 -0.000286534 0.00745898 -0.00355234 0.010785 0.0273465 0.00530403 0.00174802 -0.00568276
internal_weight=1704.32 1364.23 976.534 290.779 387.696 685.755 579.106 169.851 409.255 155.003 33.5824 121.421 231.952 115.383
internal_count=491916 488322 333778 114395 154544 219383 182720 145793 36927 139682 30179 109503 147980 110737
is_linear=0
shrinkage=0.04


Tree=513
num_leaves=15
num_cat=0
split_feature=26 3 3 3 26 8 26 45 25 1 1 39 0 0
split_gain=1.93571 7.53935 8.11828 6.87555 6.85964 6.03104 5.78186 5.68546 9.92791 11.6143 11.3649 9.15405 8.91062 7.89496
threshold=1186.5000000000002 1.3269635000000004 1.2313245000000002 1.2112450000000001 1038.5000000000002 1.8981654300000004 1913.5000000000002 -0.029923375000000026 1032.5000000000002 1.5731580000000001 1.4919945000000003 0.16778041158161885 600.29100000000005 733.86150000000009
decision_type=2 2 2 2 2 2 2 2 2 2 2 2 2 2
left_child=4 2 3 -2 5 7 -3 8 9 10 12 -12 -1 -14
right_child=1 6 -4 -5 -6 -7 -8 -9 -10 -11 11 -13 13 -15
leaf_value=0.014101017656625145 0.00085862552032132478 0.023006735199798036 -0.024881638304512448 0.032716303630471136 -0.0096388946183691687 -0.018926115675660281 -0.016370716507659148 0.0021156926566681055 0.0076531283516925088 -0.020923577846099269 -0.01431302280029785 0.039706179285929621 -0.020561562282310094 0.0053956316140025395
leaf_weight=21.80339363888595 309.53194818280963 35.552501473599023 14.060601531237806 6.2466963011320322 119.24571024351735 20.753241278676342 3.3424597999946846 928.77599418765021 73.797083715923691 75.190656874217211 4.1310598619923011 11.973597040689581 54.226802224325297 24.865274019823573
leaf_count=2038 10151 1195 558 168 5024 13038 230 406168 934 26301 4717 124 3210 18060
internal_value=2.36945e-05 0.00256911 0.00048906 0.00198896 -0.000686452 0.000227697 0.0181435 0.00063789 -0.00446613 -0.00919572 -0.00111012 0.0257414 -0.00640914 -0.0125654
internal_weight=1703.5 368.734 329.839 315.779 1334.76 1215.52 38.895 1194.76 265.988 192.191 117 16.1047 100.895 79.0921
internal_count=491916 12302 10877 10319 479614 474590 1425 461552 55384 54450 28149 4841 23308 21270
is_linear=0
shrinkage=0.04


Tree=514
num_leaves=15
num_cat=0
split_feature=49 45 43 2 0 50 53 9 22 8 4 11 4 2
split_gain=1.92982 5.23841 7.12664 6.47087 6.20466 10.81 8.46673 9.77572 10.8986 9.5 8.91604 8.69828 8.47808 7.29489
threshold=3.5000000000000004 -0.0087033799999999949 0.4016431299999999 1.6423180000000002 942.8660000000001 5.5000000000000009 0.32796950000000008 1.2282898000000002 0.98779721500000017 0.52888747000000014 1098.5000000000002 2933.0629975000006 982.50000000000011 2.1902460000000006
decision_type=2 2 2 2 2 2 2 2 2 2 2 2 2 2
left_child=-1 2 -2 -3 5 6 -5 9 12 11 -10 -8 -9 -6
right_child=1 3 -4 4 13 -7 7 8 10 -11 -12 -13 -14 -15
leaf_value=-0.0012396537018402496 0.0067311514990202057 -0.022215658549758661 -0.006166705825114558 -0.0042540138134355317 0.0070828209379072259 -0.0091865488699167629 0.015074068889004722 -0.028271204648772589 0.030315392494624765 0.031437649485737316 -0.0042365075157864548 -0.015548014618738781 0.015499970926738899 -0.011433820856049069
leaf_weight=904.38603013463785 91.880686872405875 9.6571835894725364 231.44450421306891 48.904904780522656 60.952148867081064 48.135847688419744 104.54367286009619 20.723028766311021 18.473941630429181 56.842474685438901 22.172423586715013 13.031011395280073 6.1221592791225694 65.763788115566626
leaf_count=469774 737 259 5497 2262 2591 327 2187 999 191 1164 135 102 65 5626
internal_value=2.25135e-05 0.00145061 -0.00245478 0.00410504 0.00488109 0.00767361 0.0105724 0.0135952 0.000574932 0.0184771 0.013068 0.0111844 -0.0174227 -0.00259629
internal_weight=1703.03 798.648 323.325 475.323 465.665 338.949 290.814 241.909 67.4916 174.417 40.6464 117.575 26.8452 126.716
internal_count=491916 22142 6234 15908 15649 7432 7105 4843 1390 3453 326 2289 1064 8217
is_linear=0
shrinkage=0.04


Tree=515
num_leaves=15
num_cat=0
split_feature=14 8 13 8 0 35 21 36 13 3 2 8 45 36
split_gain=1.9249 8.78241 16.9638 9.34167 9.98718 9.54162 11.4075 15.4186 10.6539 11.1373 11.0416 10.4106 8.77675 8.60602
threshold=30.500000000000004 0.89841849000000018 36.500000000000007 0.33245659000000005 569.74850000000004 0.97417440500000019 0.83980736000000011 0.079310664431074832 18.500000000000004 1.4448230000000002 2.1251615000000004 0.71174877000000014 0.022607389999999953 0.030315313725301007
decision_type=2 2 2 2 2 2 2 2 2 2 2 2 2 2
left_child=1 3 -3 4 -1 6 7 -5 9 10 -7 -11 -6 -10
right_child=-2 2 -4 5 12 8 -8 -9 13 11 -12 -13 -14 -15
leaf_value=0.003718135895335446 0.0014424849000129825 -0.02952700812005124 -0.00086334180190251618 -0.017621610784363334 -0.0055767826085430525 -0.0032118131363035552 0.049858900111718604 0.025895383805254558 0.026215246479298099 -0.023440197514677283 0.031224363650228213 0.022600974981681829 -0.02664904568270169 -0.0028995764689848315
leaf_weight=107.42250184133439 801.82416149380401 43.519994985261064 104.50472279707719 18.247353441543794 111.28016289047218 19.653105413221056 9.606022286188816 25.387708380377717 12.074309795953011 17.430096071813754 47.061874356672888 7.4206841814402642 41.43928147565066 334.89973850667047
leaf_count=20509 73282 11325 14047 98549 229512 367 1846 3546 963 859 1332 141 29825 5813
internal_value=2.19777e-05 -0.00124463 -0.00998002 0.000529604 -0.00553677 0.00376202 0.0189812 0.00775666 0.00172118 0.0134765 0.0215634 -0.00820904 -0.0119581 -0.0015284
internal_weight=1701.77 899.948 148.025 751.923 260.142 491.781 53.2411 43.6351 438.54 91.5658 66.715 24.8508 152.719 346.974
internal_count=491916 418634 25372 393262 279846 113416 103941 102095 9475 2699 1699 1000 259337 6776
is_linear=0
shrinkage=0.04


Tree=516
num_leaves=15
num_cat=0
split_feature=44 48 48 11 5 8 53 18 13 10 11 3 3 15
split_gain=1.93758 4.59976 7.14114 9.87851 18.5022 10.8233 8.61591 7.26423 5.90692 4.93468 12.7957 7.67219 19.1141 14.9611
threshold=0.17563164833302702 -0.019218412499999993 -0.0059778049999999949 1830.7278195000001 363.88301650000011 0.19491968000000001 0.54797581750000013 0.94484405500000013 16.500000000000004 2154.5000000000005 1844.5572085000001 1.0502990000000001 1.2367865000000002 83.500000000000014
decision_type=2 2 2 2 2 2 2 2 2 2 2 2 2 2
left_child=-1 8 3 4 -3 -6 -7 -5 -2 -4 -11 -12 13 -13
right_child=1 2 9 7 5 6 -8 -9 -10 10 11 12 -14 -15
leaf_value=0.0019755418605598542 0.012656106728367563 -0.016663097673030078 -0.005074337765538158 0.026850136449995867 -0.010983497141898583 0.078104457917552342 -0.0079201325030226651 -0.021900195540211893 -0.026512301844955479 0.027473856656199881 -0.0035031052034804125 0.019004095184260991 -0.0062398523818720346 -0.014560635840629384
leaf_weight=547.48702963904384 5.0691289490774833 5.6375896041736331 335.42727003771779 2.37347559892953 1.8480780184667072 8.3919883598127836 1.1662899078673934 10.462927144739295 17.550552518163499 22.560317344906935 454.90149702980142 134.18174617097316 133.01219739853212 21.276690439748677
leaf_count=5548 12688 51577 289378 1976 4747 7062 2850 23741 23292 6047 38076 10568 13317 1049
internal_value=2.63352e-05 -0.000903064 -0.000507017 0.0173164 0.0337809 0.0561929 0.0684927 -0.00788625 -0.0170325 -0.00106665 0.00070998 -0.000280397 0.00477473 0.0140997
internal_weight=1701.35 1153.86 1131.24 29.8803 17.0439 11.4064 9.55828 12.8364 22.6197 1101.36 765.932 743.372 288.471 155.458
internal_count=491916 486368 450388 91953 66236 14659 9912 25717 35980 358435 69057 63010 24934 11617
is_linear=0
shrinkage=0.04


Tree=517
num_leaves=15
num_cat=0
split_feature=0 21 15 18 2 1 51 33 34 2 15 19 2 0
split_gain=1.90314 6.88634 4.1328 6.43558 5.11244 4.96585 4.21583 3.77093 3.75671 3.74935 5.93641 7.20618 8.30158 9.84221
threshold=439.78550000000001 1.4878878100000001 5.5000000000000009 0.96193401500000009 1.7961265000000002 1.2588490000000003 0.0017662400000000857 -0.0022455830000000037 1.8130988150000003 1.7660510000000003 10.500000000000002 0.033539825000000002 1.7270065000000001 643.19900000000018
decision_type=2 2 2 2 2 2 2 2 2 2 2 2 2 2
left_child=1 -1 3 6 -5 -6 -2 -7 -3 10 -4 -12 -13 -14
right_child=2 8 9 4 5 7 -8 -9 -10 -11 11 12 13 -15
leaf_value=-0.027836817382558464 0.050288612072843492 0.019975079717601235 -0.016422961256381024 -0.023381515429699719 0.031097900647805338 0.016241904021853742 -0.0076812132743409823 -0.017777865098763349 -0.0086710992882460206 -0.00078968317627535532 0.018614027865719081 -0.0039320639148324264 0.031944554735115843 -0.0064005039640288152
leaf_weight=11.999686991204042 4.2096054833676844 9.0614786740188737 14.541486215606254 4.3573717102406162 6.109797465642262 4.0816854497995285 1.0584234825910241 7.636124038293409 11.016212729547986 1429.8635159975279 53.707363345260774 105.61446247805543 21.459337681690158 15.605424117155733
leaf_count=3618 13032 137 5586 4820 6105 3262 5733 46833 176 379540 5994 13275 975 2830
internal_value=3.05607e-05 -0.00893311 0.000229095 0.0143643 0.00182315 0.0117556 0.0405728 -0.00461421 0.00566244 -5.033e-05 0.00486391 0.00680872 0.00188519 0.0169583
internal_weight=1700.32 32.0774 1668.24 27.453 22.185 17.8276 5.26803 11.7178 20.0777 1640.79 210.928 196.387 142.679 37.0648
internal_count=491916 3931 487985 79785 61020 56200 18765 50095 313 408200 28660 23074 17080 3805
is_linear=0
shrinkage=0.04


Tree=518
num_leaves=15
num_cat=0
split_feature=26 4 29 25 2 14 1 52 26 0 17 45 0 52
split_gain=1.8952 7.34158 8.32582 6.37973 6.26691 13.3386 10.2422 7.56668 6.25782 5.94416 8.19441 7.71244 6.69689 5.79837
threshold=1186.5000000000002 1548.5000000000002 -0.06091416999999999 1603.5000000000002 2.3223510000000003 23.500000000000004 1.9427590000000003 -0.0054622700000000008 1038.5000000000002 668.75350000000014 3582.5000000000005 0.047800510000000025 769.31500000000017 -0.0086024899999999991
decision_type=2 2 2 2 2 2 2 2 2 2 2 2 2 2
left_child=8 2 -2 13 5 -4 7 -6 -1 10 -5 12 -11 -3
right_child=1 3 4 9 6 -7 -8 -9 -10 11 -12 -13 -14 -15
leaf_value=0.00020561024922086411 -0.016531373877019168 0.0066315896027647125 0.032256622549128089 -0.013374796508158109 -0.0054499068446992515 -0.020498342787421936 -0.0029304657465120667 0.04776162144135377 -0.0092307715661829898 -0.0080996773070629198 0.035565653294626486 -0.017814294408852533 0.0092158016578838629 -0.014766104516083711
leaf_weight=1212.8420150268146 8.4347331731680679 25.060913284714843 8.0307790317691587 4.7027381169027676 3.9427640503488446 13.652596398009335 11.448234831113494 22.12725164516894 118.91100575710993 45.243973473494407 13.489813067717476 24.09412216876899 122.72059029719412 65.406163541888873
leaf_count=474590 3754 318 144 134 121 540 444 680 5024 379 195 1518 3369 706
internal_value=3.55111e-05 0.00255506 0.0139681 -0.000198374 0.0192625 0.00142342 0.0281927 0.0401321 -0.000668331 0.00362194 0.0227586 0.00127777 0.00445229 -0.00880171
internal_weight=1700.11 368.355 67.6364 300.718 59.2016 21.6834 37.5183 26.07 1331.75 210.251 18.1926 192.059 167.965 90.4671
internal_count=491916 12302 5683 6619 1929 684 1245 801 479614 5595 329 5266 3748 1024
is_linear=0
shrinkage=0.04


Tree=519
num_leaves=15
num_cat=0
split_feature=2 2 2 8 2 4 4 0 48 21 26 1 1 18
split_gain=1.87019 11.8894 5.63335 10.2653 8.65587 6.41532 6.34461 6.12054 5.82047 5.70182 5.58705 5.21519 10.9309 9.12854
threshold=2.6851510000000007 2.7019100000000003 2.6306915000000006 1.0012194950000002 2.6139950000000005 1382.5000000000002 935.50000000000011 546.69600000000014 -0.035376069999999933 2.2012755400000006 1186.5000000000002 1.8713930000000001 1.8455390000000003 0.96548924000000014
decision_type=2 2 2 2 2 2 2 2 2 2 2 2 2 2
left_child=2 10 4 6 8 -5 7 -4 -1 -6 -2 12 -10 -13
right_child=1 -3 3 5 9 -7 -8 -9 11 -11 -12 13 -14 -15
leaf_value=-0.022316702094932143 -0.034488010132575596 -0.00034710647173485704 0.022671584237974138 -0.032015112811240608 -0.034194436676789945 0.0092227879642343899 0.031078282944300258 -0.015012006708441812 0.0010903752551408568 0.011152886759175284 0.0010678777710283038 -0.011336622841868926 -0.03414711309942902 0.033492846153588302
leaf_weight=12.289784020332034 20.133757507899592 485.15074175324509 7.0912787111498146 7.3265281024242759 13.338932643123146 8.4707224383673729 29.118546450045415 11.081455631803463 1060.9571500718782 3.1848266196320756 9.4309930877998323 8.3632561889984363 9.2754859885064871 14.685399525836713
leaf_count=7869 5512 165081 589 1857 5807 167 639 14336 278193 38 213 5994 2313 3308
internal_value=3.64368e-05 -0.00196557 0.000910497 0.0120822 0.000231566 -0.0130016 0.0209033 0.00141172 0.00071747 -0.0248937 -0.0246321 0.00107682 0.00062761 0.0181052
internal_weight=1699.9 514.715 1185.18 63.0885 1122.09 15.7973 47.2913 18.1727 1105.57 16.5238 29.5648 1093.28 1070.23 23.0487
internal_count=491916 170806 321110 17588 303522 2024 15564 14925 297677 5845 5725 289808 280506 9302
is_linear=0
shrinkage=0.04


Tree=520
num_leaves=15
num_cat=0
split_feature=13 10 39 43 45 5 48 8 8 45 53 49 53 16
split_gain=1.88392 2.42617 2.45324 2.21986 9.07471 9.66199 8.21295 6.6592 6.61354 12.7815 9.90687 12.8218 9.59021 10.4306
threshold=196.50000000000003 3304.5000000000005 0.092858293945940668 0.61904502000000006 -0.013764935000000046 1500.7557810000001 0.036441887500000013 0.52888747000000014 0.33245659000000005 0.018185545000000022 0.45768956250000009 2.5000000000000004 0.42967079000000002 1524.5000000000002
decision_type=2 2 2 2 2 2 2 2 2 2 2 2 2 2
left_child=3 2 -2 -1 5 -5 7 -7 9 -6 12 -12 13 -10
right_child=1 -3 -4 4 8 6 -8 -9 10 -11 11 -13 -14 -15
leaf_value=0.0012766038447340963 -0.0034991757455585643 -0.003806821270226609 0.032383063083430363 -0.011975332454828156 0.0038638855260869809 -0.011294410567009963 -0.0011192552049055175 0.048852646265376665 0.035070499998959719 -0.018065340012946927 -0.018232157489600439 0.00406110322423461 0.039737179986768831 -0.0023635573792078145
leaf_weight=871.99642440480488 3.1025024285293039 7.5433638827419136 5.028710613376461 194.23821823635012 97.697416214874806 1.869060700430963 43.172128055362919 5.7390388039248137 10.985978295046264 68.455033825330474 43.138711889548404 285.04049112253983 16.522119742018731 44.549360791769232
leaf_count=9273 567 374 43 124927 177960 312 592 545 3914 43275 84367 36388 3805 5574
internal_value=2.5942e-05 0.0120272 0.0225728 -0.000121091 -0.00162177 -0.00797066 0.00704787 0.0354572 0.00117045 -0.0054348 0.00394575 0.000901052 0.0168543 0.00732669
internal_weight=1699.08 15.6746 8.13121 1683.4 811.408 245.018 50.7802 7.6081 566.389 166.152 400.237 328.179 72.0575 55.5353
internal_count=491916 984 610 490932 481659 126376 1449 857 355283 221235 134048 120755 13293 9488
is_linear=0
shrinkage=0.04


Tree=521
num_leaves=15
num_cat=0
split_feature=33 26 40 21 53 23 52 7 50 45 15 52 45 51
split_gain=1.8736 4.41335 5.34592 8.23598 7.82906 7.7333 6.11439 5.90483 5.74583 4.96095 5.32122 6.26828 4.75116 4.51526
threshold=-0.0018951503999999994 744.50000000000011 0.81349169999999738 1.4878878100000001 0.22866915250000006 0.96527305500000016 -0.0052338649999999964 456.50000000000006 2.5000000000000004 -0.036675900000000004 38.500000000000007 -0.0008607950000000009 -0.026000100000000106 -0.0016234350000000062
decision_type=2 2 2 2 2 2 2 2 2 2 2 2 2 2
left_child=1 2 5 4 -4 7 -7 -1 -5 10 11 -3 -11 -12
right_child=-2 9 3 8 -6 6 -8 -9 -10 12 13 -13 -14 -15
leaf_value=0.011781591330781674 -0.00088653171510252209 -0.021035043319475408 -0.012447276898025994 -0.010405156640421994 0.019945477333730782 -0.017984561186978592 0.015451859783612862 -0.020708408989562152 0.010293152289320468 -0.022409423688176902 -0.00095101145595583199 0.008749517221945495 -0.0028634913284200304 0.020474150385734819
leaf_weight=8.0342186458395854 1145.765524731391 16.850526933099673 10.158792977484039 40.475640558201121 94.970684027431844 6.6411729184492279 36.118641352242776 34.202285619839245 35.649496483616531 17.888515105960664 24.591252425287394 19.224169537090575 170.62188858253728 36.704394653743861
leaf_count=15822 424006 314 1420 293 3569 384 1777 34403 275 595 408 436 7735 479
internal_value=3.54077e-05 0.00193937 0.00559723 0.00939847 0.0163923 -0.00258072 0.00891959 -0.0139353 -0.000675126 -0.00150497 0.00564659 -0.00602992 -0.00524938 0.0124551
internal_weight=1697.9 552.132 266.251 181.255 105.129 84.9963 42.7598 42.2365 76.1251 285.881 97.3703 36.0747 188.51 61.2956
internal_count=491916 67910 57943 5557 4989 52386 2161 50225 568 9967 1637 750 8330 887
is_linear=0
shrinkage=0.04


Tree=522
num_leaves=15
num_cat=0
split_feature=0 24 3 2 0 45 39 53 53 15 24 22 5 11
split_gain=1.86559 2.35587 5.0465 4.49845 4.18896 4.69015 4.91526 4.8198 10.6753 8.51875 7.18869 6.88321 6.04341 3.93135
threshold=1825.5915000000002 1773.5000000000002 1.1723585000000003 2.9541830000000004 610.15200000000016 0.065356680000000014 0.47742872255299512 1.4284166225000001 0.79817125500000008 108.50000000000001 2717.5000000000005 1.5440938300000002 2389.6437990000004 4729.6954135000005
decision_type=2 2 2 2 2 2 2 2 2 2 2 2 2 2
left_child=1 -1 4 -4 -3 7 -7 8 9 -6 13 -10 -13 -9
right_child=-2 2 3 -5 5 6 -8 10 11 -11 -12 12 -14 -15
leaf_value=-0.00045864145564613012 -0.017170704019708105 0.024915178440455148 0.028028341984424023 -0.0041955054634433423 -0.0091349575564038162 -0.026367730746123485 0.005268040057357328 -0.0197780642572002 -0.0043367232062291802 0.029068917132988103 0.01516558375077782 0.043903216991476486 0.0038323256355126717 0.00018485064793486512
leaf_weight=1465.5367556554932 5.028556793218967 6.5492958389222613 17.987656002565931 8.2511307872482558 48.785469947304591 14.725786023408546 10.707031676589395 31.598604187738601 9.2717084520008921 6.3342642579227677 17.591855144815781 17.856611842813436 9.5764424092194549 27.591514650695899
leaf_count=445423 42154 125 324 206 1170 660 144 495 175 55 322 197 117 349
internal_value=3.10308e-05 0.000132573 0.00387993 0.0188455 0.00151157 0.000115603 -0.014372 0.00265191 0.00862999 -0.00269218 -0.00458789 0.0239169 0.0326624 -0.0111828
internal_weight=1697.39 1692.36 226.827 26.2388 200.589 194.039 25.4328 168.606 91.8245 55.1197 76.782 36.7048 27.4331 59.1901
internal_count=491916 449762 4339 530 3809 3684 804 2880 1714 1225 1166 489 314 844
is_linear=0
shrinkage=0.04


Tree=523
num_leaves=15
num_cat=0
split_feature=37 5 11 38 9 52 17 13 28 39 42 19 5 29
split_gain=1.85492 3.39298 2.96082 3.24342 7.56948 6.77693 4.92768 3.77842 6.11303 4.92424 3.79083 3.59912 3.33683 3.32482
threshold=0.20677449285714289 147.54978150000002 927.13794350000012 0.69956738000000007 0.31710597000000001 -0.0063881849999999985 979.50000000000011 20.500000000000004 -0.0068309800000000134 0.23305456246843628 0.5121803800000001 0.048997340000000007 367.03587950000002 0.087324204999999974
decision_type=2 2 2 2 2 2 2 2 2 2 2 2 2 2
left_child=-1 -2 -3 4 6 13 -4 8 -8 10 -10 -9 -5 -6
right_child=1 2 3 12 5 -7 7 11 9 -11 -12 -13 -14 -15
leaf_value=-0.016785840245176733 0.029805447771487741 -0.016604399339709749 -0.011615299969680004 -0.020918899346841973 -0.0076091269877372036 -0.015698039352144876 -0.0083334528574709205 -0.01259967175752442 -0.0042915636364625866 -0.0062092966628958636 0.07279926393154211 0.023974158912248588 5.3313614017366814e-05 0.031770528319468382
leaf_weight=5.4218866128217078 1.1469019180324256 11.943717252844406 2.0066820057980435 7.2296159178258668 2.760752886754573 18.719284078782724 1.3065232392452806 4.1671964022588099 0.54443563243694093 0.80087407537394018 4.8632892699893091 3.6152161324748704 1626.89208049231 5.1487214572698576
leaf_count=223099 7457 31618 9884 2645 18560 105719 5210 8325 145 148 7456 4467 64021 3162
internal_value=3.78826e-05 0.000141144 3.31497e-05 0.000200545 0.010348 -0.00344524 0.0275879 0.0343249 0.0483952 0.0587251 0.0667049 0.0071222 -0.000102999 0.0204019
internal_weight=1696.57 1691.15 1690 1678.05 43.933 26.6288 17.3042 15.2975 7.51512 6.2086 5.40772 7.78241 1634.12 7.90947
internal_count=491916 268817 261360 229742 163076 127441 35635 25751 12959 7749 7601 12792 66666 21722
is_linear=0
shrinkage=0.04


Tree=524
num_leaves=15
num_cat=0
split_feature=14 8 13 8 48 35 7 13 42 0 2 1 36 2
split_gain=1.82357 8.02546 15.8671 8.24293 9.63126 8.89653 10.7498 9.58822 8.90078 8.72828 11.0307 8.61036 7.88355 7.79975
threshold=30.500000000000004 0.89841849000000018 36.500000000000007 0.33245659000000005 0.019364265000000002 0.97417440500000019 1118.5000000000002 18.500000000000004 0.68529840000000009 623.0205000000002 2.1840800000000002 0.99494500000000008 0.030315313725301007 1.8261460000000003
decision_type=2 2 2 2 2 2 2 2 2 2 2 2 2 2
left_child=1 3 13 4 9 6 8 -7 11 -1 -11 -5 -9 -3
right_child=-2 2 -4 5 -6 7 -8 12 -10 10 -12 -13 -14 -15
leaf_value=0.016575071167648864 0.0014247588701093888 0.0037840694286898724 -0.00076152611623906937 -0.012216220374744256 -0.010026095052774664 0.012709507745787135 -0.0073341693518504218 0.024874745709646272 -0.0090964840761628869 -0.028344148842290848 0.016049000958542444 0.043218918348904907 -0.002848704996234692 -0.036164581205314239
leaf_weight=46.536315232089862 799.50155868199033 8.6490738390839379 104.21578829450874 2.9895669116676826 184.66937853202609 91.594741961000182 16.353508045980107 12.263092696171951 6.1753885385130038 15.848164453305971 11.409083254992423 27.82304454307905 333.92164784871693 34.411671702856268
leaf_count=27947 73282 808 14047 1100 15845 2699 45983 963 53068 75068 160986 3790 5813 10517
internal_value=4.0379e-05 -0.00119478 -0.00956699 0.00050267 -0.00521895 0.00353604 0.0182153 0.00156195 0.0290397 0.00668385 -0.0101551 0.0368857 -0.00152647 -0.0285817
internal_weight=1696.36 896.86 147.277 749.584 258.463 491.121 53.3415 437.779 36.988 73.7936 27.2572 30.8126 346.185 43.0607
internal_count=491916 418634 25372 393262 279846 113416 103941 9475 57958 264001 236054 4890 6776 11325
is_linear=0
shrinkage=0.04


Tree=525
num_leaves=15
num_cat=0
split_feature=7 12 45 2 29 43 0 12 24 51 45 10 8 7
split_gain=1.85108 10.1326 10.4592 22.7499 14.0522 9.21488 8.87008 8.23491 12.4384 13.5524 10.2543 14.6495 11.252 9.61092
threshold=1629.5000000000002 1.0000000180025095e-35 -0.0064685500000000165 2.4424580000000007 0.22242209000000004 1.3584412150000003 709.77800000000013 1.0000000180025095e-35 1237.5000000000002 0.0064587799999999982 -0.019163470000000012 4999.5000000000009 0.62346512000000009 3609.5000000000005
decision_type=2 2 2 2 2 2 2 2 2 2 2 2 2 2
left_child=1 -1 3 -3 -5 7 -4 8 9 -2 12 -12 -9 -13
right_child=5 2 6 4 -6 -7 -8 10 -10 -11 11 13 -14 -15
leaf_value=0.00070422461219739633 -0.028034044222029202 0.022152400897645707 -0.001064277259747325 0.01285477187437774 -0.024405525770352411 -0.018527184892732876 -0.034942798533704356 0.029645948243760639 0.0046609152901769474 0.012124494684056217 0.021997766250134176 -0.025811389845043033 -0.00086922262628168125 0.0069897105414271025
leaf_weight=871.99805500870207 47.520991029457946 34.745531020274939 18.70417449259628 18.475911436339516 55.97650358250371 29.336130662103642 33.438170538023542 15.613368348016591 82.657039234241893 14.8583506182199 103.82991349984059 14.807445753111095 307.93321728423325 46.620014897320289
leaf_count=384549 3559 6245 1592 5700 729 66305 12634 173 851 583 3438 903 3546 1109
internal_value=3.92466e-05 -0.00101767 -0.0100655 -0.00267892 -0.014932 0.00168139 -0.0239466 0.0027544 -0.00548561 -0.0182786 0.00523013 0.0131775 0.0010321 -0.00226486
internal_weight=1696.51 1033.34 161.34 109.198 74.4524 663.176 52.1423 633.84 145.036 62.3793 488.804 165.257 323.547 61.4275
internal_count=491916 411449 26900 12674 6429 80467 14226 14162 4993 4142 9169 5450 3719 2012
is_linear=0
shrinkage=0.04


Tree=526
num_leaves=15
num_cat=0
split_feature=1 0 48 32 49 14 45 0 9 16 16 3 3 15
split_gain=1.94167 9.58661 8.19519 7.289 8.12386 8.55443 8.04008 7.51149 10.1605 12.662 7.47145 7.43705 9.40899 17.0723
threshold=1.7093310000000002 1088.3250000000003 -0.035376069999999933 0.0060930746666666676 3.5000000000000004 43.500000000000007 0.025140075000000043 743.75650000000007 2.2367783400000003 2296.5000000000005 3692.5000000000005 1.0020690000000003 1.1391265000000002 24.500000000000004
decision_type=2 2 2 2 2 2 2 2 2 2 2 2 2 2
left_child=2 3 -1 11 5 -5 7 8 9 -6 -9 -2 -13 -14
right_child=1 -3 -4 4 6 -7 -8 10 -10 -11 -12 12 13 -15
leaf_value=-0.028246715002234746 -0.0016107320623707472 -0.021767686075806467 -0.00048404158606921654 -0.0097215684094899366 -0.0075337561949182369 0.0077285664468511794 0.016952508075878895 -0.021565958005084925 -0.0080001628527481081 0.026752997866575527 0.0027792865068127634 0.048666865354011345 -0.025908911029967827 0.029338099351255673
leaf_weight=12.275588864403742 26.231372681969333 21.008713078716823 1133.1980930841742 145.97876838876778 22.412038410257082 59.691213442742082 70.745211670219305 31.016889725273131 38.664852311943832 50.062880059580493 43.593607272585359 12.05519149704446 9.90629146462493 18.103108831166423
leaf_count=8474 32463 85209 299397 5018 362 943 1365 703 338 462 346 15921 32455 8460
internal_value=3.41853e-05 0.00197851 -0.000903031 0.00311771 0.00126693 -0.00459382 0.00596432 0.00144468 0.00789786 0.0163483 -0.00806028 0.0150263 0.0248891 0.00883371
internal_weight=1694.94 549.47 1145.47 528.461 462.165 205.67 256.495 185.75 111.14 72.4749 74.6105 66.296 40.0646 28.0094
internal_count=491916 184045 307871 98836 9537 5961 3576 2211 1162 824 1049 89299 56836 40915
is_linear=0
shrinkage=0.04


Tree=527
num_leaves=15
num_cat=0
split_feature=43 29 51 45 2 39 9 7 8 43 1 28 2 36
split_gain=1.93417 3.52565 3.11809 6.34193 6.14048 5.16958 5.00323 6.36266 6.16093 5.88005 5.63785 4.89435 4.34924 6.66145
threshold=1.0000000180025095e-35 -0.035326434999999989 0.0090460250000000148 0.20389316499999996 1.6755875000000002 0.35596371538418697 0.75990639500000012 549.50000000000011 0.68340949500000014 0.78411556500000013 1.7760945000000004 0.11434052000000001 3.1742715000000001 0.24615346506907174
decision_type=2 2 2 2 2 2 2 2 2 2 2 2 2 2
left_child=1 -1 3 12 -4 -6 7 -7 -8 -10 -9 -5 13 -2
right_child=2 -3 4 11 5 6 8 10 9 -11 -12 -13 -14 -15
leaf_value=-0.01715691486425933 0.00034288942842919753 0.0061558660760640226 0.016149057140001713 0.015005036203907203 -0.01472336217790998 0.0088683961147826874 0.026731154428036159 -0.029613445796599708 0.0096230327192665596 -0.019753112663499002 0.012703957145296381 -0.028578406537600957 -0.015792567641321795 0.014639820835432161
leaf_weight=6.4487351419811594 1292.6538561636842 130.88334431592193 14.676187880934433 1.8739848955096956 78.159378770608669 13.333139828071578 12.727837397488655 19.531835319015958 23.512456474476494 12.696520107043396 3.3204791688185642 14.615306615472717 20.38753590097167 49.349277520603209
leaf_count=536 396523 1174 2157 5778 75016 212 221 463 202 467 155 1151 7298 563
internal_value=3.30686e-05 0.00449691 -0.000373832 0.000276217 -0.00528054 -0.00762929 -0.000660027 -0.0111249 0.00739199 -0.00182448 -0.0222879 -0.0212864 0.000614075 0.000921019
internal_weight=1694.17 137.332 1556.84 1378.88 177.958 163.282 85.1223 36.1855 48.9368 36.209 22.8523 16.4893 1362.39 1342
internal_count=491916 1710 490206 411313 78893 76736 1720 830 890 669 618 6929 404384 397086
is_linear=0
shrinkage=0.04


end of trees

feature_importances:
zone_area_m2=599
critical_threshold=515
people_per_device_configured=492
warning_threshold=395
neighbor_estimated_density_mean=359
neighbor_device_count_sum=323
neighbor_density_change_15s=301
critical_margin_ratio=269
critical_margin=262
neighbor_median_15s=253
neighbor_estimated_density_max=213
stale_count=204
ambiguous_count=172
density_change_30s=171
missing_count=164
venue_estimated_occupancy=160
density_rolling_std_15s=156
median_change_15s=147
density_rolling_std_30s=146
device_count_lag_30s=132
venue_device_count=120
density_change_15s=117
active_device_count=100
coverage_ratio=94
density_lag_30s=93
device_count=91
device_count_lag_15s=90
intervention_active=87
uncertain_ratio=82
estimated_people=80
valid_observation_count=77
warning_margin=75
device_count_lag_5s=74
density_rolling_mean_30s=66
density_lag_15s=63
density_change_5s=60
coverage_change_15s=60
estimated_inflow_proxy_per_second=58
near_warning_count_30s=57
density_acceleration_5s=55
uncertainty_change_15s=54
rising_count_15s=51
density_lag_5s=49
density_slope_5s=36
median_density_15s=31
density_rolling_max_30s=26
estimated_density=22
density_rolling_max_15s=22
density_rolling_mean_15s=19
density_slope_30s=14
recovery_count_15s=13
density_slope_15s=12
estimated_outflow_proxy_per_second=11

parameters:
[boosting: gbdt]
[objective: binary]
[metric: custom]
[tree_learner: serial]
[device_type: cpu]
[data_sample_strategy: bagging]
[data: ]
[valid: ]
[num_iterations: 528]
[learning_rate: 0.04]
[num_leaves: 15]
[num_threads: 2]
[seed: 20260918]
[deterministic: 1]
[force_col_wise: 1]
[force_row_wise: 0]
[histogram_pool_size: -1]
[max_depth: -1]
[min_data_in_leaf: 80]
[min_sum_hessian_in_leaf: 0.001]
[bagging_fraction: 1]
[pos_bagging_fraction: 1]
[neg_bagging_fraction: 1]
[bagging_freq: 0]
[bagging_seed: 20260918]
[bagging_by_query: 0]
[feature_fraction: 0.9]
[feature_fraction_bynode: 1]
[feature_fraction_seed: 20260918]
[extra_trees: 0]
[extra_seed: 32639]
[early_stopping_round: 0]
[early_stopping_min_delta: 0]
[first_metric_only: 0]
[max_delta_step: 0]
[lambda_l1: 0]
[lambda_l2: 5]
[linear_lambda: 0]
[min_gain_to_split: 0]
[drop_rate: 0.1]
[max_drop: 50]
[skip_drop: 0.5]
[xgboost_dart_mode: 0]
[uniform_drop: 0]
[drop_seed: 19828]
[top_rate: 0.2]
[other_rate: 0.1]
[min_data_per_group: 100]
[max_cat_threshold: 32]
[cat_l2: 10]
[cat_smooth: 10]
[max_cat_to_onehot: 4]
[top_k: 20]
[monotone_constraints: ]
[monotone_constraints_method: basic]
[monotone_penalty: 0]
[feature_contri: ]
[forcedsplits_filename: ]
[refit_decay_rate: 0.9]
[cegb_tradeoff: 1]
[cegb_penalty_split: 0]
[cegb_penalty_feature_lazy: ]
[cegb_penalty_feature_coupled: ]
[path_smooth: 0]
[interaction_constraints: ]
[verbosity: -1]
[saved_feature_importance_type: 0]
[use_quantized_grad: 0]
[num_grad_quant_bins: 4]
[quant_train_renew_leaf: 0]
[stochastic_rounding: 1]
[linear_tree: 0]
[max_bin: 255]
[max_bin_by_feature: ]
[min_data_in_bin: 3]
[bin_construct_sample_cnt: 200000]
[data_random_seed: 20260918]
[is_enable_sparse: 1]
[enable_bundle: 1]
[use_missing: 1]
[zero_as_missing: 0]
[feature_pre_filter: 1]
[pre_partition: 0]
[two_round: 0]
[header: 0]
[label_column: ]
[weight_column: ]
[group_column: ]
[ignore_column: ]
[categorical_feature: ]
[forcedbins_filename: ]
[precise_float_parser: 0]
[parser_config_file: ]
[objective_seed: 18429]
[num_class: 1]
[is_unbalance: 0]
[scale_pos_weight: 1]
[sigmoid: 1]
[boost_from_average: 1]
[reg_sqrt: 0]
[alpha: 0.9]
[fair_c: 1]
[poisson_max_delta_step: 0.7]
[tweedie_variance_power: 1.5]
[lambdarank_truncation_level: 30]
[lambdarank_norm: 1]
[label_gain: ]
[lambdarank_position_bias_regularization: 0]
[eval_at: ]
[multi_error_top_k: 1]
[auc_mu_weights: ]
[num_machines: 1]
[local_listen_port: 12400]
[time_out: 120]
[machine_list_filename: ]
[machines: ]
[gpu_platform_id: -1]
[gpu_device_id: -1]
[gpu_use_dp: 0]
[num_gpu: 1]

end of parameters

pandas_categorical:[]
